Provider,unique_physicians,unique_diagnosis_codes,unique_procedure_codes,dominant_state,dominant_gender,dominant_race,fraud,total_claims,inpatient_claims,outpatient_claims,avg_claim_amount_reimbursed,total_claim_amount_reimbursed,avg_deductible_amount,total_deductible_amount,unique_beneficiaries,avg_claim_duration,avg_patient_age,avg_chronic_condition_count,pct_claims_with_admit_diagnosis
PRV51001,19,72,3,1,2,1,0,25,5,20,4185.6,104640,213.6,5340.0,24,1.44,78.2094455852156,5.56,44.0
PRV51003,51,365,39,1,2,1,1,132,62,70,4588.409090909091,605670,502.1666666666667,66286.0,117,3.6742424242424243,69.5397921722357,4.545454545454546,59.09090909090909
PRV51004,48,267,0,1,2,1,0,149,0,149,350.13422818791946,52170,2.0805369127516777,310.0,138,1.429530201342282,71.73843418822266,4.342281879194631,18.79194630872483
PRV51005,7,1294,0,1,2,1,1,1165,0,1165,241.1244635193133,280910,3.1759656652360513,3700.0,495,1.088412017167382,70.02728332936756,4.335622317596567,21.630901287553648
PRV51007,11,165,1,1,2,1,0,72,3,69,468.19444444444446,33710,45.333333333333336,3264.0,58,0.9583333333333334,68.79017415773063,4.166666666666667,23.61111111111111
PRV51008,12,98,2,1,2,1,0,43,2,41,828.6046511627907,35630,53.86046511627907,2316.0,36,1.5348837209302326,75.14903777279022,3.9069767441860463,20.930232558139537
PRV51011,41,120,0,1,2,1,0,58,1,57,286.7241379310345,16630,23.586206896551722,1368.0,53,0.5517241379310345,73.87122660435696,4.586206896551724,22.413793103448278
PRV51012,24,105,0,1,2,1,0,48,0,48,351.875,16890,2.0833333333333335,100.0,31,3.7083333333333335,74.01517225644535,4.625,35.41666666666667
PRV51013,11,103,0,1,2,1,0,46,0,46,323.4782608695652,14880,5.0,230.0,44,1.4565217391304348,73.996964556736,4.413043478260869,26.08695652173913
PRV51014,9,93,0,1,2,1,0,30,0,30,349.3333333333333,10480,4.0,120.0,25,0.4666666666666667,70.61419119324663,4.333333333333333,16.666666666666664
PRV51015,6,22,0,1,2,1,0,8,0,8,87.5,700,0.0,0.0,7,0.375,71.5886379192334,6.375,0.0
PRV51016,3,21,0,1,1,1,0,6,0,6,28.333333333333332,170,0.0,0.0,6,0.3333333333333333,70.29158110882956,5.5,33.33333333333333
PRV51017,121,723,2,25,2,1,0,515,0,515,277.126213592233,142720,2.0388349514563107,1050.0,420,1.3572815533980582,72.17649834200542,4.36504854368932,23.689320388349515
PRV51021,80,520,18,1,2,1,1,257,29,228,1357.3151750972763,348830,122.53696498054475,31492.0,208,2.0,72.59830029535763,4.715953307392996,33.46303501945525
PRV51023,17,130,5,1,2,1,0,36,9,27,1822.5,65610,246.4,8624.0,35,3.6666666666666665,72.84789717849266,4.361111111111111,33.33333333333333
PRV51024,14,112,7,1,2,1,0,39,9,30,1642.3076923076924,64050,248.76923076923077,9702.0,38,1.641025641025641,68.19572123062883,4.717948717948718,46.15384615384615
PRV51025,42,222,11,1,2,1,0,87,13,74,1360.344827586207,118350,164.183908045977,14284.0,76,2.1724137931034484,73.55214110945896,4.436781609195402,33.33333333333333
PRV51026,37,142,0,1,2,1,0,76,0,76,261.05263157894734,19840,4.473684210526316,340.0,56,1.0921052631578947,69.63013797326992,4.078947368421052,14.473684210526317
PRV51027,10,106,0,1,2,1,0,53,0,53,563.0188679245283,29840,0.0,0.0,44,2.1320754716981134,73.01439954541345,4.830188679245283,15.09433962264151
PRV51029,45,202,0,1,2,1,0,93,0,93,329.6774193548387,30660,1.7204301075268817,160.0,79,0.6989247311827957,70.95726156042775,3.913978494623656,18.27956989247312
PRV51030,54,465,48,1,2,1,0,171,82,89,4326.081871345029,739760,510.2823529411765,86748.0,145,3.198830409356725,71.86725426388239,4.7894736842105265,60.23391812865497
PRV51031,70,384,23,1,2,1,0,185,28,157,1944.4324324324325,359720,163.48108108108107,30244.0,157,2.0,72.6351961818081,4.956756756756757,33.513513513513516
PRV51032,13,47,0,11,2,1,0,23,0,23,235.65217391304347,5420,2.1739130434782608,50.0,21,0.9130434782608695,69.46475017111567,4.434782608695652,30.434782608695656
PRV51035,22,59,1,1,2,1,0,30,1,29,1085.3333333333333,32560,47.6,1428.0,25,2.2666666666666666,73.88683550079854,4.933333333333334,23.333333333333332
PRV51036,5,463,0,1,2,1,0,278,0,278,269.3525179856115,74880,5.071942446043166,1410.0,131,1.0503597122302157,72.64706838225518,4.399280575539568,15.827338129496402
PRV51037,4,690,12,1,2,1,1,454,23,431,753.8105726872246,342230,56.220264317180614,25524.0,206,1.5330396475770924,71.9163689103173,4.656387665198238,25.770925110132158
PRV51038,54,323,14,1,2,1,0,141,30,111,1882.9078014184397,265490,222.8,31192.0,107,1.7801418439716312,71.59196314580997,4.843971631205674,34.751773049645394
PRV51040,17,206,7,1,2,1,0,86,9,77,865.9302325581396,74470,103.34117647058824,8784.0,69,1.6627906976744187,71.21188099899719,4.372093023255814,30.23255813953488
PRV51041,11,76,0,1,2,1,0,34,0,34,217.94117647058823,7410,7.9411764705882355,270.0,31,2.3529411764705883,70.36373152957282,4.088235294117647,11.76470588235294
PRV51042,73,258,0,1,2,1,0,142,0,142,338.38028169014086,48050,2.183098591549296,310.0,128,1.232394366197183,72.64636415343533,4.070422535211268,26.056338028169012
PRV51043,7,42,0,1,2,1,0,23,0,23,194.7826086956522,4480,0.0,0.0,20,0.0,74.10683569919352,4.260869565217392,17.391304347826086
PRV51044,1,118,0,1,1,1,0,59,0,59,361.52542372881356,21330,2.2033898305084745,130.0,39,2.152542372881356,69.22985185442987,4.508474576271187,22.033898305084744
PRV51045,16,71,0,1,2,1,0,31,0,31,270.64516129032256,8390,1.2903225806451613,40.0,29,2.2580645161290325,71.42920226976663,4.483870967741935,16.129032258064516
PRV51046,6,111,5,1,2,1,0,38,8,30,2878.157894736842,109370,227.47368421052633,8644.0,26,1.631578947368421,72.14467379948846,5.105263157894737,34.21052631578947
PRV51047,12,22,0,1,1,1,0,11,0,11,230.0,2530,0.0,0.0,11,3.090909090909091,70.575570904113,3.909090909090909,27.27272727272727
PRV51048,17,97,3,1,2,1,0,38,4,34,728.9473684210526,27700,114.52631578947368,4352.0,33,0.6052631578947368,70.35138153391694,4.921052631578948,23.684210526315788
PRV51049,44,147,0,1,2,1,0,71,0,71,305.9154929577465,21720,2.676056338028169,190.0,65,1.7887323943661972,70.76264568933107,4.661971830985915,23.943661971830984
PRV51052,17,116,1,1,2,1,1,46,2,44,669.5652173913044,30800,51.0,2346.0,37,2.282608695652174,71.60217837693064,4.1521739130434785,30.434782608695656
PRV51053,2,9,1,10,1,1,0,1,1,0,8000.0,8000,1068.0,1068.0,1,5.0,68.17248459958932,4.0,100.0
PRV51054,3,124,0,1,2,1,0,57,0,57,265.43859649122805,15130,2.456140350877193,140.0,40,2.3508771929824563,70.38697359414965,3.456140350877193,22.807017543859647
PRV51055,7,72,2,1,2,1,0,22,2,20,983.6363636363636,21640,100.27272727272727,2206.0,22,0.5909090909090909,68.70437433887126,4.681818181818182,27.27272727272727
PRV51056,7,61,2,1,2,1,0,22,2,20,668.1818181818181,14700,97.54545454545455,2146.0,21,0.7272727272727273,76.76983386223633,5.545454545454546,36.36363636363637
PRV51057,1,20,0,1,2,1,0,5,0,5,1366.0,6830,0.0,0.0,4,0.0,78.21601642710473,3.2,20.0
PRV51058,38,200,5,1,2,1,0,83,5,78,1289.5180722891566,107030,66.74698795180723,5540.0,75,1.3012048192771084,73.414776147712,4.518072289156627,25.301204819277107
PRV51059,41,266,22,1,2,1,1,96,25,71,4386.041666666667,421060,280.625,26940.0,82,2.4791666666666665,74.09094798083504,4.208333333333333,44.79166666666667
PRV51060,32,116,0,1,1,1,0,42,5,37,1040.7142857142858,43710,127.14285714285714,5340.0,42,2.3095238095238093,71.37374922590529,4.523809523809524,33.33333333333333
PRV51061,6,260,2,1,2,1,0,145,1,144,378.8965517241379,54940,9.158620689655173,1328.0,67,2.393103448275862,76.9743538908164,4.062068965517241,21.379310344827587
PRV51062,7,634,5,1,2,1,0,397,3,394,386.3476070528967,153380,9.934508816120907,3944.0,166,1.5969773299748111,72.79190782339138,4.738035264483627,22.16624685138539
PRV51063,4,286,0,1,2,1,0,149,0,149,343.02013422818794,51110,1.0738255033557047,160.0,115,1.610738255033557,69.41284125518514,4.469798657718121,28.187919463087248
PRV51064,129,573,20,1,2,1,1,303,36,267,1189.1749174917493,360320,128.54125412541254,38948.0,227,1.9504950495049505,72.94642893447455,4.702970297029703,27.722772277227726
PRV51065,11,108,9,1,2,1,0,28,10,18,2734.6428571428573,76570,360.0740740740741,9722.0,26,2.9285714285714284,75.12975457123301,4.571428571428571,57.14285714285714
PRV51066,10,70,2,1,2,1,0,24,2,22,1032.9166666666667,24790,93.16666666666667,2236.0,21,1.0833333333333333,68.60677618069815,3.875,41.66666666666667
PRV51067,26,173,11,1,2,1,1,58,12,46,5767.586206896552,334520,225.79310344827587,13096.0,49,2.310344827586207,67.98399773419246,4.5,29.310344827586203
PRV51068,91,495,3,1,2,1,0,261,9,252,548.8888888888889,143260,34.55384615384615,8984.0,214,1.3754789272030652,70.72525247757139,4.287356321839081,27.969348659003828
PRV51070,61,222,6,25,2,1,0,99,10,89,1266.7676767676767,125410,110.9090909090909,10980.0,69,1.9090909090909092,69.96245825814614,3.9696969696969697,31.313131313131315
PRV51071,12,55,0,1,2,1,0,24,0,24,356.25,8550,2.0833333333333335,50.0,24,2.0833333333333335,68.4880219028063,4.875,16.666666666666664
PRV51072,76,417,6,1,2,1,0,212,12,200,562.122641509434,119170,57.71563981042654,12178.0,160,1.5377358490566038,72.29147779370552,4.433962264150943,25.943396226415093
PRV51074,17,114,1,1,2,1,0,39,5,34,1055.6410256410256,41170,138.97435897435898,5420.0,39,1.8974358974358974,73.02683444777901,4.615384615384615,25.64102564102564
PRV51075,4,38,0,1,2,1,0,17,0,17,502.94117647058823,8550,4.117647058823529,70.0,13,1.1764705882352942,76.82409308692677,4.470588235294118,11.76470588235294
PRV51076,9,67,0,1,2,1,0,29,0,29,352.7586206896552,10230,1.7241379310344827,50.0,27,1.1724137931034482,75.69194458212372,4.758620689655173,17.24137931034483
PRV51077,12,127,8,1,2,1,1,33,16,17,6192.424242424242,204350,506.875,16220.0,30,4.181818181818182,70.36069109991081,5.696969696969697,57.57575757575758
PRV51078,16,91,8,1,2,1,0,23,9,14,3403.0434782608695,78270,392.90909090909093,8644.0,23,2.652173913043478,70.72928012379847,4.217391304347826,56.52173913043478
PRV51081,4,395,8,1,2,1,0,200,6,194,620.4,124080,35.84,7168.0,131,1.62,72.26933607118411,4.615,21.5
PRV51082,9,69,0,1,2,1,0,34,0,34,160.88235294117646,5470,2.0588235294117645,70.0,31,1.1764705882352942,72.52550630108306,3.8529411764705883,17.647058823529413
PRV51083,21,183,0,1,2,1,0,90,0,90,201.11111111111111,18100,1.5555555555555556,140.0,81,1.3777777777777778,74.79689710244125,4.711111111111111,31.11111111111111
PRV51084,34,247,11,1,1,1,1,110,20,90,1959.8181818181818,215580,199.0,21890.0,85,1.6727272727272726,72.34763238130795,4.4363636363636365,36.36363636363637
PRV51086,25,356,24,1,2,1,0,139,31,108,3209.856115107914,446170,238.61870503597123,33168.0,115,2.7985611510791366,74.6629439774669,4.41726618705036,39.568345323741006
PRV51089,82,452,16,1,2,1,0,228,18,210,1012.719298245614,230900,82.36123348017621,18696.0,197,1.6929824561403508,71.07395799560503,4.390350877192983,26.31578947368421
PRV51090,3,15,0,1,1,1,0,7,0,7,832.8571428571429,5830,8.571428571428571,60.0,7,5.714285714285714,71.83299110198494,4.285714285714286,28.57142857142857
PRV51091,24,104,0,1,1,1,0,44,0,44,210.6818181818182,9270,1.8181818181818181,80.0,44,0.9318181818181818,69.04573455292142,4.5,13.636363636363635
PRV51093,10,32,2,10,2,1,0,9,2,7,1523.3333333333333,13710,237.33333333333334,2136.0,9,1.4444444444444444,75.64651304281693,4.666666666666667,33.33333333333333
PRV51096,4,8,0,1,1,1,0,5,0,5,640.0,3200,20.0,100.0,5,4.0,84.83668720054757,4.8,20.0
PRV51097,1,247,0,1,2,1,0,125,0,125,355.36,44420,1.84,230.0,71,1.744,70.84854757015744,3.92,19.2
PRV51098,2,13,0,1,1,1,0,4,0,4,75.0,300,0.0,0.0,4,0.0,82.03285420944559,6.0,25.0
PRV51100,4,41,4,1,2,1,0,5,5,0,15600.0,78000,1068.0,5340.0,5,6.0,70.37590691307324,3.6,100.0
PRV51101,1,22,1,1,1,1,0,3,3,0,5533.333333333333,16600,1068.0,3204.0,3,3.3333333333333335,56.76020990189369,6.333333333333333,100.0
PRV51102,4,88,10,1,1,1,0,12,12,0,12333.333333333334,148000,1068.0,12816.0,11,4.0,80.0041067761807,4.75,100.0
PRV51103,2,8,0,1,1,1,1,6,0,6,73.33333333333333,440,10.0,60.0,4,0.0,76.98562628336755,7.166666666666667,50.0
PRV51104,2,28,0,1,2,1,0,12,0,12,158.33333333333334,1900,9.166666666666666,110.0,9,1.1666666666666667,78.83070955966234,5.0,8.333333333333332
PRV51105,2,28,0,1,1,1,0,12,0,12,545.0,6540,0.0,0.0,12,3.3333333333333335,76.077800593201,5.083333333333333,8.333333333333332
PRV51108,7,107,6,1,2,1,0,19,19,0,8210.526315789473,156000,1068.0,19224.0,19,5.2631578947368425,71.91901725566484,5.947368421052632,100.0
PRV51109,2,25,4,1,1,1,0,3,3,0,6000.0,18000,1068.0,3204.0,3,6.333333333333333,56.32306639288159,8.333333333333334,100.0
PRV51110,5,42,4,1,1,1,0,5,5,0,5400.0,27000,1068.0,5340.0,5,10.2,68.0350444900753,5.6,100.0
PRV51111,4,278,0,1,2,1,0,132,0,132,415.6060606060606,54860,1.5151515151515151,200.0,85,2.462121212121212,72.70908261257338,4.492424242424242,19.696969696969695
PRV51112,8,465,0,1,2,1,0,304,0,304,346.2171052631579,105250,2.664473684210526,810.0,195,1.8453947368421053,71.2506934687849,4.3618421052631575,22.36842105263158
PRV51113,2,255,1,1,2,1,0,132,0,132,351.43939393939394,46390,4.166666666666667,550.0,78,1.5454545454545454,71.3996847323336,4.257575757575758,21.21212121212121
PRV51114,5,376,0,1,2,1,0,262,0,262,292.82442748091603,76720,2.1374045801526718,560.0,160,1.1984732824427482,70.32999461834673,4.484732824427481,28.24427480916031
PRV51115,5,13,0,1,2,1,0,7,0,7,140.0,980,2.857142857142857,20.0,6,0.0,72.59254913464359,4.142857142857143,28.57142857142857
PRV51117,5,28,0,1,1,1,0,12,0,12,162.5,1950,0.0,0.0,10,1.75,68.71937029431895,5.75,16.666666666666664
PRV51118,4,106,14,1,2,1,0,16,16,0,8500.0,136000,1068.0,14952.0,16,4.25,67.08247775496235,5.0625,100.0
PRV51119,8,357,51,1,2,1,1,95,94,1,11374.526315789473,1080580,1065.7692307692307,96985.0,81,6.042105263157895,74.8718901977737,5.3578947368421055,100.0
PRV51120,1,51,5,1,2,1,0,7,7,0,7428.571428571428,52000,1068.0,7476.0,7,4.142857142857143,61.05720152537401,5.0,100.0
PRV51121,3,41,5,1,2,1,0,7,6,1,11582.857142857143,81080,915.4285714285714,6408.0,7,5.571428571428571,66.4167400019556,4.428571428571429,85.71428571428571
PRV51122,7,14,0,2,2,1,0,7,0,7,160.0,1120,0.0,0.0,7,0.0,66.62286105407256,2.857142857142857,0.0
PRV51123,23,88,1,2,1,1,0,31,2,29,868.0645161290323,26910,70.19354838709677,2176.0,28,2.4838709677419355,68.99269170475371,4.290322580645161,29.03225806451613
PRV51125,41,140,10,2,1,1,0,48,12,36,2735.625,131310,272.8333333333333,13096.0,32,2.4791666666666665,70.57072781200091,4.354166666666667,41.66666666666667
PRV51126,4,110,12,2,1,1,1,20,20,0,8850.0,177000,1068.0,21360.0,14,6.5,69.80862422997947,5.65,100.0
PRV51128,26,153,3,2,2,1,0,50,5,45,2044.4,102220,106.8,5340.0,38,2.34,68.1268720054757,5.0,36.0
PRV51129,71,194,0,2,2,1,0,96,0,96,238.75,22920,5.0,480.0,65,1.3541666666666667,73.620636550308,4.1875,12.5
PRV51130,2,19,0,2,1,1,0,7,0,7,710.0,4970,0.0,0.0,7,2.857142857142857,61.762784785372055,4.714285714285714,57.14285714285714
PRV51131,5,30,0,2,1,1,0,8,0,8,145.0,1160,8.75,70.0,8,0.0,74.36618754277892,4.125,0.0
PRV51132,6,18,1,2,2,1,0,8,1,7,666.25,5330,133.5,1068.0,6,1.75,74.19678302532512,2.375,25.0
PRV51134,3,28,0,2,1,1,0,15,0,15,507.3333333333333,7610,5.333333333333333,80.0,12,2.6666666666666665,63.49112480036504,4.333333333333333,33.33333333333333
PRV51135,1,8,0,2,1,1,0,5,0,5,60.0,300,0.0,0.0,2,0.0,67.50609171800137,4.2,20.0
PRV51136,1,9,2,2,1,1,0,1,1,0,20000.0,20000,1068.0,1068.0,1,2.0,70.50239561943874,2.0,100.0
PRV51137,30,129,1,3,2,1,0,55,1,54,291.8181818181818,16050,24.509090909090908,1348.0,51,0.2,72.09318648497293,4.836363636363636,10.909090909090908
PRV51138,12,60,1,32,2,1,0,26,1,25,516.5384615384615,13430,41.07692307692308,1068.0,21,1.5384615384615385,72.49702521981783,3.923076923076923,15.384615384615385
PRV51139,43,115,1,3,2,1,0,43,7,36,1222.7906976744187,52580,174.7906976744186,7516.0,42,2.4651162790697674,74.34780255638859,4.372093023255814,34.883720930232556
PRV51140,11,758,19,3,2,1,0,487,47,440,930.4517453798768,453130,103.74074074074075,50418.0,394,2.1047227926078027,72.89436084254969,4.441478439425051,25.051334702258725
PRV51141,8,160,0,3,1,1,0,71,0,71,274.50704225352115,19490,2.3943661971830985,170.0,37,1.732394366197183,74.50968370111153,3.4507042253521125,28.169014084507044
PRV51142,16,131,6,3,2,1,0,51,7,44,2050.392156862745,104570,147.76470588235293,7536.0,38,1.9215686274509804,72.87874273597187,4.176470588235294,27.450980392156865
PRV51143,31,160,0,3,1,1,0,77,0,77,265.5844155844156,20450,4.545454545454546,350.0,68,0.987012987012987,72.10720285874291,3.844155844155844,22.07792207792208
PRV51144,17,83,3,3,2,1,0,30,4,26,2040.6666666666667,61220,149.73333333333332,4492.0,29,1.8,76.66593657312343,4.233333333333333,30.0
PRV51145,44,549,80,3,2,1,1,202,161,41,7952.227722772277,1606350,846.4365482233502,166748.0,161,4.900990099009901,73.10667452782239,5.183168316831683,84.15841584158416
PRV51146,101,710,74,3,2,1,1,352,162,190,4775.3125,1680910,490.48571428571427,171670.0,334,3.4232954545454546,74.10046045672328,4.8352272727272725,57.38636363636363
PRV51147,28,76,0,3,1,1,0,32,0,32,276.875,8860,6.5625,210.0,32,2.5,71.57229637234771,3.65625,37.5
PRV51148,73,599,26,5,2,1,1,330,34,296,1480.7878787878788,488660,110.3161094224924,36294.0,263,1.8484848484848484,73.54983925497272,4.415151515151515,28.78787878787879
PRV51149,32,476,61,3,2,1,1,148,116,32,7572.1621621621625,1120680,837.5540540540541,123958.0,136,4.6891891891891895,71.72593743640971,5.412162162162162,81.08108108108108
PRV51151,129,451,12,5,1,1,0,233,22,211,863.9484978540772,201300,100.42241379310344,23298.0,225,1.6952789699570816,73.48587744886359,4.690987124463519,26.180257510729614
PRV51152,5,179,0,3,1,1,0,83,0,83,310.48192771084337,25770,6.024096385542169,500.0,39,1.7228915662650603,73.28203986376718,4.686746987951807,28.915662650602407
PRV51153,64,188,5,3,2,1,0,87,4,83,821.7241379310345,71490,56.3448275862069,4902.0,83,1.4022988505747127,72.65799680584075,4.425287356321839,20.689655172413794
PRV51154,3,297,0,3,2,1,0,161,0,161,284.16149068322983,45750,4.906832298136646,790.0,147,1.3229813664596273,74.55827498395126,4.472049689440993,19.25465838509317
PRV51155,2,212,0,3,2,1,0,115,0,115,228.95652173913044,26330,1.391304347826087,160.0,110,1.0434782608695652,72.98524536499717,4.113043478260869,13.91304347826087
PRV51156,3,742,0,3,2,1,0,542,0,542,259.48339483394835,140640,3.1734317343173433,1720.0,425,1.367158671586716,73.40335058381385,4.212177121771218,17.89667896678967
PRV51159,115,860,35,13,2,1,1,569,65,504,1402.091388400703,797790,123.81370826010544,70450.0,506,1.7398945518453428,74.05283955785394,4.3427065026362035,27.592267135325134
PRV51160,34,403,51,3,2,1,0,114,90,24,7649.298245614035,872020,843.3333333333334,96140.0,110,4.87719298245614,73.43429758516758,5.482456140350878,83.33333333333334
PRV51164,10,660,23,3,2,1,0,391,41,350,1424.5012787723786,556980,113.93350383631713,44548.0,334,1.659846547314578,73.12870874624289,4.368286445012788,29.66751918158568
PRV51165,88,281,21,3,2,1,0,98,26,72,3364.285714285714,329700,286.61224489795916,28088.0,97,2.4489795918367347,75.04435038902625,4.357142857142857,43.87755102040816
PRV51166,5,17,1,3,1,1,0,5,1,4,4974.0,24870,213.6,1068.0,5,3.2,71.47049965776866,3.8,40.0
PRV51167,23,348,0,50,2,1,0,190,0,190,273.57894736842104,51980,2.1578947368421053,410.0,182,1.7421052631578948,74.20218307575921,4.426315789473684,18.947368421052634
PRV51168,21,188,6,5,2,1,0,87,9,78,924.9425287356322,80470,112.4367816091954,9782.0,86,0.7701149425287356,73.41408419677909,4.413793103448276,26.436781609195403
PRV51169,64,163,0,3,2,1,0,77,0,77,251.6883116883117,19380,0.6493506493506493,50.0,74,1.4935064935064934,74.66453327644292,4.467532467532467,22.07792207792208
PRV51170,12,70,8,3,2,1,1,16,8,8,9113.75,145820,534.0,8544.0,16,3.125,72.74555099247091,5.1875,50.0
PRV51171,50,129,0,3,2,1,0,59,0,59,234.23728813559322,13820,3.389830508474576,200.0,59,1.576271186440678,72.90158818547778,4.4576271186440675,15.254237288135593
PRV51173,19,78,8,3,1,1,1,22,7,15,4376.818181818182,96290,348.90909090909093,7676.0,21,4.318181818181818,73.03752100056,3.909090909090909,36.36363636363637
PRV51175,26,94,0,3,2,1,0,41,0,41,235.3658536585366,9650,2.1951219512195124,90.0,39,0.6585365853658537,71.54337991018514,4.7317073170731705,19.51219512195122
PRV51176,144,637,0,32,2,1,0,445,0,445,328.0449438202247,145980,1.9550561797752808,870.0,399,2.0651685393258425,72.87238385283283,4.548314606741573,18.876404494382022
PRV51178,22,239,24,3,1,1,1,65,34,31,6633.538461538462,431180,563.1076923076923,36602.0,64,4.523076923076923,71.0245248249355,4.676923076923077,58.46153846153847
PRV51179,17,76,0,3,1,1,0,26,0,26,192.30769230769232,5000,0.0,0.0,26,0.8076923076923077,70.2856841994419,4.1923076923076925,15.384615384615385
PRV51180,3,273,1,3,2,1,0,129,2,127,730.5426356589147,94240,18.728682170542637,2416.0,86,1.6124031007751938,73.91044681088137,4.410852713178294,21.705426356589147
PRV51181,7,18,0,3,2,1,0,10,0,10,215.0,2150,0.0,0.0,10,2.6,77.54770704996578,4.7,10.0
PRV51183,13,321,22,3,2,1,0,113,41,72,3148.5840707964603,355790,382.05357142857144,42790.0,105,2.504424778761062,73.21366744804445,4.601769911504425,52.21238938053098
PRV51185,5,16,0,3,1,1,0,8,0,8,198.75,1590,0.0,0.0,8,0.0,72.98220396988364,3.875,12.5
PRV51186,1,7,0,3,2,1,0,2,0,2,50.0,100,0.0,0.0,2,0.0,74.42026009582477,3.0,50.0
PRV51189,11,122,0,3,2,1,0,56,0,56,156.07142857142858,8740,4.285714285714286,240.0,51,0.6071428571428571,73.0895179427007,3.767857142857143,23.214285714285715
PRV51190,27,133,2,5,2,1,0,66,3,63,595.6060606060606,39310,53.54545454545455,3534.0,64,0.6060606060606061,73.51768195300023,4.803030303030303,34.84848484848485
PRV51191,31,83,0,3,1,1,0,32,0,32,343.4375,10990,2.8125,90.0,30,3.15625,71.07298083504449,3.65625,28.125
PRV51194,5,29,1,3,2,1,0,9,2,7,2060.0,18540,237.33333333333334,2136.0,9,0.6666666666666666,72.30146779222754,3.5555555555555554,33.33333333333333
PRV51196,1,911,0,3,2,1,0,720,0,720,273.69444444444446,197060,2.4305555555555554,1750.0,432,1.4027777777777777,74.73886607346566,4.2027777777777775,20.0
PRV51198,2,10,0,46,1,3,0,6,0,6,60.0,360,5.0,30.0,3,0.0,79.40679899612138,1.8333333333333333,0.0
PRV51200,4,49,0,3,2,1,0,19,0,19,232.6315789473684,4420,0.0,0.0,16,1.5789473684210527,70.57545300623221,4.526315789473684,10.526315789473683
PRV51201,3,104,0,3,2,1,0,45,0,45,236.88888888888889,10660,1.1111111111111112,50.0,41,0.9777777777777777,73.60164271047228,4.355555555555555,11.11111111111111
PRV51202,5,22,0,3,2,1,0,12,0,12,417.5,5010,0.0,0.0,12,3.6666666666666665,70.22929500342231,4.166666666666667,16.666666666666664
PRV51203,6,45,0,3,2,1,0,21,0,21,730.4761904761905,15340,3.8095238095238093,80.0,20,1.2380952380952381,66.46471757765391,4.095238095238095,38.095238095238095
PRV51204,3,684,0,3,2,1,0,499,0,499,310.9819639278557,155180,1.2024048096192386,600.0,398,1.6673346693386772,72.87965115720833,4.162324649298597,17.034068136272545
PRV51205,7,29,0,3,1,1,0,10,0,10,466.0,4660,7.0,70.0,10,2.0,74.91663244353182,4.3,30.0
PRV51206,10,20,0,3,1,1,0,10,0,10,156.0,1560,0.0,0.0,10,0.6,74.6031485284052,4.7,30.0
PRV51207,3,23,3,3,1,1,0,3,3,0,17000.0,51000,1068.0,3204.0,3,14.0,69.40816792151494,4.333333333333333,100.0
PRV51209,2,91,0,3,2,1,0,42,0,42,235.95238095238096,9910,4.0476190476190474,170.0,38,0.8333333333333334,73.73403735210717,4.428571428571429,16.666666666666664
PRV51210,3,17,0,3,2,1,0,9,0,9,321.1111111111111,2890,0.0,0.0,9,0.0,80.76994448247015,3.4444444444444446,11.11111111111111
PRV51211,2,4,0,3,1,1,0,2,0,2,50.0,100,0.0,0.0,2,0.0,70.4476386036961,4.0,0.0
PRV51212,2,48,0,3,2,1,0,15,0,15,417.3333333333333,6260,4.666666666666667,70.0,15,1.9333333333333333,71.71270819073693,5.066666666666666,13.333333333333334
PRV51213,2,4,0,3,1,1,0,2,0,2,25.0,50,0.0,0.0,2,0.0,73.32785763175906,3.5,0.0
PRV51214,3,28,0,3,2,1,0,8,0,8,400.0,3200,0.0,0.0,8,0.75,70.13415468856947,4.375,25.0
PRV51215,1,23,0,3,2,1,0,10,0,10,161.0,1610,0.0,0.0,10,0.7,81.01026694045174,4.1,20.0
PRV51216,2,136,0,3,2,1,0,71,0,71,219.1549295774648,15560,8.028169014084508,570.0,66,1.8309859154929577,73.47681985134626,4.23943661971831,14.084507042253522
PRV51217,2,11,0,3,2,1,0,5,0,5,586.0,2930,0.0,0.0,5,4.0,70.85722108145106,3.4,0.0
PRV51218,1,16,0,3,2,1,0,7,0,7,74.28571428571429,520,0.0,0.0,7,0.0,62.82350640461523,3.4285714285714284,14.285714285714285
PRV51219,3,16,0,3,1,1,0,8,0,8,666.25,5330,0.0,0.0,8,2.5,71.13244353182752,4.375,37.5
PRV51221,1,1,0,3,2,1,0,1,0,1,70.0,70,0.0,0.0,1,0.0,79.60848733744011,5.0,0.0
PRV51222,2,11,0,3,1,1,0,5,0,5,172.0,860,0.0,0.0,3,0.0,75.639151266256,3.4,0.0
PRV51224,1,13,0,29,2,1,0,7,0,7,447.14285714285717,3130,0.0,0.0,7,0.0,76.29295003422314,4.0,42.857142857142854
PRV51225,2,18,0,3,2,1,0,8,0,8,148.75,1190,0.0,0.0,8,0.0,73.99418206707735,3.375,12.5
PRV51226,3,46,0,3,2,1,0,20,0,20,371.5,7430,13.5,270.0,19,1.0,75.7063655030801,3.8,5.0
PRV51228,2,18,0,3,1,1,0,5,0,5,86.0,430,14.0,70.0,5,0.0,69.31416837782339,2.8,0.0
PRV51229,2,91,0,3,2,1,0,47,0,47,264.0425531914894,12410,2.3404255319148937,110.0,44,1.2127659574468086,73.02448046368707,3.9148936170212765,21.27659574468085
PRV51230,2,65,0,3,2,1,0,30,0,30,416.3333333333333,12490,0.0,0.0,30,1.0,70.38457677389916,4.8,16.666666666666664
PRV51231,2,15,3,3,1,1,0,2,2,0,8000.0,16000,1068.0,2136.0,2,9.5,69.34976043805612,5.5,100.0
PRV51232,2,9,1,3,2,1,0,1,1,0,26000.0,26000,1068.0,1068.0,1,9.0,89.74674880219028,7.0,100.0
PRV51233,3,17,2,3,1,1,0,3,3,0,9000.0,27000,1068.0,3204.0,3,4.333333333333333,67.3593429158111,3.3333333333333335,100.0
PRV51234,1,37,6,3,1,1,0,5,5,0,5800.0,29000,1068.0,5340.0,5,8.2,71.30020533880904,3.6,100.0
PRV51235,1,12,1,3,1,1,0,2,2,0,5000.0,10000,1068.0,2136.0,2,2.5,53.960301163586585,5.0,100.0
PRV51236,1,6,0,43,1,1,0,1,1,0,12000.0,12000,1068.0,1068.0,1,1.0,35.775496235455165,4.0,100.0
PRV51237,2,4,1,3,1,1,0,1,1,0,19000.0,19000,1068.0,1068.0,1,1.0,90.53798767967146,7.0,100.0
PRV51238,2,64,5,3,1,1,0,8,8,0,16500.0,132000,1068.0,4272.0,8,13.625,73.84223134839151,6.375,100.0
PRV51239,1,9,0,3,2,1,0,1,1,0,5000.0,5000,1068.0,1068.0,1,3.0,81.57152635181383,4.0,100.0
PRV51240,31,170,8,4,2,1,0,60,11,49,1567.0,94020,196.46666666666667,11788.0,38,2.95,70.69687428701803,4.15,31.666666666666664
PRV51241,26,152,5,4,2,1,0,60,10,50,1503.5,90210,165.6271186440678,9772.0,47,1.8166666666666667,73.5430983344741,4.916666666666667,36.666666666666664
PRV51242,63,252,8,4,2,1,1,111,11,100,1055.855855855856,117200,100.9090909090909,11100.0,87,1.5855855855855856,72.77096398246296,4.495495495495495,36.03603603603604
PRV51243,5,69,0,4,2,1,0,36,0,36,175.83333333333334,6330,7.5,270.0,15,0.6666666666666666,78.19704920526276,4.555555555555555,19.444444444444446
PRV51244,22,1609,79,4,2,1,1,1415,200,1215,1522.2544169611308,2153990,150.18993621545005,211918.0,659,1.9201413427561838,71.59321341933861,4.460070671378092,31.59010600706714
PRV51245,31,319,3,4,2,1,0,173,4,169,483.4104046242775,83630,22.63953488372093,3894.0,58,1.5260115606936415,69.88794593931624,4.867052023121388,18.497109826589593
PRV51247,13,126,6,4,2,1,0,34,10,24,2242.3529411764707,76240,294.6060606060606,9722.0,26,2.264705882352941,74.34134557313686,4.264705882352941,52.94117647058824
PRV51248,3,12,1,4,1,1,0,2,1,1,11750.0,23500,534.0,1068.0,2,3.0,83.2621492128679,6.5,50.0
PRV51249,43,372,25,4,2,1,1,126,51,75,4137.539682539683,521330,418.4878048780488,51474.0,101,3.5476190476190474,73.38928544267353,4.571428571428571,56.34920634920635
PRV51250,44,164,0,4,1,1,0,85,0,85,265.4117647058824,22560,3.2941176470588234,280.0,71,1.2352941176470589,70.39082014736078,4.023529411764706,17.647058823529413
PRV51251,10,43,0,4,1,1,0,11,0,11,326.3636363636364,3590,0.0,0.0,10,3.8181818181818183,71.1472839275714,5.0,9.090909090909092
PRV51252,46,236,10,4,2,1,0,87,18,69,1780.8045977011495,154930,213.4418604651163,18356.0,76,1.7586206896551724,69.85604254683062,4.655172413793103,34.48275862068966
PRV51253,47,181,0,4,2,1,0,85,0,85,255.76470588235293,21740,3.5294117647058822,300.0,76,1.0235294117647058,71.65448323066393,4.764705882352941,21.176470588235293
PRV51255,26,156,2,4,1,1,0,74,2,72,548.2432432432432,40570,29.675675675675677,2196.0,62,2.2837837837837838,72.91348021532826,4.472972972972973,27.027027027027028
PRV51256,45,191,0,4,1,1,0,95,0,95,405.7894736842105,38550,0.0,0.0,80,1.7473684210526317,71.75342051226629,4.526315789473684,20.0
PRV51258,9,72,6,4,2,1,0,14,8,6,7118.571428571428,99660,624.5714285714286,8744.0,12,4.142857142857143,76.00919135621395,5.214285714285714,64.28571428571429
PRV51259,11,52,4,4,2,1,0,21,4,17,7236.190476190476,151960,203.42857142857142,4272.0,19,2.142857142857143,76.71770802776963,4.285714285714286,19.047619047619047
PRV51260,27,129,2,4,2,1,0,62,3,59,1490.1612903225807,92390,51.67741935483871,3204.0,55,2.629032258064516,68.46450729725554,4.661290322580645,30.64516129032258
PRV51261,50,319,20,4,2,1,0,142,26,116,1902.605633802817,270170,192.3404255319149,27120.0,123,2.6338028169014085,72.17703483047498,4.774647887323944,34.50704225352113
PRV51262,20,123,0,4,2,1,0,60,0,60,271.1666666666667,16270,0.6666666666666666,40.0,52,1.2666666666666666,73.34547113848961,4.816666666666666,20.0
PRV51263,11,163,11,4,2,1,1,44,18,26,4958.409090909091,218170,438.5,19294.0,37,4.75,71.86435193827391,4.340909090909091,54.54545454545454
PRV51264,25,74,0,4,2,1,0,39,0,39,135.12820512820514,5270,3.076923076923077,120.0,35,0.6153846153846154,73.2547780761333,3.7435897435897436,20.51282051282051
PRV51265,5,330,1,4,2,1,0,160,0,160,286.0625,45770,4.6875,750.0,84,1.58125,68.81569130732376,4.13125,21.25
PRV51266,64,230,4,4,2,1,0,92,10,82,1118.4782608695652,102900,107.27472527472527,9762.0,82,1.6630434782608696,74.13689253935661,4.760869565217392,30.434782608695656
PRV51267,6,51,2,4,1,1,0,14,2,12,919.2857142857143,12870,154.71428571428572,2166.0,14,0.42857142857142855,76.24366872005476,5.0,28.57142857142857
PRV51271,33,237,0,4,2,1,0,123,2,121,351.0569105691057,43180,18.991869918699187,2336.0,90,0.8130081300813008,72.78571865800794,4.211382113821138,22.76422764227642
PRV51272,5,191,0,4,2,1,0,79,2,77,642.5316455696203,50760,34.88607594936709,2756.0,31,2.0253164556962027,73.23709267971478,4.291139240506329,17.72151898734177
PRV51273,147,740,0,4,2,1,0,553,0,553,237.50452079566003,131340,2.5316455696202533,1400.0,387,1.2513562386980108,72.69783014185582,4.229656419529837,18.083182640144667
PRV51274,36,158,6,4,1,1,0,58,10,48,3029.655172413793,175720,185.17241379310346,10740.0,48,1.4827586206896552,74.95985272250938,3.9655172413793105,39.6551724137931
PRV51276,57,173,7,4,2,1,0,67,14,53,1999.7014925373135,133980,227.9402985074627,15272.0,60,1.7164179104477613,68.25654070509873,4.313432835820896,34.32835820895522
PRV51277,37,144,9,4,2,1,0,59,10,49,2393.0508474576272,141190,185.08474576271186,10920.0,54,1.8644067796610169,72.58956600424598,4.52542372881356,37.28813559322034
PRV51279,21,372,0,4,2,1,0,224,0,224,267.14285714285717,59840,3.3482142857142856,750.0,186,1.3883928571428572,70.66600664906619,4.446428571428571,17.410714285714285
PRV51280,14,84,0,4,2,1,0,39,0,39,519.2307692307693,20250,0.0,0.0,34,1.3333333333333333,75.80364695765107,3.6923076923076925,20.51282051282051
PRV51281,3,470,0,4,2,1,0,259,0,259,345.44401544401546,89470,2.664092664092664,690.0,200,1.393822393822394,71.63825485796738,4.038610038610039,27.413127413127413
PRV51282,28,164,5,4,2,1,0,59,8,51,1310.677966101695,77330,146.16949152542372,8624.0,51,1.8135593220338984,72.2369401037135,4.491525423728813,35.59322033898305
PRV51284,16,627,8,4,2,1,0,377,17,360,742.3342175066313,279860,48.026595744680854,18058.0,223,1.7135278514588859,71.33917577619341,4.291777188328912,20.689655172413794
PRV51285,38,345,7,4,2,1,0,168,15,153,1167.3809523809523,196120,98.39285714285714,16530.0,109,1.3869047619047619,73.38492878328607,4.720238095238095,25.0
PRV51286,12,183,11,4,2,1,0,70,15,55,2073.8571428571427,145170,233.28571428571428,16330.0,62,1.8,76.16626576708713,4.614285714285714,40.0
PRV51287,3,174,0,4,2,1,0,78,0,78,329.4871794871795,25700,1.2820512820512822,100.0,46,1.6282051282051282,76.89583881781007,4.833333333333333,16.666666666666664
PRV51288,5,36,2,4,2,1,0,8,3,5,4670.0,37360,400.5,3204.0,8,3.25,73.89117043121149,3.75,50.0
PRV51289,2,159,0,4,2,1,0,92,0,92,503.2608695652174,46300,2.608695652173913,240.0,38,3.032608695652174,71.86257179418504,5.6521739130434785,20.652173913043477
PRV51290,14,220,0,4,2,1,0,113,0,113,132.65486725663717,14990,2.3008849557522124,260.0,81,0.9469026548672567,74.18473224182733,4.371681415929204,12.389380530973451
PRV51292,7,39,0,4,2,1,0,22,0,22,180.45454545454547,3970,0.0,0.0,16,3.5454545454545454,68.38441914006596,3.772727272727273,9.090909090909092
PRV51293,8,194,0,4,2,1,0,88,0,88,240.9090909090909,21200,0.22727272727272727,20.0,64,1.4090909090909092,70.99483541783337,3.9431818181818183,20.454545454545457
PRV51295,4,16,0,4,2,1,0,7,0,7,278.57142857142856,1950,0.0,0.0,6,2.857142857142857,65.08379779016329,4.285714285714286,14.285714285714285
PRV51296,9,86,1,4,2,1,0,30,3,27,1287.6666666666667,38630,109.46666666666667,3284.0,27,2.5,75.16532055669633,4.166666666666667,20.0
PRV51297,13,170,5,4,2,1,0,70,5,65,1101.2857142857142,77090,77.28571428571429,5410.0,46,1.1142857142857143,72.82628336755647,4.714285714285714,24.285714285714285
PRV51298,6,224,0,4,2,1,0,100,0,100,311.2,31120,5.5,550.0,53,1.16,71.83652292950035,3.75,24.0
PRV51299,13,96,0,4,2,1,0,37,0,37,168.3783783783784,6230,0.8108108108108109,30.0,27,2.189189189189189,67.26869785596685,4.54054054054054,29.72972972972973
PRV51300,4,140,4,4,2,1,0,52,7,45,2068.076923076923,107540,146.84615384615384,7636.0,32,2.2115384615384617,71.12441425788448,4.730769230769231,26.923076923076923
PRV51301,8,244,6,4,2,1,0,112,6,106,1222.4107142857142,136910,59.982142857142854,6718.0,63,1.25,70.17468465825756,4.419642857142857,30.357142857142854
PRV51302,12,130,7,4,1,1,0,43,10,33,1876.9767441860465,80710,250.0,10750.0,34,0.9534883720930233,68.4371647326616,4.3023255813953485,41.86046511627907
PRV51303,4,188,0,4,2,1,0,93,0,93,388.2795698924731,36110,5.483870967741935,510.0,49,1.3118279569892473,72.89851552552751,4.741935483870968,19.35483870967742
PRV51304,12,104,1,4,2,1,0,51,2,49,771.5686274509804,39350,45.21568627450981,2306.0,39,0.7450980392156863,73.91209351639355,4.078431372549019,23.52941176470588
PRV51305,3,152,4,4,2,1,0,49,11,38,2314.285714285714,113400,239.75510204081633,11748.0,29,3.0408163265306123,72.71312631828913,4.387755102040816,40.816326530612244
PRV51306,2,37,0,26,2,1,0,17,0,17,217.64705882352942,3700,5.882352941176471,100.0,13,3.411764705882353,74.16515682248257,3.411764705882353,5.88235294117647
PRV51307,6,88,0,4,2,1,0,37,0,37,187.56756756756758,6940,2.1621621621621623,80.0,21,1.6216216216216217,74.89709010858908,3.7837837837837838,27.027027027027028
PRV51308,6,73,0,4,1,1,0,35,0,35,394.0,13790,3.7142857142857144,130.0,31,1.5714285714285714,68.92969590300186,3.8,22.857142857142858
PRV51309,5,43,0,4,2,1,0,18,0,18,210.55555555555554,3790,0.0,0.0,17,0.05555555555555555,74.30998555023196,5.222222222222222,44.44444444444444
PRV51311,8,52,1,4,2,1,0,21,3,18,762.3809523809524,16010,152.57142857142858,3204.0,18,3.3333333333333335,73.5315015807829,3.857142857142857,33.33333333333333
PRV51312,13,109,1,4,2,1,0,46,4,42,625.8695652173913,28790,92.8695652173913,4272.0,29,2.1739130434782608,72.16242597387138,4.282608695652174,34.78260869565217
PRV51313,7,45,0,4,2,1,0,19,0,19,261.57894736842104,4970,4.7368421052631575,90.0,16,0.10526315789473684,66.7220000720487,4.157894736842105,31.57894736842105
PRV51314,2,65,0,4,2,1,0,30,0,30,215.33333333333334,6460,0.0,0.0,20,0.8666666666666667,71.28012776637006,3.7666666666666666,20.0
PRV51315,5,104,0,4,2,1,0,47,0,47,153.40425531914894,7210,7.23404255319149,340.0,22,1.297872340425532,71.55856524968326,3.6808510638297873,10.638297872340425
PRV51316,2,27,3,4,2,1,0,3,3,0,7000.0,21000,1068.0,3204.0,3,9.333333333333334,79.11567419575634,3.0,100.0
PRV51318,1,21,2,4,1,1,0,3,3,0,4333.333333333333,13000,1068.0,3204.0,3,3.6666666666666665,78.92584987451517,7.333333333333333,100.0
PRV51322,1,35,0,4,1,1,0,12,0,12,70.83333333333333,850,0.0,0.0,11,0.08333333333333333,69.86538900296601,3.4166666666666665,25.0
PRV51323,1,128,0,4,2,1,0,76,0,76,274.4736842105263,20860,4.2105263157894735,320.0,32,0.8947368421052632,70.00576389639396,3.973684210526316,22.36842105263158
PRV51324,2,58,0,4,2,1,0,28,0,28,333.2142857142857,9330,0.0,0.0,25,0.9285714285714286,70.60496724357094,4.214285714285714,25.0
PRV51325,1,35,0,4,2,1,0,15,0,15,1009.3333333333334,15140,0.0,0.0,5,4.466666666666667,69.54378279717089,4.8,6.666666666666667
PRV51326,3,130,0,4,2,1,0,44,0,44,318.1818181818182,14000,2.0454545454545454,90.0,22,2.4545454545454546,69.24802439176156,3.1363636363636362,13.636363636363635
PRV51327,1,92,0,4,2,1,0,41,0,41,219.26829268292684,8990,3.658536585365854,150.0,27,0.5609756097560976,75.238410043238,3.4390243902439024,12.195121951219512
PRV51328,2,21,0,4,1,1,0,7,0,7,78.57142857142857,550,0.0,0.0,5,0.14285714285714285,70.1245722108145,2.0,14.285714285714285
PRV51329,3,155,0,4,2,1,0,74,0,74,261.6216216216216,19360,3.2432432432432434,240.0,28,1.5945945945945945,67.5314205375807,3.891891891891892,33.78378378378378
PRV51330,1,44,0,4,2,1,0,19,0,19,200.52631578947367,3810,1.0526315789473684,20.0,9,1.4210526315789473,77.293562448215,4.157894736842105,10.526315789473683
PRV51331,1,24,0,4,1,1,0,5,0,5,64.0,320,8.0,40.0,4,0.0,72.43915126625599,6.4,0.0
PRV51334,1,16,1,4,2,1,0,2,2,0,7500.0,15000,1068.0,2136.0,2,4.5,56.799452429842574,2.5,100.0
PRV51335,19,272,0,4,2,1,0,142,0,142,324.50704225352115,46080,2.816901408450704,400.0,92,1.9295774647887325,77.29243909728046,4.563380281690141,14.084507042253522
PRV51336,52,188,8,5,2,1,0,69,10,59,1876.0869565217392,129450,155.07246376811594,10700.0,69,2.550724637681159,71.734507831642,4.536231884057971,28.985507246376812
PRV51337,83,366,20,5,2,1,1,168,40,128,2256.5476190476193,379100,251.20958083832335,41952.0,155,2.1964285714285716,73.43228708321111,4.589285714285714,39.88095238095239
PRV51338,119,293,4,5,2,1,1,128,7,121,889.53125,113860,61.921875,7926.0,124,1.6875,75.4225915468857,4.5390625,26.5625
PRV51340,94,285,0,5,2,1,0,151,0,151,286.158940397351,43210,0.06622516556291391,10.0,141,1.7417218543046358,75.46956407432087,4.622516556291391,22.516556291390728
PRV51341,68,159,0,5,2,1,0,71,0,71,204.64788732394365,14530,0.9859154929577465,70.0,70,2.408450704225352,74.00368260211509,3.7183098591549295,18.30985915492958
PRV51342,45,447,20,5,2,1,0,207,28,179,1723.574879227053,356780,142.55339805825244,29366.0,179,1.9758454106280192,74.60667202333124,4.473429951690822,32.367149758454104
PRV51344,22,71,0,5,2,1,0,33,2,31,795.4545454545455,26250,64.72727272727273,2136.0,33,2.1818181818181817,73.80482442494763,4.0,24.242424242424242
PRV51345,16,97,0,5,2,1,0,49,0,49,308.57142857142856,15120,4.489795918367347,220.0,47,2.4285714285714284,72.10867591389739,4.346938775510204,30.612244897959183
PRV51346,115,470,8,5,2,1,0,266,5,261,392.81954887218046,104490,21.8796992481203,5820.0,246,1.3082706766917294,73.73101130650033,4.635338345864661,24.06015037593985
PRV51347,4,1863,1,5,2,1,1,2067,0,2067,288.7760038703435,596900,2.4625060474117078,5090.0,947,1.2520561199806484,73.39044805318875,4.3580067731011125,22.206095791001452
PRV51348,59,175,12,5,2,1,0,55,19,36,2769.6363636363635,152330,371.6727272727273,20442.0,54,4.218181818181818,74.88235952958745,5.218181818181818,52.72727272727272
PRV51349,31,89,2,5,2,1,0,30,5,25,1349.3333333333333,40480,180.33333333333334,5410.0,28,3.1,76.31147615788272,4.6,36.666666666666664
PRV51350,165,452,13,5,2,1,0,239,21,218,892.8033472803347,213380,97.14644351464435,23218.0,232,1.493723849372385,75.36901130938573,4.677824267782427,24.267782426778243
PRV51351,17,86,0,5,1,1,0,32,0,32,338.75,10840,0.0,0.0,32,3.03125,76.03131416837782,4.71875,25.0
PRV51352,3,13,0,5,1,1,0,4,0,4,1475.0,5900,0.0,0.0,4,6.25,84.5927446954141,3.0,25.0
PRV51353,19,57,7,5,1,1,0,18,5,13,2845.0,51210,299.44444444444446,5390.0,17,3.3333333333333335,70.32473952391817,3.9444444444444446,27.77777777777778
PRV51354,8,20,2,5,2,1,0,4,1,3,2610.0,10440,0.0,0.0,4,9.25,73.5845311430527,4.0,25.0
PRV51355,32,176,10,5,1,1,0,74,15,59,1960.2702702702702,145060,219.59459459459458,16250.0,69,2.175675675675676,74.16275412989992,4.351351351351352,31.08108108108108
PRV51356,45,204,12,5,2,1,0,95,17,78,1976.842105263158,187800,183.59574468085106,17258.0,91,1.3157894736842106,73.70913937821967,4.347368421052631,35.78947368421053
PRV51357,113,327,14,5,2,1,1,161,13,148,1274.0993788819876,205130,80.85,12936.0,149,1.763975155279503,72.81771610527971,4.3229813664596275,26.08695652173913
PRV51358,17,67,6,5,2,1,0,17,7,10,3600.5882352941176,61210,443.29411764705884,7536.0,17,1.1764705882352942,79.11744574626564,4.705882352941177,52.94117647058824
PRV51360,31,91,9,5,2,1,0,29,9,20,3249.310344827586,94230,336.62068965517244,9762.0,29,2.896551724137931,70.95735089334184,3.586206896551724,44.827586206896555
PRV51361,21,76,0,5,1,1,0,32,0,32,245.9375,7870,4.0625,130.0,32,0.6875,80.052446954141,4.1875,15.625
PRV51362,27,118,4,5,2,1,0,44,6,38,3439.090909090909,151320,145.63636363636363,6408.0,44,2.1136363636363638,77.28529649679547,4.795454545454546,40.909090909090914
PRV51363,4,12,0,5,1,1,0,3,0,3,50.0,150,0.0,0.0,3,0.3333333333333333,78.68035592060232,4.0,33.33333333333333
PRV51364,20,87,5,5,2,1,0,23,6,17,2427.391304347826,55830,282.95652173913044,6508.0,23,1.608695652173913,71.99928577805552,5.434782608695652,52.17391304347826
PRV51366,12,116,0,5,2,1,0,57,0,57,321.7543859649123,18340,3.1578947368421053,180.0,53,0.8596491228070176,69.24005427669104,4.771929824561403,15.789473684210526
PRV51368,3,14,0,5,1,1,0,4,0,4,142.5,570,15.0,60.0,4,3.25,70.02190280629705,4.25,0.0
PRV51369,2,1850,2,5,2,1,1,2083,0,2083,288.96303408545367,601910,3.014882381180989,6280.0,963,1.5885741718674988,73.99265065161966,4.526644263082093,17.666826692270764
PRV51371,26,132,7,5,2,1,0,46,11,35,2024.5652173913043,93130,256.4782608695652,11798.0,45,2.0217391304347827,74.85504270452043,4.478260869565218,36.95652173913043
PRV51376,28,117,0,5,2,1,0,51,0,51,380.7843137254902,19420,1.7647058823529411,90.0,48,1.8823529411764706,74.62516943806955,4.313725490196078,27.450980392156865
PRV51377,55,191,3,3,2,1,0,95,3,92,1304.7368421052631,123950,38.252631578947366,3634.0,94,1.5789473684210527,73.06335242624014,4.2105263157894735,20.0
PRV51378,59,498,57,5,2,1,1,161,108,53,7548.88198757764,1215370,710.0,112180.0,133,4.484472049689441,73.13131055475489,5.304347826086956,72.04968944099379
PRV51379,27,56,0,5,2,1,0,22,2,20,879.0909090909091,19340,98.0,2156.0,22,0.22727272727272727,71.77151390703752,4.409090909090909,36.36363636363637
PRV51380,11,41,5,5,2,1,0,8,4,4,6445.0,51560,534.0,4272.0,8,2.25,75.1735112936345,4.375,50.0
PRV51382,7,42,0,5,2,1,0,16,0,16,427.5,6840,5.625,90.0,16,2.6875,72.58196440793976,4.6875,6.25
PRV51383,39,200,3,5,2,1,0,77,9,68,1408.9610389610389,108490,126.12987012987013,9712.0,77,1.7142857142857142,72.82441309546032,5.194805194805195,27.27272727272727
PRV51386,18,575,0,5,2,1,0,382,0,382,260.0,99320,3.481675392670157,1330.0,274,1.450261780104712,74.27005099426269,4.316753926701571,18.32460732984293
PRV51387,22,162,10,5,2,1,0,59,13,46,1939.322033898305,114420,235.66101694915255,13904.0,51,1.2881355932203389,73.05268042552699,5.406779661016949,35.59322033898305
PRV51388,47,199,8,5,2,1,0,86,14,72,2221.046511627907,191010,177.0,15222.0,81,2.4186046511627906,69.85594447893288,4.6976744186046515,30.23255813953488
PRV51389,68,224,12,5,2,1,0,79,18,61,1942.6582278481012,153470,244.1012658227848,19284.0,77,2.3037974683544302,72.7935261958603,4.1265822784810124,35.44303797468354
PRV51390,97,647,72,5,2,1,1,275,164,111,5844.581818181819,1607260,634.3809523809524,173186.0,253,4.330909090909091,73.57195445211873,5.072727272727272,67.63636363636364
PRV51391,82,347,6,5,2,1,0,177,13,164,815.819209039548,144400,74.35227272727273,13086.0,166,1.4519774011299436,73.2861866146939,4.435028248587571,30.508474576271187
PRV51392,9,37,0,5,2,1,0,17,0,17,97.6470588235294,1660,2.9411764705882355,50.0,15,1.7058823529411764,77.53223014051616,5.0,17.647058823529413
PRV51393,16,1161,39,5,2,1,1,910,68,842,996.010989010989,906370,78.75413450937155,71430.0,329,1.589010989010989,75.287078698167,4.1219780219780215,21.978021978021978
PRV51394,3,6,0,5,1,1,0,4,0,4,115.0,460,0.0,0.0,4,0.0,72.76933607118411,2.5,50.0
PRV51395,6,57,0,5,1,1,0,20,0,20,520.0,10400,0.0,0.0,20,2.5,71.82929500342232,4.5,35.0
PRV51396,31,105,0,5,2,1,0,44,3,41,398.1818181818182,17520,72.81818181818181,3204.0,43,1.75,73.41316657333084,3.909090909090909,22.727272727272727
PRV51397,32,95,0,5,1,1,0,40,0,40,446.75,17870,0.0,0.0,40,0.75,75.81300479123888,4.275,10.0
PRV51398,14,190,0,5,2,1,0,86,1,85,360.93023255813955,31040,14.395348837209303,1238.0,59,1.3953488372093024,75.5007560925139,4.651162790697675,20.930232558139537
PRV51399,68,475,32,5,2,1,1,211,65,146,4005.071090047393,845070,330.7047619047619,69448.0,199,2.5165876777251186,72.38337696377538,4.758293838862559,45.497630331753555
PRV51401,48,118,8,5,1,1,1,42,8,34,2179.0476190476193,91520,186.0,7626.0,42,3.357142857142857,70.08676379518268,4.976190476190476,35.714285714285715
PRV51403,44,235,14,5,2,1,0,114,10,104,2429.9122807017543,277010,97.80701754385964,11150.0,101,1.7719298245614035,74.32774955870168,4.5701754385964914,25.438596491228072
PRV51404,56,139,1,5,2,1,0,59,1,58,497.45762711864404,29350,23.1864406779661,1368.0,59,1.3220338983050848,73.04520934117566,4.237288135593221,25.423728813559322
PRV51405,21,109,0,5,1,1,0,49,2,47,483.8775510204082,23710,43.59183673469388,2136.0,47,0.7959183673469388,71.25066700191371,4.163265306122449,20.408163265306122
PRV51406,23,113,5,5,2,1,0,29,8,21,3595.1724137931033,104260,267.0,7476.0,29,3.0,72.31117090325473,4.896551724137931,41.37931034482759
PRV51408,10,28,0,5,2,1,0,15,0,15,92.66666666666667,1390,0.0,0.0,15,0.3333333333333333,75.88902578142824,3.466666666666667,26.666666666666668
PRV51409,7,9,0,5,1,1,0,4,0,4,75.0,300,0.0,0.0,4,0.0,59.30321697467488,5.0,0.0
PRV51410,12,826,1,5,2,1,1,628,0,628,282.7229299363057,177550,3.0573248407643314,1920.0,186,1.4426751592356688,75.20054321052243,4.7165605095541405,21.337579617834397
PRV51412,9,13,0,5,2,1,0,5,0,5,88.0,440,0.0,0.0,5,0.0,85.20246406570843,4.4,20.0
PRV51414,19,97,2,5,1,1,0,28,3,25,1079.642857142857,30230,114.42857142857143,3204.0,28,1.6428571428571428,71.78380756820182,5.25,25.0
PRV51415,46,135,6,5,2,1,0,51,7,44,1248.8235294117646,63690,147.9607843137255,7546.0,50,2.6470588235294117,72.151333360175,4.588235294117647,39.21568627450981
PRV51416,1,148,0,5,1,1,0,81,0,81,316.5432098765432,25640,3.45679012345679,280.0,79,2.6419753086419755,72.30271841542661,4.160493827160494,14.814814814814813
PRV51418,50,189,14,5,2,1,0,61,17,44,3103.934426229508,189340,303.04918032786884,18486.0,61,3.4098360655737703,71.93837591588964,4.819672131147541,37.704918032786885
PRV51419,61,138,1,5,1,1,0,65,2,63,480.7692307692308,31250,33.784615384615385,2196.0,64,1.7076923076923076,75.51388406254935,4.369230769230769,18.461538461538463
PRV51421,46,411,45,5,2,1,1,139,84,55,6365.323741007194,884780,643.5072463768116,88804.0,135,4.676258992805756,73.64753618050118,4.884892086330935,68.34532374100719
PRV51422,21,78,4,5,2,1,0,25,4,21,1957.2,48930,175.28,4382.0,25,5.8,75.18707734428473,5.6,32.0
PRV51423,2,5,0,5,2,1,0,1,0,1,50.0,50,100.0,100.0,1,0.0,98.61464750171116,6.0,0.0
PRV51424,44,165,0,5,2,1,0,86,1,85,345.0,29670,15.674418604651162,1348.0,82,1.2674418604651163,73.5725769224647,4.337209302325581,22.093023255813954
PRV51425,16,97,1,5,2,1,0,33,3,30,787.5757575757576,25990,97.0909090909091,3204.0,33,1.1515151515151516,73.0444485927032,4.787878787878788,21.21212121212121
PRV51426,32,379,4,5,2,1,1,206,6,200,704.3689320388349,145100,33.8252427184466,6968.0,91,1.1359223300970873,72.45740714898028,4.742718446601942,15.53398058252427
PRV51427,30,140,3,5,2,1,0,58,5,53,1013.2758620689655,58770,95.0,5510.0,56,1.9137931034482758,72.49710873516014,4.310344827586207,18.96551724137931
PRV51428,57,167,1,5,2,1,0,66,4,62,727.8787878787879,48040,65.93939393939394,4352.0,66,1.2121212121212122,75.62897973575592,4.636363636363637,25.757575757575758
PRV51429,10,22,0,5,1,1,0,10,0,10,110.0,1100,0.0,0.0,10,0.0,66.49089664613278,2.7,30.0
PRV51430,44,250,11,5,2,1,0,112,17,95,1908.0357142857142,213700,158.99099099099098,17648.0,101,1.6517857142857142,75.56287278771879,4.285714285714286,30.357142857142854
PRV51431,17,182,13,5,2,1,0,49,25,24,4831.0204081632655,236720,540.25,25932.0,42,5.448979591836735,76.12649988126667,4.979591836734694,63.26530612244898
PRV51432,28,71,8,5,1,1,0,23,7,16,2576.9565217391305,59270,331.1304347826087,7616.0,23,0.8260869565217391,71.71383507424933,4.3478260869565215,34.78260869565217
PRV51433,7,1597,1,5,2,1,1,1610,0,1610,282.37888198757764,454630,2.900621118012422,4670.0,862,1.5627329192546584,73.50872413602528,4.502484472049689,20.869565217391305
PRV51434,64,277,19,5,2,1,1,102,24,78,2749.901960784314,280490,245.98019801980197,24844.0,97,1.9411764705882353,73.76537692421253,4.754901960784314,38.23529411764706
PRV51435,21,72,2,5,2,1,0,23,6,17,1461.7391304347825,33620,278.60869565217394,6408.0,23,1.434782608695652,77.26036365800672,3.739130434782609,43.47826086956522
PRV51436,104,312,14,5,1,1,0,120,25,95,1611.75,193410,226.41666666666666,27170.0,116,2.033333333333333,75.12407027150354,4.741666666666666,42.5
PRV51437,2,4,0,5,1,1,0,2,0,2,440.0,880,0.0,0.0,2,0.0,75.46201232032854,5.5,0.0
PRV51438,7,30,0,5,2,1,0,9,2,7,2167.777777777778,19510,237.33333333333334,2136.0,9,5.0,73.76773899155829,4.444444444444445,44.44444444444444
PRV51439,30,100,0,5,1,1,0,42,0,42,358.0952380952381,15040,5.0,210.0,41,0.38095238095238093,76.2093152113686,4.404761904761905,26.190476190476193
PRV51440,37,182,5,5,2,1,0,71,7,64,1498.3098591549297,106380,92.97142857142858,6508.0,71,2.4788732394366195,77.11025633610011,4.197183098591549,30.985915492957744
PRV51441,28,174,0,5,2,1,0,85,0,85,342.70588235294116,29130,3.411764705882353,290.0,79,1.8235294117647058,74.86617546402545,3.9058823529411764,17.647058823529413
PRV51442,6,20,0,5,1,1,0,6,2,4,4328.333333333333,25970,356.0,2136.0,6,1.3333333333333333,77.5254391968971,3.8333333333333335,33.33333333333333
PRV51443,32,143,2,5,2,1,0,73,2,71,464.3835616438356,33900,33.23287671232877,2426.0,72,1.6575342465753424,72.92183060954686,4.5479452054794525,16.43835616438356
PRV51444,38,117,4,5,2,1,0,42,4,38,1760.0,73920,101.71428571428571,4272.0,40,2.6904761904761907,72.84580033245331,4.666666666666667,35.714285714285715
PRV51446,29,107,13,5,1,1,0,24,12,12,4057.9166666666665,97390,510.7826086956522,11748.0,24,2.6666666666666665,71.91489847136664,4.708333333333333,62.5
PRV51447,107,231,13,5,2,1,1,89,16,73,3026.85393258427,269390,194.58426966292134,17318.0,80,2.202247191011236,73.1270101285098,4.382022471910112,32.58426966292135
PRV51448,51,140,8,5,2,1,0,51,11,40,2265.6862745098038,115550,230.35294117647058,11748.0,47,1.9019607843137254,73.22403403524312,4.9411764705882355,31.372549019607842
PRV51449,22,78,6,5,1,1,0,17,9,8,4104.705882352941,69780,534.0,8544.0,17,3.0,72.84680114345532,5.176470588235294,58.82352941176471
PRV51451,4,13,0,5,2,1,0,6,0,6,195.0,1170,0.0,0.0,6,6.666666666666667,71.37348847821127,4.333333333333333,16.666666666666664
PRV51453,13,29,0,5,1,1,0,12,0,12,590.0,7080,8.333333333333334,100.0,12,0.6666666666666666,76.96805840748347,5.333333333333333,8.333333333333332
PRV51454,21,74,0,5,2,1,0,34,0,34,312.6470588235294,10630,4.117647058823529,140.0,32,2.735294117647059,77.58086725449934,4.705882352941177,23.52941176470588
PRV51455,37,109,7,5,2,1,0,34,9,25,3342.6470588235293,113650,284.1764705882353,9662.0,34,2.5588235294117645,72.14816604259774,4.588235294117647,41.17647058823529
PRV51456,10,427,55,5,2,1,0,135,112,23,7696.222222222223,1038990,883.3082706766917,117480.0,124,4.940740740740741,74.23073998022663,5.288888888888889,88.14814814814815
PRV51458,38,113,0,5,2,1,0,56,0,56,222.14285714285714,12440,4.285714285714286,240.0,55,0.16071428571428573,74.52693849613767,4.410714285714286,23.214285714285715
PRV51459,7,3859,6,5,2,1,1,8240,0,8240,281.78276699029124,2321890,2.7657766990291264,22790.0,2857,1.4007281553398059,74.45479157114093,4.354733009708738,20.449029126213592
PRV51460,73,661,12,5,2,1,0,452,17,435,740.0,334480,42.80088495575221,19346.0,413,1.3539823008849559,73.50184441496611,4.2234513274336285,18.805309734513273
PRV51462,15,68,0,5,2,1,0,30,0,30,314.3333333333333,9430,0.0,0.0,29,1.2333333333333334,76.82728724617841,4.833333333333333,20.0
PRV51464,109,241,0,5,2,1,0,145,0,145,265.7241379310345,38530,2.206896551724138,320.0,143,0.8482758620689655,74.93480610823951,4.096551724137931,21.379310344827587
PRV51465,9,26,0,5,1,1,0,7,1,6,557.1428571428571,3900,152.57142857142858,1068.0,7,3.0,68.42475799354649,4.714285714285714,57.14285714285714
PRV51466,60,170,5,5,2,1,0,74,5,69,781.8918918918919,57860,74.32432432432432,5500.0,71,3.391891891891892,76.88950552194906,4.837837837837838,27.027027027027028
PRV51467,17,83,3,5,2,1,0,25,7,18,2970.4,74260,267.0,6408.0,25,2.04,72.78576317590691,4.48,36.0
PRV51468,85,315,6,5,2,1,0,159,15,144,872.1383647798742,138670,96.53164556962025,15252.0,151,1.440251572327044,73.4338589490269,4.39622641509434,27.67295597484277
PRV51469,29,77,0,5,2,1,0,28,0,28,333.92857142857144,9350,0.0,0.0,28,1.0,75.84619145399434,5.25,17.857142857142858
PRV51470,20,68,3,5,1,1,0,27,3,24,1318.148148148148,35590,118.66666666666667,3204.0,27,2.1481481481481484,72.84792252896291,4.814814814814815,33.33333333333333
PRV51471,21,516,74,5,2,1,1,180,161,19,8901.166666666666,1602210,952.0457142857143,166608.0,173,4.883333333333334,73.94264202600958,5.616666666666666,91.66666666666666
PRV51472,9,30,0,5,1,1,0,16,0,16,135.625,2170,12.5,200.0,16,2.1875,74.71851471594798,4.3125,6.25
PRV51474,24,249,28,5,2,1,0,71,41,30,5792.394366197183,411260,611.2857142857143,42790.0,65,3.295774647887324,70.56451783941155,5.140845070422535,63.38028169014085
PRV51475,28,132,4,5,2,1,0,43,11,32,1700.6976744186047,73130,274.13953488372096,11788.0,42,2.2093023255813953,72.9639144899161,4.674418604651163,32.55813953488372
PRV51476,18,67,3,5,1,1,0,18,3,15,1121.111111111111,20180,181.88888888888889,3274.0,18,2.111111111111111,73.64042892995664,4.333333333333333,44.44444444444444
PRV51477,15,56,0,5,2,1,0,22,0,22,451.8181818181818,9940,0.0,0.0,22,1.5909090909090908,72.89826395370542,3.772727272727273,27.27272727272727
PRV51478,13,50,0,5,1,1,0,17,0,17,231.1764705882353,3930,1.1764705882352942,20.0,16,4.411764705882353,71.66582115392357,4.588235294117647,17.647058823529413
PRV51479,82,445,15,5,2,1,0,228,13,215,590.4824561403509,134630,63.70175438596491,14524.0,217,1.9035087719298245,73.09856262833675,4.473684210526316,26.75438596491228
PRV51480,6,1826,0,5,2,1,1,1924,0,1924,289.95841995841994,557880,2.8482328482328483,5480.0,759,1.5602910602910602,73.48074753002885,4.500519750519751,22.03742203742204
PRV51482,80,222,4,5,2,1,1,91,11,80,2400.769230769231,218470,130.1978021978022,11848.0,90,1.4725274725274726,75.6884265631699,4.571428571428571,29.67032967032967
PRV51483,65,182,4,5,2,1,0,77,6,71,784.4155844155844,60400,71.44736842105263,5430.0,75,1.12987012987013,74.76490928646986,4.909090909090909,25.97402597402597
PRV51484,33,192,0,5,2,1,0,86,2,84,274.06976744186045,23570,26.0,2236.0,75,0.7906976744186046,72.13635133629403,4.988372093023256,17.441860465116278
PRV51486,15,390,0,5,2,1,0,214,0,214,250.74766355140187,53660,2.102803738317757,450.0,132,0.9252336448598131,76.19154720553712,4.0046728971962615,21.49532710280374
PRV51487,10,32,0,5,2,1,0,13,0,13,710.7692307692307,9240,4.615384615384615,60.0,12,0.0,72.70510187963987,5.0,7.6923076923076925
PRV51488,151,449,2,5,2,1,0,272,3,269,400.4779411764706,108930,13.838235294117647,3764.0,260,1.625,74.22426218947538,4.580882352941177,21.691176470588236
PRV51490,13,254,24,5,2,1,1,64,48,16,6907.34375,442070,801.0,51264.0,56,4.046875,72.45897501711157,5.4375,78.125
PRV51491,58,162,3,5,2,1,0,71,8,63,950.4225352112676,67480,110.51428571428572,7736.0,63,2.1549295774647885,73.04717008415999,4.605633802816901,23.943661971830984
PRV51492,60,212,10,5,2,1,0,81,14,67,1858.641975308642,150550,175.3,14024.0,80,2.0864197530864197,74.4581843993206,4.7407407407407405,28.39506172839506
PRV51494,27,75,0,5,1,1,0,38,0,38,459.2105263157895,17450,2.1052631578947367,80.0,37,1.3421052631578947,74.25512446413775,4.105263157894737,21.052631578947366
PRV51495,42,413,43,5,2,1,1,141,90,51,5997.801418439716,845690,676.1438848920864,93984.0,127,4.950354609929078,74.3663380274853,4.907801418439717,69.50354609929079
PRV51496,5,231,0,5,2,1,0,123,0,123,237.8048780487805,29250,4.308943089430894,530.0,105,1.1382113821138211,71.81402647702042,4.5528455284552845,15.447154471544716
PRV51497,19,58,5,5,2,1,0,15,4,11,6946.0,104190,284.8,4272.0,15,2.7333333333333334,74.86470454026923,4.933333333333334,33.33333333333333
PRV51499,9,716,1,5,2,1,0,474,2,472,290.80168776371306,137840,7.037974683544304,3336.0,341,1.4831223628691983,74.73730206176337,4.189873417721519,18.565400843881857
PRV51500,7,21,0,5,2,1,0,8,0,8,137.5,1100,1.25,10.0,8,0.0,78.05167693360711,5.75,25.0
PRV51501,14,657,96,5,2,1,1,233,223,10,8889.742489270386,2071310,1021.215859030837,231816.0,217,5.459227467811159,75.29828766821478,5.351931330472103,97.42489270386267
PRV51502,29,66,0,5,1,1,0,31,0,31,270.64516129032256,8390,0.0,0.0,31,3.838709677419355,75.32896160385064,4.645161290322581,9.67741935483871
PRV51503,11,116,0,5,2,1,0,57,0,57,422.280701754386,24070,0.7017543859649122,40.0,52,1.1754385964912282,75.0517429782533,4.508771929824562,33.33333333333333
PRV51504,68,243,0,5,2,1,0,128,0,128,275.703125,35290,3.4375,440.0,123,1.546875,74.16536190965093,4.125,22.65625
PRV51505,21,44,0,5,2,1,0,15,0,15,162.0,2430,2.6666666666666665,40.0,15,0.26666666666666666,73.72265571526351,5.4,20.0
PRV51507,103,1209,5,5,2,1,1,1013,6,1007,333.01085883514315,337340,9.070088845014807,9188.0,726,1.3840078973346495,72.9672099800472,4.486673247778874,18.657453109575517
PRV51508,125,395,9,5,1,1,0,202,12,190,1183.4158415841584,239050,63.94059405940594,12916.0,191,1.7079207920792079,71.53501263884088,4.247524752475248,25.247524752475247
PRV51509,2,1186,0,5,2,1,0,1030,0,1030,312.747572815534,322130,2.7572815533980584,2840.0,493,1.4893203883495145,73.33070180684861,4.4524271844660195,23.300970873786408
PRV51510,14,105,0,5,2,1,0,57,0,57,351.2280701754386,20020,3.8596491228070176,220.0,52,2.5789473684210527,70.790446341727,4.87719298245614,22.807017543859647
PRV51511,16,34,0,5,2,1,0,16,0,16,547.5,8760,2.5,40.0,16,1.5,74.25102669404518,4.4375,31.25
PRV51514,77,273,15,5,2,1,0,93,21,72,2572.2580645161293,239220,241.48387096774192,22458.0,88,2.89247311827957,76.37985471727275,4.397849462365591,41.935483870967744
PRV51515,38,147,4,5,1,1,0,48,5,43,1100.0,52800,92.59574468085107,4352.0,48,2.5,72.25045630846452,4.604166666666667,22.916666666666664
PRV51516,30,102,2,3,2,1,0,40,3,37,831.5,33260,80.6,3224.0,39,1.225,67.8892539356605,4.0,22.5
PRV51517,2,18,0,5,2,1,0,11,0,11,544.5454545454545,5990,13.636363636363637,150.0,11,1.9090909090909092,75.39692614025263,4.090909090909091,27.27272727272727
PRV51518,14,126,3,5,2,1,0,53,5,48,828.6792452830189,43920,110.56603773584905,5860.0,48,0.7735849056603774,76.3618095643976,4.830188679245283,28.30188679245283
PRV51521,2,81,0,5,1,1,0,46,0,46,175.43478260869566,8070,2.1739130434782608,100.0,39,0.4782608695652174,71.16394369550338,4.456521739130435,23.91304347826087
PRV51522,91,374,6,5,2,1,0,190,12,178,1088.3157894736842,206780,71.08421052631579,13506.0,169,2.168421052631579,72.81645592420476,4.594736842105263,23.684210526315788
PRV51523,9,277,37,5,1,1,0,65,60,5,11289.384615384615,733810,983.2380952380952,61944.0,65,5.138461538461539,74.34044121518454,5.153846153846154,95.38461538461539
PRV51525,60,140,7,5,2,1,0,61,5,56,1242.1311475409836,75770,89.67213114754098,5470.0,61,2.3114754098360657,73.12099280753134,3.9836065573770494,27.86885245901639
PRV51526,29,70,7,5,2,1,0,20,7,13,2157.5,43150,373.8,7476.0,20,3.5,74.16550308008213,4.6,50.0
PRV51527,28,79,0,5,2,1,0,41,0,41,302.6829268292683,12410,2.926829268292683,120.0,40,1.170731707317073,72.83016978013723,4.512195121951219,14.634146341463413
PRV51528,11,29,0,5,1,1,0,17,0,17,392.3529411764706,6670,0.0,0.0,17,1.1764705882352942,74.82127471111647,4.823529411764706,23.52941176470588
PRV51529,20,57,0,5,2,1,0,23,0,23,252.17391304347825,5800,3.4782608695652173,80.0,23,0.8695652173913043,76.76564592447103,4.695652173913044,30.434782608695656
PRV51531,21,70,0,5,2,1,0,34,0,34,290.29411764705884,9870,4.117647058823529,140.0,23,1.9705882352941178,72.17787977614044,4.794117647058823,14.705882352941178
PRV51532,37,92,3,5,2,1,0,32,6,26,2216.5625,70930,206.5,6608.0,30,3.34375,72.3590862422998,4.9375,40.625
PRV51533,35,132,12,5,2,1,0,36,13,23,2676.3888888888887,96350,385.6666666666667,13884.0,36,5.055555555555555,74.88904099171039,4.527777777777778,50.0
PRV51534,2,1,0,5,1,1,0,1,0,1,50.0,50,0.0,0.0,1,0.0,74.84462696783025,7.0,0.0
PRV51535,71,590,1,5,2,1,0,388,2,386,312.75773195876286,121350,8.958762886597938,3476.0,306,1.4948453608247423,74.25102140180783,4.311855670103093,19.587628865979383
PRV51536,19,44,4,5,1,1,0,16,4,12,2596.875,41550,274.5,4392.0,16,2.1875,73.92351129363449,4.125,37.5
PRV51539,320,845,47,5,2,1,1,538,69,469,1587.806691449814,854240,137.51210428305401,73844.0,488,1.6524163568773234,73.97876384510279,4.421933085501859,29.182156133828997
PRV51540,43,124,6,5,2,1,0,55,7,48,1217.090909090909,66940,137.2,7546.0,54,0.9818181818181818,75.304934353805,4.763636363636364,20.0
PRV51541,40,113,0,5,1,1,0,51,0,51,238.0392156862745,12140,5.294117647058823,270.0,51,0.6078431372549019,73.03093502972715,4.411764705882353,19.607843137254903
PRV51542,27,407,51,5,1,1,1,113,93,20,8536.814159292035,964660,875.8378378378378,97218.0,97,4.964601769911504,74.04563488458021,5.486725663716814,84.070796460177
PRV51544,180,466,31,5,2,1,0,233,45,188,2060.7296137339054,480150,198.02608695652174,45546.0,227,2.3218884120171674,75.05490095854154,4.76824034334764,33.47639484978541
PRV51546,43,127,6,5,1,1,0,36,9,27,3081.3888888888887,110930,271.1666666666667,9762.0,35,2.5,72.84318199102593,4.444444444444445,41.66666666666667
PRV51547,12,25,0,5,2,1,0,13,0,13,203.07692307692307,2640,0.0,0.0,13,1.8461538461538463,76.13036381824882,5.0,30.76923076923077
PRV51549,25,76,6,5,1,1,0,21,8,13,3910.0,82110,410.1904761904762,8614.0,21,4.285714285714286,74.445552622144,4.523809523809524,57.14285714285714
PRV51550,24,168,15,5,2,1,0,61,16,45,2033.4426229508197,124040,268.6666666666667,16120.0,53,3.081967213114754,75.92338506076008,4.852459016393443,49.18032786885246
PRV51551,13,83,3,5,2,1,0,28,5,23,4028.5714285714284,112800,194.28571428571428,5440.0,27,2.0,70.71262344773639,4.678571428571429,42.857142857142854
PRV51552,57,164,6,5,2,1,0,62,10,52,1516.774193548387,94040,176.93548387096774,10970.0,62,1.064516129032258,72.62144796979531,4.306451612903226,22.58064516129032
PRV51553,23,70,6,5,2,1,0,21,6,15,1951.904761904762,40990,305.14285714285717,6408.0,21,2.5238095238095237,75.55751116326066,3.9047619047619047,33.33333333333333
PRV51554,6,19,1,5,1,1,0,6,1,5,1606.6666666666667,9640,189.66666666666666,1138.0,6,0.8333333333333334,78.44718229523157,5.333333333333333,50.0
PRV51555,8,30,0,5,2,1,0,15,0,15,194.0,2910,0.0,0.0,15,0.6,78.54273328770249,4.333333333333333,6.666666666666667
PRV51556,65,173,8,5,2,1,0,56,10,46,2468.75,138250,190.71428571428572,10680.0,56,3.1964285714285716,74.25354453896549,4.589285714285714,35.714285714285715
PRV51557,12,19,1,5,2,1,0,10,1,9,1674.0,16740,106.8,1068.0,10,1.0,80.3460643394935,4.7,20.0
PRV51558,26,85,1,5,1,1,0,26,5,21,995.0,25870,209.23076923076923,5440.0,25,1.1538461538461537,72.9211814879166,4.923076923076923,46.15384615384615
PRV51560,33,623,88,5,2,1,1,238,200,38,8219.285714285714,1956190,893.8197424892704,208260.0,204,5.26890756302521,75.58825254947975,5.373949579831932,86.5546218487395
PRV51562,10,80,0,5,2,1,0,24,0,24,242.5,5820,3.3333333333333335,80.0,24,1.8333333333333333,73.61464750171116,5.0,16.666666666666664
PRV51563,17,63,0,5,1,1,0,19,0,19,225.26315789473685,4280,0.0,0.0,19,0.3684210526315789,76.00374653265608,4.7368421052631575,26.31578947368421
PRV51564,18,59,0,5,2,1,0,24,0,24,379.1666666666667,9100,2.9166666666666665,70.0,24,1.6666666666666667,70.56593657312344,4.125,41.66666666666667
PRV51566,31,116,9,5,2,1,0,26,15,11,3462.6923076923076,90030,616.1538461538462,16020.0,25,3.6923076923076925,72.5072395092929,6.038461538461538,61.53846153846154
PRV51567,2,1571,0,5,2,1,1,1632,0,1632,285.171568627451,465400,2.8308823529411766,4620.0,827,1.2628676470588236,73.39996443478144,4.318627450980392,18.995098039215684
PRV51568,53,146,10,5,2,1,0,58,9,49,1810.5172413793102,105010,165.72413793103448,9612.0,57,2.8793103448275863,76.19183837239491,4.362068965517241,29.310344827586203
PRV51569,4,25,0,5,2,1,0,5,0,5,300.0,1500,0.0,0.0,5,0.2,77.10828199863107,4.4,40.0
PRV51570,1,5,0,5,2,1,0,1,0,1,0.0,0,0.0,0.0,1,0.0,70.88021902806297,7.0,0.0
PRV51571,3,44,0,5,2,1,0,22,0,22,210.9090909090909,4640,0.0,0.0,22,0.0,72.15543525605128,4.7727272727272725,18.181818181818183
PRV51572,5,16,1,5,2,1,0,4,1,3,1427.5,5710,267.0,1068.0,4,1.75,75.30321697467488,5.25,50.0
PRV51573,14,196,5,5,2,1,0,92,5,87,725.3260869565217,66730,58.47826086956522,5380.0,76,1.7717391304347827,72.67318394190995,4.315217391304348,26.08695652173913
PRV51574,12,2899,1,5,2,1,1,4444,0,4444,288.4360936093609,1281810,2.7655265526552655,12290.0,1715,1.4228172817281728,73.51682231878219,4.527902790279028,20.769576957695772
PRV51576,39,173,4,5,2,1,0,65,5,60,1504.3076923076924,97780,88.76923076923077,5770.0,65,2.4307692307692306,74.21647975569947,4.476923076923077,24.615384615384617
PRV51577,1,2,0,5,2,1,0,1,0,1,2100.0,2100,0.0,0.0,1,20.0,63.1047227926078,6.0,0.0
PRV51578,266,1621,54,5,2,1,1,1500,122,1378,1108.6133333333332,1662920,87.55006675567424,131150.0,1280,1.8006666666666666,73.12818434861967,4.378666666666667,25.866666666666667
PRV51579,46,179,12,5,1,1,0,72,18,54,3440.0,247680,270.75,19494.0,66,2.7222222222222223,76.28454635333486,5.013888888888889,37.5
PRV51580,3,10,0,5,2,1,0,3,0,3,570.0,1710,0.0,0.0,3,0.0,74.85284052019165,4.0,0.0
PRV51582,7,14,0,5,2,1,0,4,1,3,3592.5,14370,267.0,1068.0,4,6.5,77.92607802874744,4.75,25.0
PRV51583,11,100,0,5,2,1,0,47,2,45,690.0,32430,47.361702127659576,2226.0,46,1.5957446808510638,73.99461167664235,4.085106382978723,21.27659574468085
PRV51584,48,209,11,5,2,1,1,82,13,69,2096.7073170731705,171930,173.82926829268294,14254.0,78,2.3292682926829267,72.52793776397723,4.329268292682927,24.390243902439025
PRV51585,6,37,3,5,2,1,0,6,4,2,12846.666666666666,77080,712.0,4272.0,6,2.6666666666666665,71.40406114533424,3.3333333333333335,83.33333333333334
PRV51586,12,51,7,5,2,1,1,8,6,2,9063.75,72510,801.0,6408.0,8,5.875,70.00752908966462,4.75,75.0
PRV51587,6,14,0,5,2,1,0,5,0,5,300.0,1500,0.0,0.0,5,0.0,65.70951403148528,5.8,40.0
PRV51588,8,45,4,5,1,1,0,10,3,7,5843.0,58430,320.4,3204.0,9,1.6,66.41971252566735,4.9,30.0
PRV51590,6,315,43,5,2,1,1,84,81,3,9302.142857142857,781380,1028.9268292682927,84372.0,82,5.238095238095238,74.99009158762753,5.083333333333333,98.80952380952381
PRV51592,1,6,0,5,1,1,0,3,0,3,10.0,30,0.0,0.0,3,0.0,71.3283139402236,5.666666666666667,33.33333333333333
PRV51593,50,150,7,5,2,1,1,54,12,42,2777.777777777778,150000,239.1851851851852,12916.0,54,2.740740740740741,74.10621847035262,4.685185185185185,38.88888888888889
PRV51595,12,77,0,5,2,1,0,24,1,23,610.8333333333334,14660,44.916666666666664,1078.0,22,1.125,78.08761122518823,4.333333333333333,20.833333333333336
PRV51596,48,139,1,5,2,1,0,50,3,47,836.6,41830,69.68,3484.0,50,1.18,73.55652292950035,3.92,18.0
PRV51598,254,740,40,5,2,1,0,422,61,361,1847.2274881516587,779530,154.86935866983373,65200.0,399,1.8744075829383886,74.43394286196236,4.42654028436019,30.09478672985782
PRV51599,3,30,0,5,2,1,0,5,3,2,3242.0,16210,640.8,3204.0,5,4.8,78.28884325804243,5.4,60.0
PRV51600,13,229,3,5,2,1,0,109,3,106,330.73394495412845,36050,34.440366972477065,3754.0,103,1.4678899082568808,72.67994147529969,4.834862385321101,25.688073394495415
PRV51601,6,39,0,5,2,1,0,14,0,14,263.57142857142856,3690,0.0,0.0,14,1.4285714285714286,69.76650044001174,4.0,28.57142857142857
PRV51602,28,127,8,5,2,1,0,39,12,27,1986.6666666666667,77480,328.61538461538464,12816.0,38,2.051282051282051,76.01067059793958,5.487179487179487,48.717948717948715
PRV51604,5,622,34,5,2,1,1,329,50,279,2120.091185410334,697510,163.48170731707316,53622.0,257,2.43161094224924,73.53232265862788,4.382978723404255,32.52279635258359
PRV51605,11,150,5,5,2,1,0,72,5,67,652.6388888888889,46990,76.66666666666667,5520.0,70,1.7916666666666667,74.15913757700206,4.083333333333333,25.0
PRV51606,26,135,6,5,2,1,0,46,10,36,1436.9565217391305,66100,232.17391304347825,10680.0,45,2.130434782608696,73.45028717674018,4.608695652173913,36.95652173913043
PRV51607,6,31,1,5,2,1,0,15,1,14,1027.3333333333333,15410,4.285714285714286,60.0,15,0.6666666666666666,73.20447182295233,5.0,33.33333333333333
PRV51608,30,102,5,5,1,1,0,37,9,28,2111.891891891892,78140,267.35135135135135,9892.0,37,1.837837837837838,72.6290397173354,4.675675675675675,37.83783783783784
PRV51609,58,197,12,5,1,1,0,75,12,63,1477.2,110790,160.51351351351352,11878.0,70,2.68,74.82516997490303,4.8533333333333335,30.666666666666664
PRV51610,10,32,4,5,1,1,0,6,3,3,7191.666666666667,43150,534.0,3204.0,6,4.666666666666667,75.82432124115903,5.166666666666667,66.66666666666666
PRV51611,3,12,0,5,2,1,0,8,0,8,347.5,2780,0.0,0.0,8,2.5,73.18480492813141,3.125,25.0
PRV51612,13,51,6,5,1,1,0,13,6,7,5136.153846153846,66770,492.9230769230769,6408.0,13,5.538461538461538,76.10361712209762,4.3076923076923075,61.53846153846154
PRV51613,18,57,2,5,2,1,0,21,4,17,973.8095238095239,20450,203.42857142857142,4272.0,21,1.9047619047619047,69.89420162315439,4.857142857142857,23.809523809523807
PRV51614,71,605,68,5,2,1,1,268,148,120,5493.0970149253735,1472150,586.4528301886793,155410.0,243,3.388059701492537,73.89431691644448,4.7835820895522385,66.4179104477612
PRV51616,30,56,0,5,1,1,0,26,0,26,235.3846153846154,6120,0.0,0.0,26,1.5,71.01795398304638,4.653846153846154,19.230769230769234
PRV51617,12,82,5,5,2,1,0,22,11,11,5057.727272727273,111270,534.0,11748.0,22,5.0,80.4478874992222,4.5,59.09090909090909
PRV51618,1,9,1,5,1,1,0,1,1,0,2000.0,2000,1068.0,1068.0,1,2.0,66.16290212183436,0.0,100.0
PRV51619,12,68,5,5,2,1,0,19,8,11,4113.1578947368425,78150,415.3333333333333,7476.0,18,5.2105263157894735,77.63622608883605,5.473684210526316,63.1578947368421
PRV51620,6,42,3,5,2,1,0,8,3,5,2648.75,21190,400.5,3204.0,8,1.75,76.05783709787816,5.25,62.5
PRV51621,5,23,0,5,2,1,0,9,0,9,58.888888888888886,530,0.0,0.0,9,0.0,71.31644992014601,4.111111111111111,0.0
PRV51622,48,234,7,5,2,1,0,103,9,94,987.2815533980582,101690,94.0,9682.0,94,1.3495145631067962,70.31332442867301,4.553398058252427,25.24271844660194
PRV51623,24,82,5,5,2,1,0,21,7,14,2683.3333333333335,56350,356.0,7476.0,21,1.619047619047619,70.54189889508164,5.095238095238095,61.904761904761905
PRV51624,5,14,0,5,1,1,0,5,0,5,64.0,320,8.0,40.0,5,0.2,66.2713210130048,4.2,40.0
PRV51625,7,35,1,5,1,1,0,7,4,3,2774.285714285714,19420,610.2857142857143,4272.0,7,1.4285714285714286,75.6374303314755,4.571428571428571,71.42857142857143
PRV51626,11,22,2,5,2,1,0,9,1,8,4102.222222222223,36920,118.66666666666667,1068.0,9,3.6666666666666665,78.13430679139098,3.2222222222222223,33.33333333333333
PRV51627,12,78,6,5,1,1,0,26,3,23,1725.3846153846155,44860,123.23076923076923,3204.0,26,2.923076923076923,75.38861685884272,4.153846153846154,23.076923076923077
PRV51628,7,18,3,5,2,1,0,6,2,4,2220.0,13320,356.0,2136.0,6,1.1666666666666667,77.64271047227926,6.166666666666667,33.33333333333333
PRV51629,12,125,16,5,2,1,0,22,22,0,9681.818181818182,213000,1068.0,22428.0,20,6.318181818181818,77.14243046481239,5.090909090909091,100.0
PRV51630,6,18,1,5,1,1,0,5,1,4,372.0,1860,213.6,1068.0,5,5.0,76.70308008213553,4.6,20.0
PRV51631,6,18,0,5,2,1,0,6,0,6,250.0,1500,0.0,0.0,6,1.1666666666666667,83.51813826146476,3.1666666666666665,16.666666666666664
PRV51632,11,77,2,5,2,1,0,26,4,22,1032.6923076923076,26850,167.0,4342.0,25,4.346153846153846,75.52561470015269,4.1923076923076925,23.076923076923077
PRV51634,40,239,4,5,2,1,0,119,5,114,597.3949579831933,71090,47.226890756302524,5620.0,116,0.9915966386554622,73.40624299000915,4.504201680672269,23.52941176470588
PRV51635,26,65,1,5,2,1,0,29,1,28,969.6551724137931,28120,36.827586206896555,1068.0,29,1.3793103448275863,70.6458967641436,4.310344827586207,24.137931034482758
PRV51636,10,497,3,5,2,1,0,316,3,313,569.6835443037975,180020,12.417721518987342,3924.0,187,1.3132911392405062,73.13725643091692,4.6265822784810124,17.72151898734177
PRV51637,22,85,4,5,1,1,0,34,7,27,1277.6470588235295,43440,222.8235294117647,7576.0,34,2.1470588235294117,77.50436848250594,4.205882352941177,41.17647058823529
PRV51638,6,18,1,5,2,1,0,4,2,2,5122.5,20490,534.0,2136.0,4,2.75,63.587268993839835,4.75,75.0
PRV51639,28,115,7,5,2,1,0,29,12,17,3880.0,112520,441.9310344827586,12816.0,29,1.8620689655172413,75.22556586183295,5.586206896551724,51.724137931034484
PRV51640,7,30,0,5,2,1,0,7,3,4,2498.5714285714284,17490,457.7142857142857,3204.0,7,1.2857142857142858,74.96274567321795,4.142857142857143,42.857142857142854
PRV51641,9,41,0,5,2,1,0,14,0,14,121.42857142857143,1700,6.428571428571429,90.0,13,0.0,79.12623447736384,5.5,28.57142857142857
PRV51642,17,64,1,5,2,1,0,29,1,28,360.6896551724138,10460,4.285714285714286,120.0,25,0.7931034482758621,75.07753310203213,4.068965517241379,24.137931034482758
PRV51644,13,57,1,5,2,1,0,24,1,23,687.0833333333334,16490,49.083333333333336,1178.0,24,1.625,71.98300250969656,3.9583333333333335,20.833333333333336
PRV51645,6,13,0,5,1,1,0,5,0,5,56.0,280,18.0,90.0,5,5.4,71.54277891854893,4.8,0.0
PRV51647,7,61,5,5,2,1,0,12,6,6,3745.0,44940,534.0,6408.0,12,4.416666666666667,77.08647045402692,5.083333333333333,50.0
PRV51650,2,54,0,5,1,1,0,24,0,24,553.75,13290,0.0,0.0,23,1.5416666666666667,67.97752680812229,3.4166666666666665,20.833333333333336
PRV51652,2,148,0,5,2,1,0,64,0,64,275.0,17600,4.21875,270.0,49,2.59375,72.81913073237509,5.0,18.75
PRV51653,2,46,0,5,2,1,0,24,0,24,355.4166666666667,8530,4.583333333333333,110.0,24,2.625,75.70876112251882,4.208333333333333,16.666666666666664
PRV51654,1,3,0,5,1,2,0,2,0,2,110.0,220,5.0,10.0,2,2.0,60.821355236139624,6.5,0.0
PRV51655,3,18,0,5,2,1,0,3,0,3,23.333333333333332,70,13.333333333333334,40.0,3,1.6666666666666667,76.17157198266028,3.3333333333333335,33.33333333333333
PRV51656,1,48,0,5,1,1,0,23,0,23,211.30434782608697,4860,0.0,0.0,23,2.0434782608695654,70.15528375442669,4.521739130434782,13.043478260869565
PRV51657,3,11,0,5,1,1,0,4,0,4,940.0,3760,50.0,200.0,4,0.0,71.4633812457221,6.5,0.0
PRV51658,3,14,0,5,2,1,0,5,0,5,354.0,1770,0.0,0.0,5,0.0,68.94455852156058,3.6,40.0
PRV51660,4,10,0,5,2,1,0,3,0,3,60.0,180,10.0,30.0,3,0.0,58.992470910335385,5.0,0.0
PRV51661,4,281,1,5,2,1,0,134,0,134,355.0,47570,4.253731343283582,570.0,89,2.253731343283582,73.24586513020115,4.574626865671642,17.91044776119403
PRV51664,9,23,0,5,2,1,0,10,0,10,79.0,790,5.0,50.0,10,0.0,73.38809034907597,4.6,30.0
PRV51665,2,35,0,5,2,1,0,15,0,15,254.0,3810,2.6666666666666665,40.0,15,1.8666666666666667,76.22943189596167,3.8,20.0
PRV51666,2,3,0,5,2,1,0,1,0,1,50.0,50,0.0,0.0,1,0.0,48.99931553730322,0.0,0.0
PRV51668,8,93,0,5,2,1,0,38,0,38,237.3684210526316,9020,2.8947368421052633,110.0,27,0.21052631578947367,77.75561079289601,4.973684210526316,18.421052631578945
PRV51669,33,150,0,5,2,1,0,76,0,76,277.10526315789474,21060,4.2105263157894735,320.0,74,2.6184210526315788,72.39389026982239,4.407894736842105,21.052631578947366
PRV51670,84,685,2,5,2,1,0,436,1,435,281.76605504587155,122850,5.31651376146789,2318.0,286,1.3188073394495412,75.17330721072032,4.068807339449541,18.807339449541285
PRV51671,19,88,0,5,2,1,0,39,0,39,217.69230769230768,8490,2.5641025641025643,100.0,39,0.717948717948718,73.78627213534811,4.333333333333333,20.51282051282051
PRV51672,5,25,0,5,1,1,0,6,0,6,378.3333333333333,2270,0.0,0.0,6,0.16666666666666666,68.27195984485512,2.6666666666666665,16.666666666666664
PRV51673,1,322,0,5,2,1,0,183,0,183,279.672131147541,51180,3.7158469945355193,680.0,77,1.0437158469945356,73.04226837670134,3.907103825136612,21.311475409836063
PRV51674,2,18,0,5,2,1,0,4,0,4,350.0,1400,0.0,0.0,4,0.0,78.6858316221766,4.5,0.0
PRV51675,9,65,0,5,2,1,0,28,0,28,274.64285714285717,7690,3.5714285714285716,100.0,28,1.3571428571428572,70.29490564192822,4.5,10.714285714285714
PRV51676,24,262,3,5,2,1,0,138,3,135,666.0869565217391,91920,26.985507246376812,3724.0,126,1.434782608695652,74.3542739239552,4.478260869565218,26.811594202898554
PRV51678,30,139,0,5,2,1,0,66,0,66,386.969696969697,25540,4.696969696969697,310.0,64,1.3484848484848484,74.25627942671065,4.46969696969697,21.21212121212121
PRV51679,8,88,2,5,2,1,0,38,2,36,1037.3684210526317,39420,58.05263157894737,2206.0,16,1.5263157894736843,77.05673835512808,4.2631578947368425,34.21052631578947
PRV51681,11,65,2,5,1,1,0,26,1,25,2658.846153846154,69130,41.07692307692308,1068.0,26,2.0384615384615383,70.8870636550308,4.8076923076923075,15.384615384615385
PRV51682,9,34,0,5,2,1,0,16,0,16,569.375,9110,0.0,0.0,16,1.625,79.7862765229295,6.0,18.75
PRV51685,4,114,0,5,2,1,0,55,0,55,215.0909090909091,11830,1.4545454545454546,80.0,40,0.32727272727272727,74.64809906041938,4.090909090909091,20.0
PRV51687,4,34,0,5,2,1,0,10,0,10,253.0,2530,10.0,100.0,6,2.1,71.82970568104038,4.8,30.0
PRV51688,6,25,0,5,1,1,0,9,2,7,2517.777777777778,22660,237.33333333333334,2136.0,9,0.6666666666666666,72.33036732831394,5.222222222222222,55.55555555555556
PRV51689,1,2,0,5,1,5,0,1,0,1,1700.0,1700,0.0,0.0,1,0.0,66.92676249144422,3.0,0.0
PRV51690,31,438,5,5,2,1,0,255,7,248,491.29411764705884,125280,30.650980392156864,7816.0,221,1.5607843137254902,74.89271651165599,4.447058823529412,23.52941176470588
PRV51691,4,181,0,5,2,1,0,88,0,88,304.4318181818182,26790,2.0454545454545454,180.0,49,1.2727272727272727,72.40243295376766,4.318181818181818,17.045454545454543
PRV51692,1,37,0,5,1,1,0,11,0,11,88.18181818181819,970,0.0,0.0,11,0.09090909090909091,71.70754775682907,4.545454545454546,36.36363636363637
PRV51693,1,203,0,5,2,1,0,113,0,113,186.72566371681415,21100,3.3628318584070795,380.0,51,0.911504424778761,74.19810652177864,3.5929203539823007,18.58407079646018
PRV51694,1,46,0,5,2,1,0,26,0,26,228.46153846153845,5940,2.6923076923076925,70.0,21,0.038461538461538464,70.18122466171748,3.923076923076923,26.923076923076923
PRV51695,1,607,0,5,2,1,0,429,0,429,263.8228438228438,113180,2.9603729603729603,1270.0,177,1.393939393939394,71.65902589311213,4.375291375291376,20.745920745920746
PRV51696,3,15,0,29,1,1,0,9,0,9,81.11111111111111,730,0.0,0.0,9,0.7777777777777778,67.53061069282836,4.333333333333333,22.22222222222222
PRV51697,2,154,0,5,2,1,0,63,0,63,342.85714285714283,21600,6.031746031746032,380.0,54,2.253968253968254,74.24486381365232,4.698412698412699,22.22222222222222
PRV51698,2,26,0,5,2,1,0,13,0,13,146.92307692307693,1910,0.0,0.0,13,1.6923076923076923,72.02906333912493,4.461538461538462,30.76923076923077
PRV51699,1,382,1,5,2,1,0,209,0,209,257.2248803827751,53760,4.880382775119617,1020.0,131,1.2535885167464116,72.33908740490389,4.110047846889952,20.574162679425836
PRV51702,6,17,0,5,2,1,0,10,0,10,323.0,3230,8.0,80.0,10,0.0,70.31950718685832,4.5,20.0
PRV51703,2,7,0,5,1,1,0,2,0,2,40.0,80,0.0,0.0,2,0.0,69.61533196440794,4.0,0.0
PRV51704,1,1,0,5,2,1,0,1,0,1,600.0,600,0.0,0.0,1,0.0,66.44216290212184,6.0,0.0
PRV51705,1,3,0,5,1,1,0,1,0,1,400.0,400,0.0,0.0,1,0.0,79.08008213552361,4.0,0.0
PRV51706,1,6,0,5,2,1,0,2,0,2,165.0,330,0.0,0.0,2,0.0,79.46611909650923,4.5,0.0
PRV51707,2,24,0,5,2,1,0,12,0,12,22.5,270,3.3333333333333335,40.0,12,1.6666666666666667,75.91444216290212,5.083333333333333,0.0
PRV51708,4,9,0,5,2,1,0,4,0,4,102.5,410,12.5,50.0,4,0.0,82.30184804928132,4.75,0.0
PRV51709,10,23,0,5,2,1,0,10,0,10,161.0,1610,0.0,0.0,10,0.0,70.63709787816563,3.8,30.0
PRV51710,18,83,9,5,2,1,0,17,14,3,7122.35294117647,121080,884.2352941176471,15032.0,17,3.3529411764705883,77.04312114989733,6.0588235294117645,82.35294117647058
PRV51711,1,6,0,5,1,1,0,1,1,0,4000.0,4000,1068.0,1068.0,1,3.0,66.62559890485969,2.0,100.0
PRV51712,1,7,0,5,2,1,0,3,0,3,286.6666666666667,860,0.0,0.0,3,4.333333333333333,79.49075975359342,2.6666666666666665,33.33333333333333
PRV51713,2,28,0,5,2,1,0,13,0,13,106.15384615384616,1380,3.8461538461538463,50.0,13,0.3076923076923077,71.98757436950456,4.153846153846154,61.53846153846154
PRV51715,7,47,4,5,1,1,0,12,3,9,5611.666666666667,67340,267.0,3204.0,12,1.3333333333333333,74.59890485968515,3.8333333333333335,33.33333333333333
PRV51716,3,156,0,5,2,1,0,82,0,82,280.8536585365854,23030,1.3414634146341464,110.0,64,0.6707317073170732,73.91135373366055,4.560975609756097,17.073170731707318
PRV51718,2,17,0,5,1,1,0,8,0,8,271.25,2170,0.0,0.0,8,2.5,82.89698836413416,3.5,12.5
PRV51719,3,10,0,5,2,1,0,4,0,4,1185.0,4740,0.0,0.0,4,5.25,72.54893908281998,3.5,25.0
PRV51720,1,9,0,5,2,1,0,4,0,4,180.0,720,0.0,0.0,4,0.0,74.30458590006845,6.5,50.0
PRV51721,2,16,0,5,1,1,0,5,0,5,136.0,680,0.0,0.0,5,0.4,83.47871321013005,4.6,40.0
PRV51722,1,0,0,5,2,1,0,1,0,1,30.0,30,0.0,0.0,1,0.0,70.05886379192334,1.0,0.0
PRV51723,3,28,0,5,1,1,0,16,0,16,333.75,5340,6.25,100.0,16,1.25,76.20841889117042,3.9375,12.5
PRV51724,1,14,0,5,2,1,0,6,0,6,413.3333333333333,2480,0.0,0.0,6,3.3333333333333335,68.59137577002053,5.5,33.33333333333333
PRV51725,3,9,0,5,2,1,0,4,0,4,47.5,190,20.0,80.0,4,0.0,73.37987679671458,2.75,0.0
PRV51726,2,59,0,5,2,1,0,21,0,21,323.3333333333333,6790,0.0,0.0,21,3.0952380952380953,72.01408037547668,4.0,19.047619047619047
PRV51727,1,5,0,5,2,1,0,3,0,3,650.0,1950,0.0,0.0,3,0.0,52.60689025781428,4.666666666666667,33.33333333333333
PRV51729,3,58,0,5,2,1,0,19,0,19,196.8421052631579,3740,0.0,0.0,19,0.5789473684210527,77.15537303216975,4.473684210526316,15.789473684210526
PRV51731,3,82,0,5,1,1,0,38,0,38,229.47368421052633,8720,6.052631578947368,230.0,38,1.8421052631578947,71.71828956374509,5.052631578947368,21.052631578947366
PRV51732,2,30,0,5,1,1,0,12,0,12,580.0,6960,5.0,60.0,12,2.0833333333333335,71.26967830253251,3.3333333333333335,8.333333333333332
PRV51733,2,4,0,5,1,1,0,2,0,2,35.0,70,0.0,0.0,2,0.0,72.83641341546885,5.0,50.0
PRV51734,2,33,0,5,2,1,0,20,0,20,395.0,7900,1.5,30.0,20,1.0,77.95195071868582,4.1,25.0
PRV51735,1,11,0,5,2,1,0,4,0,4,87.5,350,0.0,0.0,4,0.0,75.87816563997262,6.25,25.0
PRV51736,2,42,0,5,2,1,0,21,0,21,267.6190476190476,5620,0.0,0.0,21,0.0,78.28975587497148,4.9523809523809526,23.809523809523807
PRV51737,4,289,0,5,2,1,0,152,0,152,330.92105263157896,50300,2.5,380.0,106,1.3157894736842106,72.67270074570409,4.4605263157894735,17.763157894736842
PRV51738,2,42,0,5,2,1,0,16,0,16,53.125,850,0.0,0.0,14,0.6875,75.68702943189597,3.0,0.0
PRV51739,6,135,0,5,2,1,0,74,0,74,185.13513513513513,13700,1.4864864864864864,110.0,72,0.5135135135135135,72.95280907190559,4.648648648648648,12.162162162162163
PRV51740,3,113,0,5,2,1,0,57,0,57,245.78947368421052,14010,6.140350877192983,350.0,51,1.9473684210526316,73.26704852480276,4.12280701754386,17.543859649122805
PRV51741,2,78,0,5,2,1,0,35,0,35,148.28571428571428,5190,0.0,0.0,34,2.057142857142857,73.32511978097193,4.3428571428571425,17.142857142857142
PRV51742,4,39,0,5,2,1,0,13,0,13,217.69230769230768,2830,3.8461538461538463,50.0,13,1.6153846153846154,81.21813299636709,4.923076923076923,30.76923076923077
PRV51743,1,204,0,5,1,1,0,118,0,118,248.98305084745763,29380,3.305084745762712,390.0,115,0.4491525423728814,73.32539820647573,4.228813559322034,25.423728813559322
PRV51744,1,18,0,5,1,1,0,5,0,5,132.0,660,0.0,0.0,5,0.6,75.20766598220396,3.8,60.0
PRV51745,3,30,0,5,1,1,0,13,0,13,176.15384615384616,2290,15.384615384615385,200.0,12,0.3076923076923077,75.07186858316221,3.4615384615384617,15.384615384615385
PRV51746,3,71,0,5,2,1,0,26,0,26,403.46153846153845,10490,0.0,0.0,25,2.576923076923077,73.82193439688307,4.115384615384615,30.76923076923077
PRV51747,1,12,0,5,1,1,0,4,0,4,375.0,1500,0.0,0.0,4,0.0,65.8021902806297,5.0,25.0
PRV51748,1,44,0,5,2,1,0,18,0,18,447.77777777777777,8060,0.0,0.0,18,1.6111111111111112,74.13704464217811,5.0,27.77777777777778
PRV51749,2,9,0,5,2,1,0,6,0,6,463.3333333333333,2780,13.333333333333334,80.0,6,3.3333333333333335,72.02600958247776,4.333333333333333,0.0
PRV51750,1,14,0,5,2,1,0,3,0,3,533.3333333333334,1600,26.666666666666668,80.0,3,0.0,78.02053388090349,3.3333333333333335,0.0
PRV51751,2,4,0,5,1,1,0,2,0,2,450.0,900,0.0,0.0,2,3.5,75.67830253251198,3.0,0.0
PRV51752,3,158,0,5,2,1,0,87,0,87,376.32183908045977,32740,1.7241379310344827,150.0,69,1.9425287356321839,73.13183380931027,4.528735632183908,21.839080459770116
PRV51753,1,12,0,5,2,1,0,4,0,4,302.5,1210,0.0,0.0,4,5.25,75.56331279945243,3.5,0.0
PRV51754,1,23,0,5,2,1,0,9,0,9,235.55555555555554,2120,0.0,0.0,9,0.0,69.15385200395468,3.7777777777777777,22.22222222222222
PRV51755,1,11,0,5,1,1,0,6,0,6,98.33333333333333,590,0.0,0.0,6,3.3333333333333335,69.97216518366416,5.166666666666667,0.0
PRV51758,3,18,0,5,2,1,0,7,0,7,130.0,910,0.0,0.0,7,2.857142857142857,78.20201427593625,4.714285714285714,0.0
PRV51759,2,26,0,5,2,1,0,13,0,13,83.84615384615384,1090,0.0,0.0,13,1.5384615384615385,74.04433212236087,5.0,30.76923076923077
PRV51761,2,26,0,5,2,1,0,11,0,11,170.0,1870,0.0,0.0,11,1.9090909090909092,67.05519258291332,4.454545454545454,9.090909090909092
PRV51762,2,38,0,5,2,1,0,14,0,14,221.42857142857142,3100,0.0,0.0,14,0.07142857142857142,76.62735895179426,4.285714285714286,14.285714285714285
PRV51763,1,35,0,5,2,1,0,11,0,11,360.0,3960,0.0,0.0,11,0.6363636363636364,67.32449754215668,4.0,36.36363636363637
PRV51764,1,68,0,5,2,1,0,33,0,33,183.63636363636363,6060,3.0303030303030303,100.0,33,1.5151515151515151,73.49685769398296,4.363636363636363,18.181818181818183
PRV51765,2,30,0,5,2,1,0,14,0,14,205.0,2870,0.0,0.0,14,0.07142857142857142,72.59450474234869,3.7857142857142856,14.285714285714285
PRV51766,1,55,0,5,2,1,0,23,0,23,99.56521739130434,2290,0.0,0.0,23,2.260869565217391,76.10189566407762,4.0,8.695652173913043
PRV51767,2,37,0,5,2,1,0,12,0,12,338.3333333333333,4060,16.666666666666668,200.0,12,0.08333333333333333,72.1521788729181,3.9166666666666665,16.666666666666664
PRV51769,7,38,0,5,1,1,0,15,0,15,320.0,4800,0.0,0.0,15,0.2,73.01738535249828,4.733333333333333,33.33333333333333
PRV51770,14,44,0,5,1,1,0,15,0,15,454.6666666666667,6820,8.666666666666666,130.0,15,1.6666666666666667,70.1658224960073,3.7333333333333334,40.0
PRV51771,1,85,0,5,2,1,0,40,0,40,213.25,8530,1.5,60.0,34,0.675,74.17659137577002,3.525,15.0
PRV51773,2,12,0,5,1,1,0,5,0,5,152.0,760,0.0,0.0,5,0.0,80.43258042436688,5.2,60.0
PRV51774,2,6,0,5,1,1,0,3,0,3,996.6666666666666,2990,0.0,0.0,3,6.666666666666667,74.09080538443988,5.666666666666667,0.0
PRV51775,1,72,0,5,2,1,0,39,0,39,246.4102564102564,9610,5.641025641025641,220.0,36,0.46153846153846156,74.05359869425577,4.641025641025641,33.33333333333333
PRV51776,1,127,0,5,2,1,0,54,0,54,234.07407407407408,12640,1.4814814814814814,80.0,31,0.9629629629629629,74.0476081831318,3.6666666666666665,25.925925925925924
PRV51778,1,11,0,5,1,1,0,3,0,3,83.33333333333333,250,0.0,0.0,3,0.0,70.65662788044719,5.666666666666667,33.33333333333333
PRV51779,4,66,0,5,2,1,0,24,0,24,320.4166666666667,7690,0.0,0.0,22,1.7083333333333333,75.8174766141912,4.625,12.5
PRV51780,2,68,0,5,2,1,0,34,0,34,150.58823529411765,5120,1.1764705882352942,40.0,16,0.0,72.73527398639126,4.147058823529412,17.647058823529413
PRV51781,2,61,0,5,2,1,0,24,0,24,125.0,3000,4.166666666666667,100.0,20,1.7916666666666667,72.12434405658225,4.666666666666667,29.166666666666668
PRV51784,2,22,0,5,2,1,0,8,0,8,477.5,3820,0.0,0.0,7,3.125,69.36926762491444,5.125,12.5
PRV51786,2,7,0,5,1,1,0,5,0,5,56.0,280,14.0,70.0,4,2.8,65.01848049281314,3.4,20.0
PRV51787,1,7,0,5,1,1,0,3,0,3,50.0,150,0.0,0.0,3,4.666666666666667,76.42436687200548,4.333333333333333,66.66666666666666
PRV51788,1,278,0,5,2,1,0,139,0,139,279.0647482014389,38790,1.5827338129496402,220.0,85,1.0359712230215827,74.03650795995647,4.985611510791367,23.021582733812952
PRV51789,1,57,0,5,2,1,0,32,0,32,216.875,6940,2.5,80.0,28,0.15625,75.31262833675565,4.03125,6.25
PRV51790,8,152,0,5,2,1,0,76,0,76,244.47368421052633,18580,0.6578947368421053,50.0,74,0.9210526315789473,73.27274037249181,4.842105263157895,13.157894736842104
PRV51792,3,98,0,5,2,1,0,46,0,46,465.0,21390,4.3478260869565215,200.0,26,2.4130434782608696,74.90575246257775,4.391304347826087,28.26086956521739
PRV51793,6,57,0,5,2,1,0,25,0,25,200.0,5000,0.0,0.0,12,2.12,65.60164271047228,5.4,12.0
PRV51794,1,29,0,5,1,1,0,11,0,11,183.63636363636363,2020,0.0,0.0,11,3.1818181818181817,76.56026382925766,4.454545454545454,18.181818181818183
PRV51795,3,79,0,5,2,1,0,36,0,36,208.61111111111111,7510,0.0,0.0,26,1.3611111111111112,74.55456688721576,4.5,22.22222222222222
PRV51796,4,8,0,5,2,1,0,4,0,4,35.0,140,0.0,0.0,4,0.0,73.27446954140999,3.25,0.0
PRV51797,1,13,0,5,2,1,0,5,0,5,90.0,450,20.0,100.0,4,7.6,65.00752908966462,3.8,20.0
PRV51798,1,24,0,5,2,1,0,10,0,10,142.0,1420,0.0,0.0,8,0.1,76.52594113620808,3.6,10.0
PRV51799,1,8,0,5,2,1,0,3,0,3,243.33333333333334,730,0.0,0.0,3,1.0,82.87291809263063,4.0,33.33333333333333
PRV51801,1,49,0,5,2,1,0,20,0,20,251.5,5030,2.0,40.0,20,0.1,80.05229295003423,4.7,15.0
PRV51802,1,54,0,5,1,1,0,24,0,24,205.41666666666666,4930,8.333333333333334,200.0,22,1.9583333333333333,79.15879534565367,4.291666666666667,8.333333333333332
PRV51803,4,27,2,5,1,1,0,5,2,3,6714.0,33570,427.2,2136.0,5,1.6,74.66447638603697,5.8,80.0
PRV51805,2,25,2,5,1,1,1,3,3,0,22333.333333333332,67000,1068.0,3204.0,3,12.0,71.53365274925851,4.666666666666667,100.0
PRV51806,2,9,1,5,2,1,0,1,1,0,13000.0,13000,1068.0,1068.0,1,4.0,69.69199178644764,5.0,100.0
PRV51807,2,44,7,5,2,1,0,7,7,0,14000.0,98000,1068.0,7476.0,7,4.714285714285714,78.2630292363352,5.857142857142857,100.0
PRV51809,2,152,17,5,2,1,0,27,27,0,8963.703703703704,242020,1068.0,28836.0,26,5.888888888888889,74.3646918650341,5.333333333333333,100.0
PRV51810,3,24,2,5,1,1,0,3,3,0,9666.666666666666,29000,1068.0,3204.0,3,4.666666666666667,83.91877709331509,4.666666666666667,100.0
PRV51811,1,100,11,5,1,1,0,15,15,0,13266.666666666666,199000,1068.0,16020.0,15,5.466666666666667,70.44818617385353,5.133333333333334,100.0
PRV51812,1,10,1,5,2,1,0,1,1,0,6000.0,6000,1068.0,1068.0,1,7.0,57.637234770705,5.0,100.0
PRV51813,2,57,9,5,1,1,0,10,10,0,11000.0,110000,1068.0,10680.0,10,8.1,76.55277207392197,5.0,100.0
PRV51815,1,16,0,5,2,1,0,5,0,5,162.0,810,0.0,0.0,5,0.0,64.87611225188228,4.6,0.0
PRV51816,2,43,5,5,2,1,0,7,7,0,9714.285714285714,68000,1068.0,6408.0,7,3.857142857142857,73.01613376356703,5.857142857142857,100.0
PRV51818,3,163,17,5,2,1,1,29,29,0,9206.896551724138,267000,1068.0,30972.0,27,6.0,73.60183152776794,5.379310344827586,100.0
PRV51819,1,18,0,5,2,1,0,3,2,1,2350.0,7050,712.0,2136.0,3,4.0,78.60004563084645,3.6666666666666665,66.66666666666666
PRV51820,2,29,3,5,1,1,0,5,5,0,5000.0,25000,1068.0,5340.0,5,4.0,79.68350444900753,5.4,100.0
PRV51821,4,74,4,5,2,1,0,10,10,0,13800.0,138000,1068.0,9612.0,10,11.5,73.33141683778234,5.9,100.0
PRV51822,1,1,0,5,1,1,0,1,1,0,600.0,600,1068.0,1068.0,1,17.0,88.85147159479808,3.0,100.0
PRV51823,3,67,1,5,1,1,0,11,8,3,4048.181818181818,44530,776.7272727272727,8544.0,11,3.8181818181818183,72.01194698525295,4.909090909090909,72.72727272727273
PRV51824,7,76,3,5,2,1,0,10,10,0,5990.0,59900,1068.0,9612.0,9,6.9,65.90855578370979,6.6,100.0
PRV51826,4,119,17,5,1,1,1,21,21,0,12619.047619047618,265000,1068.0,21360.0,20,5.809523809523809,68.94351553078452,5.238095238095238,100.0
PRV51827,1,109,9,5,1,1,0,18,18,0,7222.222222222223,130000,1068.0,18156.0,17,6.722222222222222,69.0653281618374,6.055555555555555,100.0
PRV51828,4,69,9,5,2,1,0,11,11,0,10090.90909090909,111000,1068.0,11748.0,11,3.3636363636363638,75.03901437371663,6.0,100.0
PRV51829,1,36,2,5,1,1,0,5,5,0,7200.0,36000,1068.0,5340.0,5,10.0,74.64531143052704,6.0,100.0
PRV51830,2,42,1,5,1,1,0,6,6,0,3333.3333333333335,20000,1068.0,6408.0,6,4.0,69.06593657312344,4.333333333333333,100.0
PRV51831,2,18,2,5,1,1,0,2,2,0,14000.0,28000,1068.0,1068.0,2,4.0,66.82409308692677,4.5,100.0
PRV51833,1,24,2,5,2,1,0,3,3,0,5000.0,15000,1068.0,3204.0,3,3.3333333333333335,80.33858088067534,5.333333333333333,100.0
PRV51836,4,1724,0,6,2,1,1,1794,0,1794,281.4938684503902,505000,2.9264214046822743,5250.0,644,1.5512820512820513,74.51416807260036,4.229096989966555,19.620958751393534
PRV51837,87,228,10,6,1,1,0,104,15,89,1926.0576923076924,200310,147.3009708737864,15172.0,99,2.3653846153846154,74.22982151318908,4.019230769230769,26.923076923076923
PRV51838,119,328,0,6,1,1,0,200,0,200,270.0,54000,4.35,870.0,169,1.045,73.6986584531143,4.38,21.0
PRV51840,45,320,21,6,2,1,1,118,39,79,3225.423728813559,380600,355.6949152542373,41972.0,111,2.9661016949152543,72.846599148482,4.406779661016949,43.22033898305085
PRV51841,43,148,4,6,2,1,0,56,8,48,2362.6785714285716,132310,159.53571428571428,8934.0,52,1.7678571428571428,73.18548939082821,4.821428571428571,33.92857142857143
PRV51842,112,636,64,6,2,1,1,294,117,177,4151.700680272109,1220600,422.43150684931504,123350.0,223,3.078231292517007,71.29237732053808,4.459183673469388,51.02040816326531
PRV51843,12,121,0,6,2,1,0,50,0,50,376.2,18810,1.0,50.0,36,1.6,72.29125256673511,3.84,24.0
PRV51845,20,123,4,6,1,1,0,45,11,34,2450.6666666666665,110280,262.6222222222222,11818.0,40,1.9777777777777779,72.56338885086319,4.133333333333334,35.55555555555556
PRV51846,10,74,4,6,1,1,0,29,2,27,657.5862068965517,19070,77.10344827586206,2236.0,25,1.2413793103448276,65.97587859047889,4.413793103448276,31.03448275862069
PRV51847,28,79,0,6,1,1,0,42,0,42,224.28571428571428,9420,0.0,0.0,38,0.8333333333333334,75.28268309377138,3.9047619047619047,23.809523809523807
PRV51848,23,121,0,6,1,1,0,57,0,57,275.0877192982456,15680,0.0,0.0,55,0.8947368421052632,74.6767534853561,4.280701754385965,17.543859649122805
PRV51849,75,278,2,6,1,1,0,146,3,143,346.71232876712327,50620,25.91780821917808,3784.0,111,1.0410958904109588,75.16711203622964,4.068493150684931,16.43835616438356
PRV51851,14,742,30,6,2,1,1,472,53,419,1418.4110169491526,669490,118.33617021276596,55618.0,336,1.7923728813559323,72.93074745646702,4.396186440677966,26.48305084745763
PRV51852,14,38,0,6,1,1,0,19,0,19,407.36842105263156,7740,3.1578947368421053,60.0,18,0.15789473684210525,76.91948557224684,4.105263157894737,21.052631578947366
PRV51855,39,261,15,32,2,1,0,120,16,104,1209.75,145170,144.06666666666666,17288.0,92,2.058333333333333,71.05058179329225,4.05,26.666666666666668
PRV51856,88,228,0,6,2,1,0,117,0,117,269.2307692307692,31500,2.5641025641025643,300.0,107,1.7606837606837606,72.03226919859364,4.111111111111111,21.367521367521366
PRV51857,35,193,21,6,2,1,1,57,26,31,6727.894736842105,383490,476.7857142857143,26700.0,47,2.824561403508772,71.04746808842778,5.035087719298246,59.64912280701754
PRV51858,19,122,0,6,2,1,0,61,0,61,235.7377049180328,14380,3.278688524590164,200.0,59,1.5245901639344261,72.79343813467084,4.180327868852459,18.0327868852459
PRV51859,20,137,0,6,2,1,0,65,0,65,238.46153846153845,15500,2.4615384615384617,160.0,60,1.4307692307692308,74.54523245406202,4.153846153846154,20.0
PRV51860,13,981,1,6,2,1,0,776,4,772,315.21907216494844,244610,7.231958762886598,5612.0,351,1.2951030927835052,75.75980651580262,4.216494845360825,20.36082474226804
PRV51861,13,46,0,6,2,1,0,21,0,21,131.42857142857142,2760,0.0,0.0,20,0.9047619047619048,75.52569994459111,4.095238095238095,14.285714285714285
PRV51862,24,80,6,6,2,1,0,20,8,12,4643.5,92870,427.7,8554.0,20,2.25,73.57590691307324,4.2,40.0
PRV51863,58,218,16,6,2,1,0,73,19,54,3927.3972602739727,286700,256.14084507042253,18186.0,66,3.8904109589041096,73.93656062182967,5.123287671232877,39.726027397260275
PRV51864,21,255,2,6,1,1,0,133,6,127,684.8872180451128,91090,50.661654135338345,6738.0,75,1.0300751879699248,73.15469371580903,4.195488721804511,20.30075187969925
PRV51865,14,66,0,6,2,1,0,28,0,28,416.7857142857143,11670,0.0,0.0,27,0.9285714285714286,75.09034907597535,3.75,14.285714285714285
PRV51867,89,207,0,6,2,1,0,102,0,102,315.0,32130,2.9411764705882355,300.0,97,1.4313725490196079,73.9694541745514,4.147058823529412,15.686274509803921
PRV51868,40,413,61,6,2,1,1,144,100,44,7636.875,1099710,730.2877697841726,101510.0,123,4.138888888888889,72.33926534337212,4.770833333333333,73.61111111111111
PRV51869,14,47,0,6,2,1,0,21,2,19,1260.952380952381,26480,105.04761904761905,2206.0,21,0.42857142857142855,73.38756885368795,4.095238095238095,19.047619047619047
PRV51870,29,127,0,6,2,1,0,55,0,55,350.72727272727275,19290,1.0909090909090908,60.0,54,1.1272727272727272,72.46304523676187,3.8727272727272726,18.181818181818183
PRV51871,22,62,0,6,1,1,0,30,0,30,197.33333333333334,5920,0.6666666666666666,20.0,29,1.5333333333333334,74.83586584531143,4.533333333333333,6.666666666666667
PRV51872,25,53,0,6,1,1,0,24,0,24,368.3333333333333,8840,4.583333333333333,110.0,23,0.0,76.87417294090805,3.875,16.666666666666664
PRV51873,90,334,18,6,2,1,1,144,26,118,2371.3888888888887,341480,196.16666666666666,28248.0,130,1.7430555555555556,72.94201079930033,4.104166666666667,36.80555555555556
PRV51874,12,103,0,6,2,1,0,44,0,44,256.59090909090907,11290,1.5909090909090908,70.0,42,0.6136363636363636,74.82919544521188,4.659090909090909,20.454545454545457
PRV51875,1,2,0,6,2,1,0,1,0,1,50.0,50,0.0,0.0,1,0.0,73.54414784394251,3.0,0.0
PRV51876,48,202,14,6,2,1,1,61,18,43,3972.4590163934427,242320,305.6,18336.0,57,3.540983606557377,74.74292254350827,4.540983606557377,47.540983606557376
PRV51877,2,6,0,6,1,1,0,4,0,4,72.5,290,0.0,0.0,4,0.0,74.81382614647501,4.25,25.0
PRV51878,18,25,0,6,2,1,0,12,0,12,259.1666666666667,3110,7.5,90.0,12,3.3333333333333335,73.32534793520419,4.916666666666667,16.666666666666664
PRV51879,2,205,0,6,1,1,0,105,0,105,387.7142857142857,40710,3.5238095238095237,370.0,36,1.9619047619047618,73.69684169355627,4.085714285714285,25.71428571428571
PRV51884,20,119,5,6,2,1,0,44,5,39,1921.1363636363637,84530,122.72727272727273,5400.0,44,1.2954545454545454,75.26619376516707,3.75,27.27272727272727
PRV51885,11,181,0,6,2,1,0,85,0,85,302.0,25670,1.411764705882353,120.0,49,2.411764705882353,74.83367556468173,4.741176470588235,18.823529411764707
PRV51886,2,43,0,6,2,1,0,18,0,18,120.0,2160,2.7777777777777777,50.0,5,1.2222222222222223,70.7624914442163,4.277777777777778,22.22222222222222
PRV51887,2,4,0,6,1,1,0,2,0,2,60.0,120,20.0,40.0,2,0.0,70.78986995208761,4.0,0.0
PRV51888,5,9,0,6,2,1,0,5,0,5,128.0,640,20.0,100.0,5,0.0,68.87446954141,2.4,20.0
PRV51889,2,7,0,6,2,1,0,4,0,4,42.5,170,0.0,0.0,1,0.0,77.72689938398358,3.0,50.0
PRV51890,8,56,0,6,2,1,0,21,1,20,690.952380952381,14510,53.714285714285715,1128.0,18,2.0476190476190474,71.51605227991266,4.809523809523809,14.285714285714285
PRV51891,3,13,0,6,1,1,0,3,0,3,160.0,480,0.0,0.0,3,0.0,66.91672370522473,6.0,33.33333333333333
PRV51892,3,8,0,6,2,1,0,5,0,5,150.0,750,0.0,0.0,5,0.0,60.045448323066395,4.2,40.0
PRV51894,13,50,0,6,2,1,0,20,0,20,460.5,9210,0.0,0.0,20,0.55,75.83764544832306,4.55,40.0
PRV51895,6,40,0,6,2,1,0,18,0,18,207.22222222222223,3730,11.11111111111111,200.0,8,2.0,70.77192181914975,4.611111111111111,33.33333333333333
PRV51896,3,11,0,6,1,1,0,5,0,5,106.0,530,0.0,0.0,4,4.0,67.0652977412731,4.0,0.0
PRV51897,12,122,0,6,2,1,0,65,0,65,168.15384615384616,10930,2.923076923076923,190.0,38,1.0307692307692307,75.40209550887168,4.769230769230769,20.0
PRV51898,24,128,0,6,2,1,0,59,1,58,212.20338983050848,12520,18.10169491525424,1068.0,49,0.6949152542372882,75.90654183923247,4.508474576271187,27.11864406779661
PRV51899,5,41,0,6,2,1,0,23,0,23,239.1304347826087,5500,0.0,0.0,16,2.0,75.60551141267149,3.9565217391304346,34.78260869565217
PRV51901,6,13,0,6,2,1,0,7,0,7,514.2857142857143,3600,0.0,0.0,7,0.42857142857142855,77.0403832991102,4.0,14.285714285714285
PRV51902,2,8,0,28,1,1,0,4,0,4,325.0,1300,0.0,0.0,1,1.0,76.35181382614647,3.0,25.0
PRV51905,1,398,0,6,1,1,0,257,0,257,321.16731517509726,82540,2.6070038910505837,670.0,85,1.11284046692607,72.51110454168965,4.151750972762646,22.56809338521401
PRV51906,1,58,0,6,1,1,0,22,0,22,124.0909090909091,2730,0.0,0.0,8,0.8181818181818182,70.44477630514592,3.6363636363636362,31.818181818181817
PRV51908,2,51,0,6,2,1,0,22,0,22,648.6363636363636,14270,7.2727272727272725,160.0,22,3.4545454545454546,72.0256362391886,4.090909090909091,22.727272727272727
PRV51909,9,40,0,6,2,1,0,16,0,16,216.25,3460,0.0,0.0,16,2.0,76.79654346338124,3.875,18.75
PRV51910,3,154,0,6,2,1,0,82,0,82,340.8536585365854,27950,1.4634146341463414,120.0,49,2.024390243902439,68.40470109013205,4.2073170731707314,18.29268292682927
PRV51911,2,175,0,6,2,1,0,93,0,93,274.6236559139785,25540,2.2580645161290325,210.0,56,1.7419354838709677,72.04454159398851,4.053763440860215,22.58064516129032
PRV51913,1,1,0,6,2,1,0,1,0,1,70.0,70,0.0,0.0,1,0.0,76.8788501026694,6.0,0.0
PRV51914,3,33,0,6,1,1,0,11,0,11,152.72727272727272,1680,0.0,0.0,11,0.0,77.1354613900815,3.3636363636363638,36.36363636363637
PRV51915,3,43,0,6,2,1,0,20,0,20,308.5,6170,0.0,0.0,16,0.55,76.51252566735113,4.05,20.0
PRV51916,1,106,0,6,1,1,0,43,0,43,169.53488372093022,7290,0.0,0.0,13,0.5116279069767442,67.0399694379447,4.6976744186046515,20.930232558139537
PRV51917,1,25,0,6,1,1,0,11,0,11,88.18181818181819,970,0.0,0.0,9,1.8181818181818181,71.77325617572025,3.909090909090909,27.27272727272727
PRV51918,1,1,0,6,1,1,0,1,0,1,50.0,50,0.0,0.0,1,0.0,74.77070499657769,2.0,0.0
PRV51919,3,48,6,6,1,1,0,6,6,0,16833.333333333332,101000,1068.0,6408.0,6,5.666666666666667,69.32694501483003,5.166666666666667,100.0
PRV51920,3,76,6,6,2,1,1,18,9,9,5594.444444444444,100700,539.5555555555555,9712.0,18,3.4444444444444446,70.27697923796487,4.277777777777778,55.55555555555556
PRV51921,1,145,0,6,1,1,0,70,0,70,275.57142857142856,19290,2.4285714285714284,170.0,24,0.45714285714285713,78.49433851569376,4.142857142857143,8.571428571428571
PRV51922,7,61,0,6,1,1,0,24,0,24,212.08333333333334,5090,4.166666666666667,100.0,11,0.041666666666666664,68.7217659137577,4.958333333333333,25.0
PRV51923,2,15,0,6,2,1,0,9,0,9,115.55555555555556,1040,11.11111111111111,100.0,7,2.5555555555555554,71.66872005475702,4.111111111111111,33.33333333333333
PRV51924,8,119,0,6,2,1,0,50,0,50,314.2,15710,2.0,100.0,25,0.78,71.23608487337441,4.92,20.0
PRV51925,1,10,0,6,1,1,0,4,0,4,490.0,1960,0.0,0.0,3,0.0,76.05065023956195,4.75,0.0
PRV51926,5,70,0,6,2,1,0,32,0,32,433.4375,13870,4.375,140.0,30,0.71875,76.0242984257358,4.65625,25.0
PRV51927,3,45,5,6,2,1,0,6,5,1,10675.0,64050,890.0,5340.0,6,9.5,76.92721879990874,5.666666666666667,83.33333333333334
PRV51928,10,84,0,33,2,1,0,30,0,30,238.0,7140,1.6666666666666667,50.0,30,1.5333333333333334,74.58918548939083,5.0,13.333333333333334
PRV51929,55,221,6,5,2,1,0,111,8,103,960.6306306306307,106630,81.65765765765765,9064.0,109,2.684684684684685,74.15902966621651,4.504504504504505,24.324324324324326
PRV51930,6,12,0,7,1,1,0,6,0,6,168.33333333333334,1010,0.0,0.0,6,0.0,80.30298882044262,4.0,33.33333333333333
PRV51931,32,94,0,7,1,1,0,46,1,45,400.6521739130435,18430,25.17391304347826,1158.0,45,1.1304347826086956,75.56545546528584,4.3478260869565215,15.217391304347828
PRV51932,12,50,3,7,2,1,0,21,2,19,1522.3809523809523,31970,105.52380952380952,2216.0,21,2.0952380952380953,75.78214530165249,4.904761904761905,23.809523809523807
PRV51933,52,124,0,7,2,1,0,57,0,57,252.10526315789474,14370,3.8596491228070176,220.0,56,1.6140350877192982,75.5954225056138,4.175438596491228,15.789473684210526
PRV51934,18,208,0,10,2,1,0,111,0,111,245.67567567567568,27270,4.954954954954955,550.0,111,1.3783783783783783,74.10888506576391,4.666666666666667,22.52252252252252
PRV51935,48,141,3,10,2,1,0,57,3,54,671.578947368421,38280,57.96491228070175,3304.0,55,1.4035087719298245,75.65114017075544,4.421052631578948,29.82456140350877
PRV51936,21,44,0,7,1,1,0,20,0,20,238.5,4770,3.0,60.0,20,1.6,71.947022587269,4.65,25.0
PRV51937,67,161,0,7,2,1,0,90,0,90,203.0,18270,1.7777777777777777,160.0,87,1.5222222222222221,74.77785382918853,4.288888888888889,18.88888888888889
PRV51938,3,208,0,7,2,1,0,106,2,104,396.41509433962267,42020,21.660377358490567,2296.0,95,1.4622641509433962,73.99628065553446,4.386792452830188,18.867924528301888
PRV51940,24,645,86,7,2,1,1,251,193,58,7937.330677290836,1992270,816.520325203252,200864.0,227,4.852589641434263,74.30860814101567,5.163346613545817,82.47011952191235
PRV51941,22,70,2,10,1,1,0,27,2,25,666.2962962962963,17990,80.5925925925926,2176.0,27,1.1481481481481481,76.01754252541384,4.407407407407407,37.03703703703704
PRV51942,36,109,0,7,2,1,0,53,0,53,224.1509433962264,11880,0.9433962264150944,50.0,52,0.5849056603773585,75.020572624075,4.377358490566038,22.641509433962266
PRV51943,70,171,0,10,2,1,0,89,1,88,325.5056179775281,28970,14.247191011235955,1268.0,85,0.4157303370786517,75.98680294395866,4.303370786516854,23.595505617977526
PRV51944,71,237,6,7,2,1,0,124,5,119,775.0,96100,45.32258064516129,5620.0,111,2.532258064516129,74.39012165772449,4.612903225806452,27.419354838709676
PRV51946,88,247,13,33,2,1,0,91,23,68,2212.8571428571427,201370,271.25274725274727,24684.0,89,2.4505494505494507,72.86182127249889,4.747252747252747,43.956043956043956
PRV51947,28,60,0,7,2,1,0,28,1,27,860.3571428571429,24090,43.142857142857146,1208.0,27,1.4642857142857142,73.42368240930868,4.857142857142857,39.285714285714285
PRV51948,10,903,67,7,2,1,1,515,143,372,2951.359223300971,1519950,292.52837573385517,149482.0,354,2.586407766990291,75.53598479562476,4.541747572815534,39.6116504854369
PRV51949,22,206,9,33,2,1,0,71,19,52,3663.943661971831,260140,287.49295774647885,20412.0,68,2.6901408450704225,76.3451620055721,4.577464788732394,40.845070422535215
PRV51950,18,160,5,7,2,1,0,69,3,66,663.3333333333334,45770,31.852941176470587,2166.0,68,2.0434782608695654,76.07594560009522,4.231884057971015,21.73913043478261
PRV51951,54,302,31,7,2,1,1,102,48,54,4637.35294117647,473010,504.54901960784315,51464.0,87,3.0294117647058822,74.12712216988095,5.264705882352941,58.82352941176471
PRV51952,9,40,0,7,2,1,0,19,0,19,130.0,2470,13.68421052631579,260.0,19,2.1052631578947367,73.94934976043805,4.105263157894737,15.789473684210526
PRV51954,214,852,20,10,2,1,0,643,23,620,701.2908242612752,450930,38.88785046728972,24966.0,577,1.4510108864696734,73.20917201303352,4.199066874027994,24.72783825816485
PRV51956,16,53,1,7,2,1,0,14,2,12,1722.142857142857,24110,159.71428571428572,2236.0,14,3.142857142857143,69.43228708321111,4.0,42.857142857142854
PRV51957,61,251,14,7,2,1,0,79,24,55,2660.6329113924053,210190,315.8205128205128,24634.0,77,2.6202531645569622,72.3257002746515,4.518987341772152,43.037974683544306
PRV51958,24,58,0,7,2,1,0,29,1,28,379.3103448275862,11000,45.10344827586207,1308.0,29,1.1724137931034482,77.08881493544808,4.793103448275862,10.344827586206897
PRV51959,4,918,0,7,2,1,0,751,0,751,284.08788282290277,213350,2.729693741677763,2050.0,398,1.1065246338215713,75.22850937513387,4.177097203728362,18.10918774966711
PRV51960,6,175,16,7,1,1,0,48,21,27,5555.0,266640,468.0833333333333,22468.0,45,2.8333333333333335,74.7419575633128,5.1875,56.25
PRV51961,2,280,0,7,2,1,0,159,0,159,293.1446540880503,46610,1.5723270440251573,250.0,137,1.578616352201258,76.06651772069617,4.238993710691824,16.352201257861633
PRV51963,1,116,0,7,2,1,0,54,0,54,252.40740740740742,13630,6.111111111111111,330.0,48,1.7222222222222223,76.7397267219307,4.148148148148148,12.962962962962962
PRV51964,2,32,0,7,2,1,0,17,0,17,143.52941176470588,2440,3.5294117647058822,60.0,17,0.0,75.34629786206062,4.352941176470588,35.294117647058826
PRV51965,3,45,0,7,2,1,0,19,0,19,141.05263157894737,2680,0.0,0.0,18,0.3157894736842105,75.98486977196585,4.947368421052632,15.789473684210526
PRV51966,2,9,0,7,2,1,0,3,0,3,816.6666666666666,2450,0.0,0.0,3,0.0,81.35432352270135,4.0,33.33333333333333
PRV51967,4,111,0,7,2,1,0,57,0,57,295.2631578947368,16830,3.1578947368421053,180.0,53,0.7894736842105263,77.7977112528069,4.052631578947368,19.298245614035086
PRV51968,2,1,0,7,1,1,0,1,0,1,90.0,90,0.0,0.0,1,0.0,41.08145106091718,0.0,0.0
PRV51969,2,84,0,7,2,1,0,42,0,42,367.85714285714283,15450,1.9047619047619047,80.0,39,2.3095238095238093,72.45272318372933,4.976190476190476,19.047619047619047
PRV51970,1,79,0,7,2,1,0,35,0,35,726.0,25410,0.5714285714285714,20.0,32,0.5714285714285714,74.13560183827124,4.714285714285714,22.857142857142858
PRV51972,3,92,0,7,2,1,0,35,0,35,270.2857142857143,9460,2.0,70.0,34,3.3142857142857145,75.69383005769042,3.857142857142857,11.428571428571429
PRV51973,2,149,0,7,2,1,0,74,0,74,257.56756756756755,19060,2.7027027027027026,200.0,63,1.5,76.4551491943689,4.797297297297297,20.27027027027027
PRV51974,2,16,0,7,2,2,0,4,0,4,177.5,710,12.5,50.0,4,1.25,65.15879534565366,4.5,25.0
PRV51976,1,54,7,7,2,1,0,7,7,0,8714.285714285714,61000,1068.0,7476.0,7,6.714285714285714,77.0485968514716,4.857142857142857,100.0
PRV51977,2,9,1,7,1,1,0,1,1,0,8000.0,8000,1068.0,1068.0,1,3.0,73.31143052703628,5.0,100.0
PRV51978,2,32,0,7,1,1,0,4,4,0,7750.0,31000,1068.0,4272.0,4,5.25,81.97535934291581,6.75,100.0
PRV51979,1,79,8,7,2,1,1,13,13,0,10461.538461538461,136000,1068.0,13884.0,12,5.076923076923077,81.71178855367768,6.076923076923077,100.0
PRV51981,2,35,1,7,2,1,0,5,5,0,3600.0,18000,1068.0,5340.0,5,3.2,75.33251197809719,6.8,100.0
PRV51983,26,88,0,8,1,1,0,40,0,40,176.25,7050,7.0,280.0,39,1.925,76.24681724845996,4.625,10.0
PRV51984,40,722,0,31,2,1,0,525,0,525,306.247619047619,160780,2.704761904761905,1420.0,337,1.9085714285714286,73.96613148202471,4.445714285714286,19.047619047619047
PRV51987,2,7,0,8,1,1,0,2,0,2,15.0,30,0.0,0.0,2,0.0,80.78850102669404,4.5,50.0
PRV51988,2,89,0,8,1,1,0,37,0,37,330.5405405405405,12230,5.135135135135135,190.0,32,2.8378378378378377,73.30906265608523,4.621621621621622,24.324324324324326
PRV51989,1,38,0,8,2,1,0,18,0,18,225.55555555555554,4060,0.0,0.0,18,0.05555555555555555,71.50962050346034,4.0,33.33333333333333
PRV51990,4,207,0,8,1,1,0,89,0,89,210.0,18690,1.797752808988764,160.0,49,0.6404494382022472,73.52861284790316,3.7865168539325844,19.101123595505616
PRV51991,2,79,0,8,2,1,0,31,0,31,308.7096774193548,9570,0.0,0.0,30,2.3870967741935485,74.63027974652802,4.774193548387097,12.903225806451612
PRV51992,2,118,0,8,2,1,0,61,0,61,176.88524590163934,10790,3.1147540983606556,190.0,54,0.8524590163934426,74.49983729985077,3.8688524590163933,16.39344262295082
PRV51993,1,5,0,8,2,1,0,2,0,2,115.0,230,0.0,0.0,2,0.0,72.44216290212184,3.5,50.0
PRV51994,4,86,0,8,2,1,0,33,0,33,356.969696969697,11780,0.9090909090909091,30.0,31,2.0303030303030303,71.44712007135004,4.454545454545454,27.27272727272727
PRV51995,2,35,0,8,2,1,0,20,0,20,485.0,9700,0.0,0.0,20,1.0,73.32361396303901,3.8,15.0
PRV51996,4,87,0,8,2,1,0,41,0,41,245.609756097561,10070,4.390243902439025,180.0,38,2.0,75.76247475000417,4.024390243902439,21.951219512195124
PRV51998,2,62,0,8,2,1,0,28,0,28,191.42857142857142,5360,6.428571428571429,180.0,28,1.25,74.16945340764643,4.071428571428571,28.57142857142857
PRV51999,3,42,0,8,2,1,0,17,0,17,156.47058823529412,2660,0.0,0.0,17,0.058823529411764705,77.42287715907717,3.823529411764706,29.411764705882355
PRV52001,13,1296,0,21,2,1,0,1177,0,1177,272.4044180118946,320620,2.421410365335599,2850.0,744,1.372982158028887,72.65183412159942,4.3313508920985555,18.521665250637213
PRV52002,151,405,21,34,2,1,1,188,24,164,1825.8510638297873,343260,135.20855614973263,25284.0,180,2.484042553191489,73.38983791340819,4.446808510638298,32.4468085106383
PRV52003,59,441,45,9,2,1,0,154,77,77,5239.935064935065,806950,535.2337662337662,82426.0,144,2.8701298701298703,75.10598504849018,5.136363636363637,57.14285714285714
PRV52004,3,93,0,21,2,1,0,47,0,47,333.6170212765957,15680,4.042553191489362,190.0,41,1.5106382978723405,73.60292425764924,4.425531914893617,25.53191489361702
PRV52007,2,37,0,9,2,2,0,18,0,18,106.11111111111111,1910,2.2222222222222223,40.0,18,1.0,69.04220853296829,3.5555555555555554,16.666666666666664
PRV52008,3,60,0,9,2,2,0,25,0,25,193.2,4830,4.0,100.0,24,1.72,73.12974674880219,4.08,24.0
PRV52009,4,87,0,9,2,1,0,35,0,35,164.85714285714286,5770,5.714285714285714,200.0,33,0.3142857142857143,75.49686124963333,4.714285714285714,22.857142857142858
PRV52010,3,13,0,21,2,2,0,7,0,7,200.0,1400,0.0,0.0,7,0.0,81.84531143052705,4.714285714285714,14.285714285714285
PRV52011,8,65,0,9,2,2,0,26,0,26,271.9230769230769,7070,0.0,0.0,23,0.5769230769230769,71.3427052071816,4.730769230769231,23.076923076923077
PRV52012,2,9,1,21,1,2,0,1,1,0,8000.0,8000,1068.0,1068.0,1,8.0,94.41752224503765,7.0,100.0
PRV52013,16,119,0,10,1,1,0,62,0,62,229.19354838709677,14210,3.225806451612903,200.0,56,1.3548387096774193,75.8167406327968,4.435483870967742,32.25806451612903
PRV52014,134,528,0,8,2,1,0,351,0,351,267.4928774928775,93890,2.7065527065527064,950.0,299,1.5242165242165242,72.91988666389761,4.336182336182336,23.931623931623932
PRV52017,89,499,20,10,2,1,0,280,23,257,1088.4642857142858,304770,83.62589928057554,23248.0,262,2.3607142857142858,73.65261562530556,4.614285714285714,25.357142857142854
PRV52019,713,2027,180,10,2,1,1,1961,516,1445,3057.6491585925546,5996050,277.05495634309193,539426.0,1734,2.493625701172871,73.39774752087331,4.6945436002039775,41.56042835288118
PRV52020,135,952,48,22,2,1,1,606,92,514,1922.145214521452,1164820,161.19205298013244,97360.0,577,1.9504950495049505,74.14409859877158,4.5627062706270625,33.16831683168317
PRV52021,151,989,70,10,2,1,1,613,181,432,3184.094616639478,1951850,316.22549019607845,193530.0,570,2.9543230016313213,74.35507870204435,4.774877650897227,41.92495921696574
PRV52022,21,153,0,7,2,1,0,66,0,66,269.24242424242425,17770,1.0606060606060606,70.0,66,2.0454545454545454,73.24962147138739,4.651515151515151,22.727272727272727
PRV52024,1,6,0,22,2,1,0,2,0,2,1050.0,2100,15.0,30.0,2,1.0,79.34428473648185,6.5,50.0
PRV52025,46,218,0,10,2,1,0,119,0,119,295.7142857142857,35190,2.436974789915966,290.0,117,0.8739495798319328,71.2690168469852,4.65546218487395,21.84873949579832
PRV52026,14,63,0,22,2,1,0,24,0,24,290.0,6960,0.0,0.0,23,2.5833333333333335,69.70693588866074,4.791666666666667,12.5
PRV52027,113,429,31,10,2,1,0,181,46,135,2224.4198895027625,402620,269.05555555555554,48430.0,179,2.022099447513812,72.59895401998934,4.475138121546961,38.12154696132597
PRV52028,10,45,1,10,2,1,0,18,4,14,3862.777777777778,69530,246.77777777777777,4442.0,18,0.7777777777777778,71.36147235531219,4.444444444444445,38.88888888888889
PRV52029,93,319,9,10,1,1,0,168,11,157,991.7261904761905,166610,72.30952380952381,12148.0,159,1.630952380952381,73.86490010103974,4.660714285714286,22.023809523809522
PRV52030,30,1960,3,10,2,1,1,2275,4,2271,299.4989010989011,681360,4.277802197802198,9732.0,1179,1.3085714285714285,74.22614948364435,4.463736263736264,22.41758241758242
PRV52031,65,252,1,10,2,1,0,125,1,124,302.16,37770,8.864,1108.0,112,0.808,73.36439151266256,4.312,19.2
PRV52032,160,915,29,33,2,1,1,627,56,571,1114.2583732057417,698640,96.38977635782747,60340.0,568,1.4896331738437,74.59770950617163,4.518341307814992,27.591706539074963
PRV52037,109,303,0,10,2,1,0,171,0,171,307.953216374269,52660,1.871345029239766,320.0,159,1.5380116959064327,72.48610460671414,4.409356725146199,19.883040935672515
PRV52038,107,469,19,1,2,1,0,259,22,237,929.073359073359,240630,91.54263565891473,23618.0,217,1.5096525096525097,73.46642036580435,4.521235521235521,27.027027027027028
PRV52039,10,106,0,10,2,1,0,50,0,50,203.4,10170,0.0,0.0,46,0.52,70.6641478439425,4.44,28.000000000000004
PRV52041,8,1767,0,10,2,1,1,1885,0,1885,320.9442970822281,604980,2.9124668435013263,5490.0,918,1.4450928381962864,74.56220712894225,4.338461538461538,21.06100795755968
PRV52042,17,116,0,10,2,1,0,52,1,51,533.0769230769231,27720,20.53846153846154,1068.0,50,0.25,75.29510872426684,4.4423076923076925,28.846153846153843
PRV52044,58,262,22,10,2,1,0,79,43,36,5175.06329113924,408830,581.3164556962025,45924.0,75,3.8734177215189876,75.9560211057105,5.050632911392405,60.75949367088608
PRV52045,202,503,24,10,2,1,1,243,46,197,2374.6090534979426,577030,204.10699588477365,49598.0,231,2.0411522633744856,74.09130112696924,4.551440329218107,37.4485596707819
PRV52046,47,167,0,22,2,1,0,101,0,101,279.1089108910891,28190,2.871287128712871,290.0,98,1.5742574257425743,76.46004025453881,4.772277227722772,16.831683168316832
PRV52047,5,107,10,10,2,1,0,24,15,9,6189.583333333333,148550,667.5,16020.0,21,4.75,68.50444900752909,5.875,62.5
PRV52048,82,210,0,10,2,1,0,108,0,108,359.44444444444446,38820,2.314814814814815,250.0,98,2.037037037037037,74.54577027403859,4.898148148148148,17.59259259259259
PRV52049,94,308,0,10,2,1,0,192,0,192,290.8854166666667,55850,3.59375,690.0,189,1.8125,73.87642596395163,4.520833333333333,20.833333333333336
PRV52051,54,186,0,10,2,1,0,89,0,89,396.5168539325843,35290,1.348314606741573,120.0,88,1.0561797752808988,71.95477931845973,4.213483146067416,19.101123595505616
PRV52052,18,138,2,10,2,1,0,58,5,53,837.5862068965517,48580,93.62068965517241,5430.0,56,1.0344827586206897,71.90375038353513,4.293103448275862,37.93103448275862
PRV52054,174,428,0,10,2,1,0,240,0,240,327.0416666666667,78490,2.7916666666666665,670.0,232,1.5666666666666667,75.07047684234543,4.270833333333333,21.25
PRV52055,42,339,0,10,2,1,0,203,0,203,251.2807881773399,51010,3.1527093596059115,640.0,148,1.6206896551724137,73.56203153923185,4.354679802955665,22.167487684729064
PRV52056,14,115,0,10,2,1,0,60,0,60,288.0,17280,8.166666666666666,490.0,52,2.0,74.07364818617386,4.416666666666667,18.333333333333332
PRV52057,59,348,8,34,2,1,0,185,10,175,939.2972972972973,173770,54.141304347826086,9962.0,164,1.372972972972973,72.2559076530329,4.108108108108108,29.72972972972973
PRV52058,88,334,0,10,2,1,0,204,0,204,271.8137254901961,55450,2.9901960784313726,610.0,199,2.176470588235294,73.78948074780905,4.519607843137255,16.666666666666664
PRV52059,32,1364,7,10,2,1,1,1287,13,1274,420.2097902097902,540810,13.872571872571873,17854.0,430,1.473970473970474,74.6613079672628,4.539238539238539,22.066822066822066
PRV52061,63,259,0,10,2,1,0,131,0,131,242.67175572519085,31790,2.519083969465649,330.0,121,1.3969465648854962,73.41484186821742,4.465648854961832,20.610687022900763
PRV52062,83,319,0,10,2,1,0,184,0,184,309.0217391304348,56860,1.3043478260869565,240.0,181,1.0706521739130435,74.54786774990328,4.733695652173913,21.195652173913043
PRV52063,168,1097,44,10,2,1,0,792,88,704,1409.3560606060605,1116210,118.33924050632912,93488.0,728,1.928030303030303,73.58176909408942,4.52020202020202,31.060606060606062
PRV52064,82,2275,21,10,2,1,1,2844,38,2806,393.69901547116734,1119680,16.868097080548715,47956.0,1536,1.5327004219409284,73.52172519255929,4.438115330520394,22.50351617440225
PRV52065,197,667,55,10,2,1,1,325,116,209,3847.0153846153844,1250280,381.08024691358025,123470.0,316,2.624615384615385,74.21874585373558,4.929230769230769,48.30769230769231
PRV52066,3,1510,1,10,2,1,1,1455,0,1455,265.65635738831617,386530,2.9896907216494846,4350.0,630,1.3402061855670102,74.13571930913957,4.684536082474227,19.725085910652922
PRV52068,30,112,2,33,1,1,0,48,0,48,272.5,13080,8.75,420.0,48,0.7708333333333334,76.10614875655943,3.6041666666666665,6.25
PRV52069,61,173,0,10,2,1,0,88,0,88,253.1818181818182,22280,3.1818181818181817,280.0,84,1.8977272727272727,75.54564121709912,5.034090909090909,19.318181818181817
PRV52071,42,976,0,10,2,1,0,749,0,749,346.92923898531376,259850,2.616822429906542,1960.0,328,1.520694259012016,74.13208028226548,4.558077436582109,21.762349799732977
PRV52072,58,374,27,10,2,1,0,132,41,91,3189.621212121212,421030,314.7596899224806,40604.0,124,2.1666666666666665,74.1024412502852,4.590909090909091,40.909090909090914
PRV52073,30,213,21,10,2,1,0,64,28,36,5613.28125,359250,467.25,29904.0,63,3.125,74.54761293634496,4.96875,56.25
PRV52074,74,291,9,10,2,1,0,141,11,130,1146.099290780142,161600,84.52482269503547,11918.0,134,1.3617021276595744,72.80842326008126,4.191489361702128,23.404255319148938
PRV52075,6,17,0,10,2,1,0,5,0,5,244.0,1220,0.0,0.0,5,4.0,62.51772758384668,3.2,0.0
PRV52076,149,482,40,10,2,1,0,221,56,165,2507.0588235294117,554060,268.40909090909093,59050.0,199,2.9004524886877827,74.56999947349023,4.8144796380090495,36.65158371040724
PRV52077,23,1422,60,10,2,1,1,1156,104,1052,1180.060553633218,1364150,97.43203463203463,112534.0,695,1.7396193771626298,75.16264159970063,4.4956747404844295,27.162629757785467
PRV52079,29,114,6,10,2,1,0,33,7,26,1366.6666666666667,45100,226.54545454545453,7476.0,31,3.3636363636363638,73.12077655404144,4.9393939393939394,36.36363636363637
PRV52081,23,77,2,10,2,1,0,24,3,21,1177.9166666666667,28270,133.5,3204.0,24,1.625,76.53102897558749,4.291666666666667,41.66666666666667
PRV52082,6,12,0,10,2,1,0,8,0,8,110.0,880,0.0,0.0,8,0.0,80.85831622176592,5.125,12.5
PRV52084,32,119,9,33,2,1,0,34,10,24,3169.1176470588234,107750,314.70588235294116,10700.0,32,1.9705882352941178,72.49619519265612,4.823529411764706,44.11764705882353
PRV52085,165,1014,0,33,2,1,0,824,0,824,292.0145631067961,240620,3.070388349514563,2530.0,747,1.4526699029126213,73.57401168238273,4.327669902912621,20.388349514563107
PRV52087,32,117,0,15,2,1,0,56,2,54,363.39285714285717,20350,42.42857142857143,2376.0,44,1.4464285714285714,74.62413219908088,4.678571428571429,25.0
PRV52088,11,77,1,10,2,1,0,44,1,43,567.9545454545455,24990,28.818181818181817,1268.0,44,0.9545454545454546,76.04542343351378,4.409090909090909,25.0
PRV52089,28,319,9,10,2,1,1,145,15,130,1528.1379310344828,221580,114.82758620689656,16650.0,102,1.7517241379310344,76.71490004484411,4.537931034482758,33.10344827586207
PRV52090,52,477,0,10,2,1,0,303,0,303,324.25742574257424,98250,1.386138613861386,420.0,279,1.5577557755775577,75.09569601724033,4.600660066006601,21.122112211221122
PRV52092,73,343,7,10,2,1,0,159,12,147,889.7484276729559,141470,82.74213836477988,13156.0,144,1.2389937106918238,73.65042466820779,4.679245283018868,28.30188679245283
PRV52094,34,147,6,10,2,1,0,53,8,45,3040.0,161120,146.65384615384616,7626.0,50,1.3773584905660377,73.95374065320988,4.584905660377358,33.9622641509434
PRV52095,34,80,1,10,2,1,0,38,1,37,409.4736842105263,15560,28.105263157894736,1068.0,37,1.236842105263158,72.7519723332973,4.7631578947368425,23.684210526315788
PRV52097,21,131,0,10,2,1,0,55,1,54,357.09090909090907,19640,21.236363636363638,1168.0,51,2.036363636363636,73.77791052205836,4.181818181818182,27.27272727272727
PRV52098,150,664,0,10,2,1,0,469,0,469,261.5351812366738,122660,4.029850746268656,1890.0,435,1.5458422174840085,73.62331201137172,4.411513859275053,19.82942430703625
PRV52099,35,183,1,11,2,1,0,90,2,88,348.55555555555554,31370,27.955555555555556,2516.0,71,1.2222222222222223,69.72146931325577,4.544444444444444,21.11111111111111
PRV52100,50,562,79,10,2,1,1,201,164,37,7627.611940298508,1533150,869.8793969849246,173106.0,177,5.393034825870647,73.56714034209513,5.338308457711443,85.07462686567165
PRV52101,12,30,3,10,2,1,0,15,1,14,833.3333333333334,12500,71.2,1068.0,15,1.6,75.60720967373945,4.933333333333334,20.0
PRV52102,14,31,0,10,2,1,0,15,0,15,127.33333333333333,1910,5.333333333333333,80.0,15,1.0666666666666667,78.85101528633355,4.0,13.333333333333334
PRV52104,9,1306,2,10,2,1,0,1189,0,1189,291.9007569386039,347070,2.6913372582001682,3200.0,663,1.6349873843566023,73.96840418875053,4.4289318755256515,20.94196804037006
PRV52105,6,53,0,10,2,1,0,26,0,26,491.53846153846155,12780,0.0,0.0,25,2.8461538461538463,76.25777918180383,4.153846153846154,11.538461538461538
PRV52107,8,228,7,10,2,1,0,119,10,109,1048.4033613445379,124760,85.86440677966101,10132.0,114,1.4285714285714286,73.179967674955,4.53781512605042,29.411764705882355
PRV52109,134,430,0,10,2,1,0,248,0,248,304.758064516129,75580,2.0161290322580645,500.0,222,1.1774193548387097,74.97120840785145,4.653225806451613,20.56451612903226
PRV52111,50,183,5,10,2,1,0,85,9,76,1058.3529411764705,89960,115.43529411764706,9812.0,82,1.7529411764705882,74.15559044973224,4.882352941176471,28.235294117647058
PRV52112,66,230,13,10,2,1,0,85,24,61,3056.3529411764707,259790,305.2,25942.0,85,2.7176470588235295,73.04212263961026,5.129411764705883,43.529411764705884
PRV52113,5,212,0,10,2,1,0,120,0,120,184.75,22170,5.083333333333333,610.0,53,0.7083333333333334,73.66846908510153,4.508333333333334,18.333333333333332
PRV52114,16,1464,57,10,2,1,1,1269,105,1164,1117.5886524822695,1418220,89.64798737174428,113584.0,633,1.9156816390858944,73.31278542876545,4.54688731284476,26.31993695823483
PRV52115,43,242,21,10,1,1,1,90,20,70,2683.3333333333335,241500,232.8314606741573,20722.0,74,2.2777777777777777,71.88099475245265,4.433333333333334,40.0
PRV52118,29,126,6,10,2,1,0,52,4,48,2185.769230769231,113660,88.11538461538461,4582.0,49,0.6730769230769231,71.05544147843942,4.230769230769231,28.846153846153843
PRV52119,42,181,14,10,2,1,1,52,16,36,3891.923076923077,202380,329.0,17108.0,51,3.923076923076923,70.50539672510925,4.730769230769231,46.15384615384615
PRV52120,115,1489,80,33,2,1,1,1231,165,1066,1584.6628757108042,1950720,140.48326530612246,172092.0,1098,2.0454914703493094,73.84129695394638,4.728675873273761,32.331437855402115
PRV52121,22,133,4,10,1,1,0,53,4,49,936.0377358490566,49610,87.58490566037736,4642.0,50,2.339622641509434,72.54596877300375,4.245283018867925,18.867924528301888
PRV52122,22,90,0,10,2,1,0,41,0,41,457.0731707317073,18740,4.146341463414634,170.0,41,1.7804878048780488,73.61119179980301,4.146341463414634,21.951219512195124
PRV52123,55,635,73,10,2,1,1,256,162,94,5652.890625,1447140,672.9723320158103,170262.0,219,4.4765625,74.61840135181383,5.13671875,71.484375
PRV52124,50,256,6,10,2,1,1,115,7,108,1645.6521739130435,189250,66.57391304347826,7656.0,113,2.5739130434782607,74.00763027110675,4.860869565217391,23.47826086956522
PRV52126,82,328,31,23,2,1,0,110,39,71,3534.818181818182,388830,380.2,41822.0,106,2.5090909090909093,72.78957127745629,4.5,49.09090909090909
PRV52127,20,49,4,10,2,1,0,15,5,10,4870.0,73050,356.0,5340.0,15,4.333333333333333,74.93771389459273,5.266666666666667,33.33333333333333
PRV52128,13,332,40,10,2,1,0,113,53,60,4358.849557522124,492550,486.8181818181818,53550.0,106,3.0353982300884956,72.23577014167772,5.04424778761062,63.716814159292035
PRV52129,26,405,0,10,2,1,0,223,0,223,249.28251121076232,55590,3.1838565022421523,710.0,75,0.9237668161434978,74.82191385591906,4.811659192825112,13.901345291479823
PRV52130,54,208,11,1,2,1,0,93,10,83,1517.2043010752689,141100,119.56989247311827,11120.0,90,2.204301075268817,71.36626114091835,4.494623655913978,32.25806451612903
PRV52131,54,265,15,10,2,1,0,84,31,53,4163.809523809524,349760,371.77777777777777,30114.0,75,2.511904761904762,71.9513379616049,5.333333333333333,48.80952380952381
PRV52133,64,484,1,22,2,1,0,305,2,303,344.5245901639344,105080,10.806557377049181,3296.0,270,1.4,73.36349457479157,4.511475409836065,21.311475409836063
PRV52135,54,649,80,10,2,1,1,263,210,53,6941.254752851711,1825550,849.4517374517375,220008.0,239,4.1216730038022815,75.402284491845,5.467680608365019,84.03041825095056
PRV52136,76,304,18,33,2,1,0,104,40,64,3655.673076923077,380190,414.3269230769231,43090.0,100,2.3653846153846154,71.7301900700258,4.875,50.96153846153846
PRV52138,86,314,0,10,2,1,0,188,0,188,313.1914893617021,58880,3.1914893617021276,600.0,179,1.6702127659574468,71.38638647385207,4.26063829787234,20.74468085106383
PRV52140,8,67,0,7,2,1,0,19,0,19,270.0,5130,4.2105263157894735,80.0,18,0.47368421052631576,73.6352174069671,6.0,42.10526315789473
PRV52141,44,884,1,10,2,1,0,671,3,668,328.301043219076,220290,8.023845007451564,5384.0,341,1.804769001490313,72.77062543161442,4.31892697466468,22.056631892697467
PRV52142,43,191,17,10,2,1,0,59,28,31,4212.203389830508,248520,509.22033898305085,30044.0,59,4.067796610169491,76.8739312521027,4.8474576271186445,55.932203389830505
PRV52143,15,45,0,10,1,1,0,17,0,17,487.6470588235294,8290,2.9411764705882355,50.0,17,5.705882352941177,80.96050247614446,3.4705882352941178,41.17647058823529
PRV52144,82,254,10,10,2,1,0,134,12,122,918.8805970149253,123130,96.76119402985074,12966.0,133,1.708955223880597,72.34547999223595,4.044776119402985,32.83582089552239
PRV52145,54,408,0,10,2,1,0,245,0,245,248.6122448979592,60910,2.6530612244897958,650.0,236,1.3673469387755102,73.95682576932211,4.363265306122449,19.183673469387756
PRV52146,45,177,14,10,2,1,0,40,24,16,6017.75,240710,640.8,25632.0,39,4.725,77.24380561259412,5.45,65.0
PRV52147,84,405,15,10,2,1,1,211,18,193,1381.516587677725,291500,91.96208530805687,19404.0,211,1.90521327014218,73.77138945927447,4.786729857819905,23.22274881516588
PRV52148,43,264,28,10,2,1,0,78,42,36,4425.0,345150,577.0,45006.0,76,3.858974358974359,75.96840941399462,5.089743589743589,58.97435897435898
PRV52149,80,374,12,22,2,1,0,180,16,164,1064.1666666666667,191550,88.38202247191012,15732.0,174,1.9222222222222223,73.79298805992852,4.911111111111111,30.555555555555557
PRV52150,145,579,21,39,2,1,0,310,31,279,1436.258064516129,445240,108.60645161290323,33668.0,288,2.403225806451613,74.39914331765692,4.306451612903226,26.129032258064516
PRV52151,80,323,33,10,2,1,1,121,47,74,3918.2644628099174,474110,411.15,49338.0,114,3.074380165289256,74.85193544555128,4.809917355371901,51.2396694214876
PRV52152,71,273,29,39,2,1,0,88,47,41,5163.181818181818,454360,553.5529411764705,47052.0,84,2.909090909090909,76.39039263269242,5.170454545454546,63.63636363636363
PRV52154,101,942,0,33,2,1,0,742,0,742,261.92722371967653,194350,3.463611859838275,2570.0,705,1.564690026954178,73.71978724464098,4.2533692722371965,21.159029649595688
PRV52155,43,177,7,10,2,1,0,62,12,50,1588.5483870967741,98490,211.06451612903226,13086.0,56,3.7580645161290325,77.0815393786845,4.370967741935484,37.096774193548384
PRV52156,70,258,15,10,2,1,0,124,13,111,2192.8225806451615,271910,112.61290322580645,13964.0,123,1.3064516129032258,73.71561678920757,4.548387096774194,29.838709677419356
PRV52157,128,472,27,10,2,1,0,227,43,184,2178.193832599119,494450,201.75221238938053,45596.0,178,2.7577092511013217,73.84316456955739,4.881057268722467,34.36123348017621
PRV52159,143,473,9,10,2,1,0,271,24,247,1063.8376383763837,288300,96.90774907749078,26262.0,263,1.3579335793357934,74.1001134035981,4.531365313653136,28.044280442804425
PRV52160,37,131,3,5,2,1,0,53,3,50,782.2641509433962,41460,65.54716981132076,3474.0,53,2.2641509433962264,75.04170056694174,4.018867924528302,16.9811320754717
PRV52161,12,18,0,10,2,1,0,10,0,10,166.0,1660,0.0,0.0,10,0.0,79.83436002737851,3.6,20.0
PRV52162,28,89,2,10,2,1,0,39,1,38,717.9487179487179,28000,32.256410256410255,1258.0,36,2.128205128205128,75.69820460169535,4.282051282051282,35.8974358974359
PRV52163,29,146,1,10,2,1,0,62,2,60,604.3548387096774,37470,35.74193548387097,2216.0,62,1.2741935483870968,73.07778587357312,4.419354838709677,17.741935483870968
PRV52165,52,164,5,10,2,1,1,72,10,62,1584.1666666666667,114060,149.86111111111111,10790.0,62,1.625,72.61924861206175,4.833333333333333,30.555555555555557
PRV52166,49,229,4,10,2,1,0,100,7,93,693.0,69300,76.76,7676.0,85,1.62,75.77544147843942,4.67,28.000000000000004
PRV52167,48,158,6,1,2,1,0,80,9,71,1454.875,116390,122.9,9832.0,74,2.2625,73.02700205338809,4.65,32.5
PRV52168,56,163,0,10,2,1,0,78,0,78,226.4102564102564,17660,3.8461538461538463,300.0,77,0.9230769230769231,74.07209673739449,4.461538461538462,19.230769230769234
PRV52169,36,83,0,39,2,1,0,39,0,39,256.4102564102564,10000,1.794871794871795,70.0,38,1.6666666666666667,71.68037347092789,4.358974358974359,7.6923076923076925
PRV52170,36,99,2,10,2,1,0,43,3,40,1443.953488372093,62090,74.51162790697674,3204.0,43,1.441860465116279,71.48426531684255,3.7906976744186047,25.581395348837212
PRV52171,12,49,2,10,1,1,0,12,3,9,1485.0,17820,267.0,3204.0,12,1.5833333333333333,77.70636550308008,4.75,33.33333333333333
PRV52173,3,431,67,10,2,1,1,119,119,0,11608.403361344537,1381400,1068.0,124956.0,108,6.571428571428571,73.72832007546344,5.4789915966386555,100.0
PRV52174,3,7,0,10,2,1,0,4,0,4,207.5,830,0.0,0.0,4,0.0,72.29500342231348,3.75,0.0
PRV52175,71,388,0,10,2,1,0,221,0,221,263.8914027149321,58320,1.8552036199095023,410.0,215,1.16289592760181,74.64968208101438,4.361990950226244,22.171945701357465
PRV52176,8,122,21,10,2,1,0,21,21,0,14857.142857142857,312000,1068.0,22428.0,21,4.476190476190476,77.57243896874287,4.809523809523809,100.0
PRV52177,27,116,7,10,1,1,0,39,5,34,867.9487179487179,33850,140.76923076923077,5490.0,39,1.794871794871795,76.99798171256077,4.769230769230769,33.33333333333333
PRV52178,9,494,73,10,2,1,1,136,133,3,10144.04411764706,1379590,1043.7272727272727,137772.0,121,6.492647058823529,74.09479808350444,5.779411764705882,97.79411764705883
PRV52179,4,120,1,10,2,1,0,44,2,42,907.0454545454545,39910,52.40909090909091,2306.0,19,1.8636363636363635,67.65378632319084,5.886363636363637,36.36363636363637
PRV52180,33,137,5,10,1,1,0,62,5,57,1269.6774193548388,78720,92.25806451612904,5720.0,58,1.6612903225806452,74.53326267911947,4.758064516129032,30.64516129032258
PRV52181,32,111,10,10,2,1,1,27,10,17,4023.703703703704,108640,395.55555555555554,10680.0,25,4.481481481481482,70.6922199406799,5.185185185185185,48.148148148148145
PRV52182,8,241,3,10,2,1,0,109,5,104,583.6697247706422,63620,52.018348623853214,5670.0,54,2.238532110091743,76.89098204698303,4.477064220183486,25.688073394495415
PRV52184,7,57,0,1,2,1,0,21,0,21,140.95238095238096,2960,0.0,0.0,20,0.7619047619047619,72.38603696098562,3.9047619047619047,19.047619047619047
PRV52185,1,143,0,10,2,1,0,68,0,68,228.08823529411765,15510,3.3823529411764706,230.0,54,1.4852941176470589,72.16906228610542,4.426470588235294,25.0
PRV52186,9,85,0,10,2,1,0,41,0,41,174.6341463414634,7160,2.682926829268293,110.0,38,1.0731707317073171,74.96722926161499,3.8536585365853657,24.390243902439025
PRV52187,8,67,0,10,1,1,0,27,0,27,275.55555555555554,7440,0.0,0.0,25,2.7777777777777777,74.42431617106497,4.888888888888889,18.51851851851852
PRV52188,16,128,9,10,2,1,0,33,14,19,5184.242424242424,171080,454.3030303030303,14992.0,32,4.212121212121212,74.16680148507665,4.757575757575758,48.484848484848484
PRV52189,5,66,0,10,1,1,0,23,0,23,256.0869565217391,5890,2.608695652173913,60.0,20,2.1739130434782608,77.77519864297831,4.173913043478261,30.434782608695656
PRV52191,18,61,0,10,1,1,0,28,0,28,308.57142857142856,8640,0.0,0.0,25,1.7142857142857142,76.29519898308399,4.714285714285714,21.428571428571427
PRV52192,18,100,3,10,2,1,0,32,6,26,1626.875,52060,200.25,6408.0,29,1.53125,77.4474674880219,4.90625,28.125
PRV52193,1,296,0,10,2,1,0,153,0,153,187.05882352941177,28620,4.967320261437909,760.0,125,1.5359477124183007,74.36865250320982,4.549019607843137,19.607843137254903
PRV52195,13,70,6,10,2,1,1,10,10,0,12000.0,120000,1068.0,10680.0,10,6.5,72.41396303901438,5.3,100.0
PRV52196,2,16,0,10,2,1,0,6,0,6,451.6666666666667,2710,0.0,0.0,6,0.6666666666666666,74.99612137805157,5.333333333333333,16.666666666666664
PRV52197,5,73,13,10,2,1,0,10,10,0,11400.0,114000,1068.0,10680.0,10,7.7,78.32060232717318,5.4,100.0
PRV52199,5,24,0,10,1,1,0,10,0,10,108.0,1080,8.0,80.0,10,0.9,69.51813826146476,4.5,20.0
PRV52200,1,2,0,10,2,1,0,1,0,1,40.0,40,0.0,0.0,1,0.0,84.70910335386722,8.0,0.0
PRV52201,1,48,0,10,2,1,0,9,0,9,50.0,450,0.0,0.0,9,4.111111111111111,71.79161913453494,4.888888888888889,22.22222222222222
PRV52202,2,93,0,10,2,1,0,50,0,50,164.0,8200,0.0,0.0,49,0.42,75.52903490759753,4.52,28.000000000000004
PRV52204,1,21,0,10,2,1,0,9,0,9,287.77777777777777,2590,0.0,0.0,8,2.3333333333333335,81.8115446041524,4.666666666666667,22.22222222222222
PRV52205,1,9,0,10,2,1,0,2,0,2,560.0,1120,0.0,0.0,2,0.0,57.611225188227245,6.5,50.0
PRV52206,2,8,0,10,2,1,0,5,0,5,362.0,1810,0.0,0.0,5,5.6,69.32073921971252,3.2,20.0
PRV52208,1,33,0,10,2,1,0,13,0,13,350.7692307692308,4560,3.8461538461538463,50.0,12,0.15384615384615385,77.19938924867057,4.6923076923076925,30.76923076923077
PRV52209,3,17,0,10,2,1,0,8,0,8,620.0,4960,0.0,0.0,8,5.0,80.06125941136209,5.25,12.5
PRV52211,1,217,0,10,1,1,0,130,0,130,206.6153846153846,26860,0.7692307692307693,100.0,124,0.6076923076923076,75.10516506081188,4.338461538461538,16.923076923076923
PRV52212,2,137,0,10,2,1,0,64,0,64,206.5625,13220,0.78125,50.0,62,0.984375,75.56870294318959,4.09375,18.75
PRV52213,3,17,0,10,1,1,0,7,0,7,84.28571428571429,590,0.0,0.0,7,1.2857142857142858,83.10002933411558,3.5714285714285716,0.0
PRV52214,1,80,0,10,2,1,0,47,0,47,269.78723404255317,12680,5.531914893617022,260.0,43,1.702127659574468,76.530910044126,4.127659574468085,27.659574468085108
PRV52216,2,47,0,10,2,1,0,15,0,15,329.3333333333333,4940,9.333333333333334,140.0,14,2.6666666666666665,73.71498973305955,4.733333333333333,20.0
PRV52217,3,14,0,10,1,1,0,5,0,5,104.0,520,0.0,0.0,4,0.2,75.6205338809035,4.4,40.0
PRV52218,1,22,0,10,1,1,0,8,0,8,207.5,1660,0.0,0.0,8,0.0,70.96509240246407,3.625,25.0
PRV52219,2,14,0,10,1,1,0,4,0,4,695.0,2780,0.0,0.0,4,0.0,69.89117043121149,4.75,50.0
PRV52220,2,30,0,10,1,1,0,12,0,12,183.33333333333334,2200,0.0,0.0,12,0.0,67.36208076659823,6.25,8.333333333333332
PRV52221,1,1,0,10,2,1,0,1,0,1,10.0,10,0.0,0.0,1,0.0,51.16495550992471,3.0,0.0
PRV52222,1,105,0,10,2,1,0,54,0,54,313.3333333333333,16920,1.1111111111111112,60.0,52,2.3333333333333335,75.3970137146044,4.185185185185185,14.814814814814813
PRV52224,3,91,0,10,1,1,0,41,0,41,246.34146341463415,10100,2.4390243902439024,100.0,35,2.317073170731707,71.05524114789402,4.439024390243903,21.951219512195124
PRV52225,2,14,0,10,1,1,0,6,0,6,140.0,840,16.666666666666668,100.0,6,0.0,75.11156741957564,4.166666666666667,16.666666666666664
PRV52226,1,2,0,10,2,2,0,2,0,2,50.0,100,0.0,0.0,2,2.0,68.55715263518138,3.0,0.0
PRV52227,2,25,0,10,2,1,0,7,0,7,794.2857142857143,5560,14.285714285714286,100.0,6,3.0,80.69736970763665,4.285714285714286,14.285714285714285
PRV52228,2,20,0,10,2,1,0,8,0,8,300.0,2400,0.0,0.0,8,3.375,83.27583846680356,4.5,12.5
PRV52229,1,19,0,10,2,1,0,11,0,11,33.63636363636363,370,5.454545454545454,60.0,11,1.8181818181818181,78.18181818181819,4.454545454545454,0.0
PRV52230,2,99,0,10,2,1,0,43,0,43,351.16279069767444,15100,0.0,0.0,15,0.9069767441860465,74.68659567355904,3.953488372093023,11.627906976744185
PRV52231,2,21,0,10,2,1,0,6,0,6,663.3333333333334,3980,16.666666666666668,100.0,6,3.3333333333333335,77.90736938170203,6.333333333333333,16.666666666666664
PRV52232,1,6,0,10,1,1,0,4,0,4,160.0,640,25.0,100.0,4,0.0,76.32375085557837,2.25,50.0
PRV52233,2,368,0,10,2,1,0,216,0,216,294.1666666666667,63540,1.9907407407407407,430.0,156,1.6388888888888888,72.43711815854184,4.212962962962963,23.61111111111111
PRV52235,1,2,0,54,1,1,0,2,0,2,485.0,970,0.0,0.0,2,0.0,66.61464750171116,4.5,0.0
PRV52236,3,47,0,10,1,1,0,14,0,14,412.85714285714283,5780,0.0,0.0,13,1.9285714285714286,74.68211596753692,4.5,14.285714285714285
PRV52237,3,88,0,10,1,1,0,38,0,38,194.73684210526315,7400,7.105263157894737,270.0,38,1.9473684210526316,74.79664253035052,3.9473684210526314,21.052631578947366
PRV52238,3,35,0,10,1,1,0,11,0,11,139.0909090909091,1530,0.0,0.0,10,0.45454545454545453,67.48403957438865,3.6363636363636362,0.0
PRV52240,5,116,0,10,1,1,0,62,0,62,406.7741935483871,25220,0.4838709677419355,30.0,61,2.306451612903226,75.38495506833587,4.564516129032258,14.516129032258066
PRV52241,4,41,0,10,2,1,0,23,0,23,247.3913043478261,5690,0.0,0.0,22,1.7391304347826086,74.786894027319,4.521739130434782,21.73913043478261
PRV52242,2,61,0,10,1,1,0,31,0,31,438.7096774193548,13600,5.483870967741935,170.0,30,3.3548387096774195,75.50321255878652,3.6129032258064515,16.129032258064516
PRV52246,2,145,0,10,2,1,0,67,0,67,395.67164179104475,26510,1.492537313432836,100.0,47,2.626865671641791,70.24675391012086,4.552238805970149,14.925373134328357
PRV52247,3,133,0,10,2,1,0,49,0,49,222.24489795918367,10890,1.6326530612244898,80.0,48,0.7346938775510204,73.20666582854908,4.428571428571429,18.367346938775512
PRV52248,2,53,0,10,2,1,0,24,0,24,531.25,12750,4.583333333333333,110.0,21,4.208333333333333,76.2931781884554,4.666666666666667,8.333333333333332
PRV52249,3,121,0,10,2,1,0,47,0,47,542.1276595744681,25480,1.702127659574468,80.0,41,4.425531914893617,77.98639812428095,4.723404255319149,10.638297872340425
PRV52251,2,7,0,10,2,1,0,4,0,4,67.5,270,0.0,0.0,4,0.0,59.69404517453799,5.25,0.0
PRV52252,2,51,0,10,1,1,0,26,0,26,81.92307692307692,2130,2.6923076923076925,70.0,26,1.3076923076923077,76.76586110672352,4.8076923076923075,15.384615384615385
PRV52253,1,3,0,10,2,5,0,1,0,1,80.0,80,0.0,0.0,1,0.0,76.76659822039699,4.0,100.0
PRV52254,1,75,0,10,2,1,0,31,0,31,127.74193548387096,3960,1.6129032258064515,50.0,30,2.806451612903226,73.84513479499238,4.064516129032258,22.58064516129032
PRV52255,1,24,0,10,2,1,0,10,0,10,72.0,720,0.0,0.0,7,0.1,76.43832991101985,5.7,30.0
PRV52256,1,3,0,10,2,1,0,1,0,1,50.0,50,0.0,0.0,1,0.0,72.02464065708419,5.0,0.0
PRV52257,1,32,0,10,2,1,0,15,0,15,296.0,4440,0.0,0.0,14,2.2666666666666666,72.29002966005018,4.333333333333333,13.333333333333334
PRV52260,4,155,0,10,1,1,0,63,0,63,204.44444444444446,12880,0.7936507936507936,50.0,62,1.3492063492063493,75.95280466738373,3.6984126984126986,22.22222222222222
PRV52261,1,1,0,10,1,1,0,1,0,1,200.0,200,0.0,0.0,1,0.0,72.81314168377824,2.0,0.0
PRV52262,2,218,0,10,2,1,0,112,0,112,248.57142857142858,27840,1.25,140.0,92,0.8125,74.75352009386917,4.366071428571429,24.107142857142858
PRV52263,2,19,0,10,2,1,0,3,0,3,210.0,630,0.0,0.0,3,0.0,74.16472735569245,5.666666666666667,0.0
PRV52264,2,52,0,10,2,1,0,25,0,25,176.8,4420,0.8,20.0,21,0.04,77.68651608487338,4.4,24.0
PRV52265,6,170,18,10,2,1,0,30,30,0,8666.666666666666,260000,1068.0,30972.0,27,4.733333333333333,72.4995665069587,6.4,100.0
PRV52266,3,197,22,10,1,1,0,37,37,0,12443.243243243243,460400,1068.0,37380.0,30,7.45945945945946,70.49248015983129,6.0,100.0
PRV52267,6,65,10,10,2,1,0,10,10,0,7890.0,78900,1068.0,10680.0,10,4.9,79.29691991786447,5.4,100.0
PRV52271,1,41,0,10,2,1,0,19,0,19,197.89473684210526,3760,2.6315789473684212,50.0,19,1.105263157894737,72.99556900464714,4.578947368421052,31.57894736842105
PRV52272,1,22,0,10,2,1,0,8,0,8,526.25,4210,0.0,0.0,8,0.0,79.9555099247091,5.125,37.5
PRV52273,8,15,0,10,1,1,0,11,0,11,398.1818181818182,4380,3.6363636363636362,40.0,11,0.0,68.96521685022712,5.909090909090909,18.181818181818183
PRV52274,2,92,0,10,2,1,0,38,0,38,205.26315789473685,7800,0.2631578947368421,10.0,17,0.7368421052631579,78.30332504773227,4.131578947368421,10.526315789473683
PRV52275,1,209,0,10,2,1,0,101,0,101,269.5049504950495,27220,2.6732673267326734,270.0,57,0.9603960396039604,74.31792953422652,4.891089108910891,16.831683168316832
PRV52276,1,157,0,10,2,1,0,68,0,68,261.02941176470586,17750,4.852941176470588,330.0,62,1.4558823529411764,74.00382493859968,4.1911764705882355,27.941176470588236
PRV52278,4,97,9,10,2,1,0,16,16,0,14687.5,235000,1068.0,17088.0,16,5.6875,79.04603011635865,5.8125,100.0
PRV52279,4,315,35,10,2,1,0,83,82,1,9437.349397590362,783300,1054.8148148148148,85440.0,77,5.481927710843373,72.188317953539,6.120481927710843,98.79518072289156
PRV52280,6,214,28,10,2,1,1,41,41,0,9634.146341463415,395000,1068.0,42720.0,38,7.2682926829268295,74.93838166307741,5.414634146341464,100.0
PRV52281,4,184,29,10,2,1,0,41,41,0,9951.219512195123,408000,1068.0,43788.0,41,4.7560975609756095,75.47974157359643,5.682926829268292,100.0
PRV52282,1,44,7,10,1,1,0,6,6,0,12833.333333333334,77000,1068.0,5340.0,6,6.0,74.25096965548711,5.666666666666667,100.0
PRV52283,4,290,39,10,2,1,1,66,66,0,9010.60606060606,594700,1068.0,69420.0,54,4.9393939393939394,73.44674672806089,6.151515151515151,100.0
PRV52284,1,94,0,10,2,1,0,39,0,39,136.4102564102564,5320,4.615384615384615,180.0,32,1.7179487179487178,72.74764386879376,4.589743589743589,15.384615384615385
PRV52285,4,117,9,10,2,1,0,19,19,0,7578.9473684210525,144000,1068.0,19224.0,19,5.894736842105263,79.83659353723117,5.2631578947368425,100.0
PRV52286,2,37,5,10,1,1,0,5,5,0,18000.0,90000,1068.0,5340.0,5,3.4,72.6757015742642,5.2,100.0
PRV52288,1,32,0,10,1,1,0,13,0,13,216.15384615384616,2810,0.0,0.0,12,0.07692307692307693,78.50429105459907,5.076923076923077,30.76923076923077
PRV52289,2,26,1,41,2,1,0,4,4,0,4500.0,18000,1068.0,4272.0,4,3.25,76.31211498973306,5.0,100.0
PRV52290,5,73,5,10,1,1,0,10,10,0,6800.0,68000,1068.0,10680.0,10,3.1,79.09678302532512,5.9,100.0
PRV52291,2,115,12,10,2,1,0,18,17,1,7111.111111111111,128000,1008.6666666666666,18156.0,17,4.388888888888889,73.28146627119933,5.333333333333333,94.44444444444444
PRV52292,6,140,18,10,2,1,1,25,25,0,12120.0,303000,1068.0,26700.0,25,7.2,75.32966461327857,5.6,100.0
PRV52293,2,20,0,10,2,1,0,7,0,7,595.7142857142857,4170,0.0,0.0,7,3.0,81.66265767087123,3.857142857142857,28.57142857142857
PRV52294,1,48,6,10,2,1,0,7,7,0,7714.285714285715,54000,1068.0,7476.0,7,4.571428571428571,79.59479808350444,5.428571428571429,100.0
PRV52295,5,36,2,10,2,1,0,5,5,0,3800.0,19000,1068.0,5340.0,5,5.2,81.64052019164956,4.0,100.0
PRV52296,1,18,1,10,2,1,0,2,2,0,6000.0,12000,1068.0,2136.0,2,3.5,90.80082135523614,4.0,100.0
PRV52298,21,409,7,11,2,1,0,218,9,209,703.2110091743119,153300,41.44700460829493,8994.0,144,1.7477064220183487,72.718748626365,4.665137614678899,26.146788990825687
PRV52299,7,794,0,11,2,1,0,601,0,601,261.46422628951746,157140,2.4459234608985025,1470.0,255,1.194675540765391,72.42653528627282,4.450915141430948,21.13144758735441
PRV52300,14,57,6,11,2,1,0,21,3,18,2817.1428571428573,59160,153.52380952380952,3224.0,19,2.761904761904762,80.00234672924611,4.857142857142857,57.14285714285714
PRV52302,14,133,10,11,2,1,0,46,11,35,2962.608695652174,136280,237.33333333333334,10680.0,30,2.1739130434782608,72.93229771151385,4.913043478260869,36.95652173913043
PRV52303,182,621,11,11,2,1,0,392,23,369,886.0714285714286,347340,63.033248081841435,24646.0,313,1.1683673469387754,73.93331377725629,4.678571428571429,25.765306122448976
PRV52304,48,330,0,11,2,1,0,184,0,184,343.04347826086956,63120,4.293478260869565,790.0,88,1.2554347826086956,71.9008719459572,4.608695652173913,17.391304347826086
PRV52306,13,38,0,11,2,1,0,15,0,15,468.6666666666667,7030,0.0,0.0,15,0.5333333333333333,72.41560574948666,4.0,33.33333333333333
PRV52307,113,427,30,11,2,1,1,175,53,122,4608.342857142857,806460,316.9248554913295,54828.0,167,2.645714285714286,73.28991884228024,4.462857142857143,46.85714285714286
PRV52308,49,289,26,11,2,1,1,87,40,47,4307.586206896552,374760,492.41379310344826,42840.0,72,2.954022988505747,70.30571093645511,5.022988505747127,59.77011494252874
PRV52309,4,324,0,11,2,1,0,170,0,170,266.70588235294116,45340,1.2352941176470589,210.0,88,1.9470588235294117,71.41830333776221,4.547058823529412,18.235294117647058
PRV52310,7,648,0,11,2,1,0,454,0,454,235.2202643171806,106790,3.303964757709251,1500.0,190,0.8524229074889867,71.76470162552353,4.081497797356828,24.008810572687224
PRV52311,20,70,0,11,2,1,0,28,0,28,277.5,7770,0.0,0.0,23,0.75,69.83211107851766,3.7142857142857144,21.428571428571427
PRV52312,6,371,0,11,2,1,0,214,0,214,372.94392523364485,79810,2.5700934579439254,550.0,112,1.144859813084112,74.23191131410441,4.766355140186916,21.49532710280374
PRV52313,9,784,0,11,2,1,0,504,0,504,291.07142857142856,146700,2.9365079365079363,1480.0,196,1.626984126984127,70.2297676086177,4.910714285714286,16.865079365079367
PRV52314,112,478,29,11,2,1,0,223,40,183,2041.1659192825111,455180,185.94570135746605,41094.0,192,2.3004484304932737,71.53845728860692,4.7174887892376685,37.66816143497758
PRV52315,37,210,2,11,2,1,0,85,5,80,728.5882352941177,61930,64.47058823529412,5480.0,66,1.5529411764705883,72.19177839513628,4.682352941176471,23.52941176470588
PRV52317,24,55,2,11,2,1,0,25,2,23,1143.6,28590,93.84,2346.0,21,2.0,74.27394934976044,4.96,24.0
PRV52318,29,79,0,11,2,1,0,39,0,39,256.4102564102564,10000,2.8205128205128207,110.0,37,1.5128205128205128,73.57503641692553,4.615384615384615,15.384615384615385
PRV52319,22,65,0,11,2,1,0,30,0,30,258.0,7740,2.0,60.0,29,1.3666666666666667,73.22829112480036,4.366666666666666,43.333333333333336
PRV52320,102,674,38,11,2,1,1,366,69,297,2388.5245901639346,874200,200.61369863013698,73224.0,292,2.210382513661202,70.48530275318575,4.3497267759562845,33.33333333333333
PRV52321,68,371,29,11,2,1,1,150,33,117,2601.5333333333333,390230,230.1744966442953,34296.0,135,2.1066666666666665,74.41270362765229,4.993333333333333,36.666666666666664
PRV52323,88,324,0,11,1,1,0,190,0,190,261.94736842105266,49770,2.3157894736842106,440.0,179,1.1157894736842104,73.59685867646529,4.589473684210526,21.052631578947366
PRV52325,88,297,17,11,2,1,1,130,27,103,2167.6923076923076,281800,223.2,29016.0,111,3.246153846153846,71.67112093929343,5.246153846153846,36.92307692307693
PRV52326,7,66,2,11,2,1,0,14,8,6,5055.0,70770,610.2857142857143,8544.0,13,3.5714285714285716,76.54052996968808,6.0,64.28571428571429
PRV52328,18,88,0,11,2,1,0,35,0,35,558.8571428571429,19560,2.2857142857142856,80.0,28,0.9142857142857143,77.1917473354845,4.428571428571429,11.428571428571429
PRV52331,34,166,12,11,2,1,0,61,9,52,1121.8032786885246,68430,146.4,8784.0,49,1.3278688524590163,70.78605491410555,4.262295081967213,27.86885245901639
PRV52332,56,141,0,11,2,1,0,64,0,64,322.65625,20650,3.59375,230.0,62,1.484375,73.63518138261465,4.53125,15.625
PRV52334,47,171,7,11,2,1,0,67,8,59,1701.1940298507463,113980,127.82089552238806,8564.0,49,0.8955223880597015,73.913103885092,4.029850746268656,34.32835820895522
PRV52335,12,420,2,11,2,1,0,242,2,240,454.0082644628099,109870,10.479338842975206,2536.0,87,1.396694214876033,72.64486568126665,4.884297520661157,22.31404958677686
PRV52336,25,171,0,44,1,1,0,86,0,86,313.48837209302326,26960,4.3023255813953485,370.0,78,1.302325581395349,74.49883004632062,4.313953488372093,20.930232558139537
PRV52337,5,1013,0,11,2,1,1,773,0,773,266.22250970245796,205790,2.4579560155239326,1900.0,226,1.1746442432082795,72.55579079348972,4.159120310478655,20.18111254851229
PRV52340,68,1815,88,11,2,1,1,1743,224,1519,1457.3321858864028,2540130,139.2617680826636,242594.0,693,2.0854847963281697,71.94196635962055,4.809523809523809,30.808950086058516
PRV52341,90,233,0,11,2,1,0,135,0,135,336.6666666666667,45450,2.0,270.0,122,1.511111111111111,71.99334803660608,4.592592592592593,16.296296296296298
PRV52342,93,476,35,11,2,1,0,218,51,167,2991.697247706422,652190,248.29493087557603,53880.0,184,2.55045871559633,73.92478445704525,4.6880733944954125,41.284403669724774
PRV52343,15,532,23,11,2,1,1,261,42,219,1846.1302681992338,481840,174.88888888888889,45646.0,177,2.0,71.88937404444026,4.7701149425287355,34.48275862068966
PRV52344,24,308,17,11,2,1,0,130,23,107,2093.4615384615386,272150,192.95384615384614,25084.0,54,0.8384615384615385,73.70669193913547,4.338461538461538,35.38461538461539
PRV52346,46,199,20,11,2,1,0,68,19,49,3199.1176470588234,217540,278.57575757575756,18386.0,57,2.6029411764705883,73.04114828683014,4.9411764705882355,44.11764705882353
PRV52347,166,682,30,11,2,1,1,397,50,347,1801.2342569269522,715090,138.38790931989925,54940.0,342,2.1486146095717884,74.23624479972139,4.763224181360202,33.249370277078086
PRV52348,11,172,4,11,2,1,0,67,9,58,1534.1791044776119,102790,147.34328358208955,9872.0,36,3.044776119402985,74.57423355501751,4.462686567164179,26.865671641791046
PRV52349,69,183,0,11,2,1,0,99,0,99,206.16161616161617,20410,1.9191919191919191,190.0,94,1.5151515151515151,75.27228479179198,4.383838383838384,22.22222222222222
PRV52350,16,108,2,11,2,1,0,40,7,33,966.5,38660,191.4,7656.0,29,1.925,74.55968514715948,5.0,32.5
PRV52351,125,639,0,11,2,1,0,425,0,425,244.0,103700,3.388235294117647,1440.0,362,1.275294117647059,72.05024761444618,4.3223529411764705,17.88235294117647
PRV52352,23,65,0,11,2,1,0,32,0,32,301.875,9660,1.5625,50.0,32,1.4375,66.49914442162903,4.25,34.375
PRV52353,27,130,5,11,2,1,0,48,6,42,3133.75,150420,134.125,6438.0,45,2.0208333333333335,69.92881587953457,4.5,29.166666666666668
PRV52354,7,136,0,11,2,1,0,66,0,66,293.93939393939394,19400,5.0,330.0,33,0.9848484848484849,76.1468898429884,4.075757575757576,15.151515151515152
PRV52355,5,132,0,11,2,1,0,63,0,63,383.6507936507937,24170,6.349206349206349,400.0,26,1.1587301587301588,64.4994187499321,4.714285714285714,26.984126984126984
PRV52356,13,192,0,11,2,1,0,98,0,98,228.0612244897959,22350,3.061224489795918,300.0,63,1.8061224489795917,70.48596851471595,4.408163265306122,20.408163265306122
PRV52357,31,217,6,11,2,1,0,105,8,97,941.2380952380952,98830,83.46666666666667,8764.0,83,1.7809523809523808,71.66733809197875,4.4,24.761904761904763
PRV52358,9,46,0,10,1,1,0,18,0,18,287.77777777777777,5180,5.555555555555555,100.0,17,3.0,69.16221765913758,5.333333333333333,22.22222222222222
PRV52359,66,309,27,11,2,1,0,107,42,65,3985.3271028037384,426430,421.9252336448598,45146.0,98,2.588785046728972,75.25724922758064,4.607476635514018,51.4018691588785
PRV52361,93,271,0,11,2,1,0,158,0,158,279.9367088607595,44230,6.772151898734177,1070.0,145,0.9556962025316456,74.37572670011004,4.094936708860759,20.88607594936709
PRV52362,67,297,6,11,2,1,0,154,9,145,815.7792207792207,125630,65.79220779220779,10132.0,133,1.2337662337662338,73.76831382170191,4.740259740259741,23.376623376623375
PRV52365,11,944,0,11,2,1,0,739,0,739,273.51826792963465,202130,3.044654939106901,2250.0,381,1.3301759133964817,72.57594155299863,4.508795669824087,19.215155615696887
PRV52366,71,443,17,11,2,1,0,216,25,191,1300.3703703703704,280880,125.87962962962963,27190.0,140,1.7314814814814814,72.13025071615078,4.814814814814815,32.870370370370374
PRV52367,57,506,6,11,2,1,0,297,4,293,527.3400673400673,156620,16.067340067340066,4772.0,180,1.2693602693602695,70.6736080863391,4.579124579124579,20.2020202020202
PRV52369,36,789,0,11,2,1,0,547,0,547,299.41499085923215,163780,3.0895795246800732,1690.0,358,1.4442413162705667,72.04160331945639,4.83546617915905,23.76599634369287
PRV52371,22,148,0,11,2,1,0,72,0,72,241.25,17370,7.083333333333333,510.0,50,1.2083333333333333,73.53836793672524,4.277777777777778,11.11111111111111
PRV52372,28,301,20,11,1,1,0,124,27,97,2355.1612903225805,292040,233.59677419354838,28966.0,76,2.0806451612903225,74.57084188911705,4.693548387096774,38.70967741935484
PRV52373,22,52,7,1,2,1,0,23,3,20,1900.4347826086957,43710,139.30434782608697,3204.0,22,2.260869565217391,69.7311549564027,4.565217391304348,21.73913043478261
PRV52374,11,424,0,11,2,1,0,228,0,228,301.6666666666667,68780,3.9035087719298245,890.0,102,1.8333333333333333,73.0865905352018,4.337719298245614,27.192982456140353
PRV52377,29,84,0,11,2,1,0,44,0,44,311.3636363636364,13700,1.5909090909090908,70.0,44,0.6818181818181818,71.50108891792671,4.340909090909091,20.454545454545457
PRV52378,13,50,2,11,2,1,0,12,3,9,993.3333333333334,11920,267.0,3204.0,12,4.416666666666667,75.14373716632444,5.0,41.66666666666667
PRV52380,4,8,0,11,2,1,0,4,0,4,70.0,280,0.0,0.0,4,5.0,73.42026009582477,4.0,25.0
PRV52381,9,169,0,11,2,1,0,80,0,80,418.25,33460,2.875,230.0,31,2.2875,76.42347707049966,4.8125,17.5
PRV52383,27,161,0,11,2,1,1,74,0,74,210.0,15540,2.1621621621621623,160.0,51,1.3918918918918919,70.20359990380526,4.837837837837838,18.91891891891892
PRV52384,29,83,0,11,2,1,0,33,0,33,238.78787878787878,7880,12.727272727272727,420.0,32,0.0,75.4680272955427,4.484848484848484,24.242424242424242
PRV52385,21,62,0,11,1,1,0,22,0,22,324.54545454545456,7140,2.727272727272727,60.0,19,0.7272727272727273,73.4831684400473,3.727272727272727,18.181818181818183
PRV52386,24,410,0,11,2,1,0,237,0,237,233.33333333333334,55300,3.5443037974683542,840.0,161,1.9451476793248945,72.37763857481582,4.329113924050633,20.253164556962027
PRV52387,38,168,7,11,2,1,0,63,13,50,1932.3809523809523,121740,221.33333333333334,13944.0,39,2.3174603174603177,69.08218984605021,4.619047619047619,28.57142857142857
PRV52389,105,292,0,11,1,1,0,171,0,171,261.34502923976606,44690,2.456140350877193,420.0,139,1.6608187134502923,71.38183812257085,4.807017543859649,17.543859649122805
PRV52390,16,89,0,11,2,1,0,36,0,36,177.77777777777777,6400,3.611111111111111,130.0,34,2.25,70.28640961289832,4.555555555555555,16.666666666666664
PRV52391,9,51,0,11,2,1,0,22,0,22,410.45454545454544,9030,9.090909090909092,200.0,15,2.6363636363636362,73.11666977786075,4.045454545454546,4.545454545454546
PRV52392,15,264,2,11,2,1,0,127,5,122,677.007874015748,85980,43.77952755905512,5560.0,54,1.3858267716535433,69.88530129832334,5.165354330708661,22.04724409448819
PRV52393,15,245,13,11,2,1,0,91,16,75,2169.5604395604396,197430,180.0,16200.0,62,2.208791208791209,68.8946153093997,4.813186813186813,42.857142857142854
PRV52394,54,237,2,1,2,1,0,118,3,115,470.59322033898303,55530,31.8135593220339,3754.0,96,2.2542372881355934,72.75353542384484,4.423728813559322,23.728813559322035
PRV52395,35,1096,0,11,2,1,0,912,0,912,294.3311403508772,268430,3.3771929824561404,3080.0,444,1.518640350877193,72.89657108205147,4.541666666666667,20.833333333333336
PRV52396,28,150,13,11,1,1,1,40,17,23,3907.5,156300,453.9,18156.0,34,3.075,74.2009582477755,5.8,52.5
PRV52397,7,15,0,11,1,1,0,8,0,8,126.25,1010,8.75,70.0,8,4.25,82.45071868583162,6.625,12.5
PRV52398,32,142,9,11,1,1,0,48,12,36,4122.708333333333,197890,252.51063829787233,11868.0,41,2.5,75.89926990645677,4.8125,39.58333333333333
PRV52399,6,631,0,11,2,1,0,434,0,434,273.7327188940092,118800,2.6497695852534564,1150.0,277,0.543778801843318,71.24675668770521,4.407834101382488,21.658986175115206
PRV52400,7,392,0,11,2,1,0,231,0,231,280.12987012987014,64710,2.207792207792208,510.0,120,1.7705627705627707,73.45991448660853,4.683982683982684,16.883116883116884
PRV52401,27,272,3,11,1,1,0,141,4,137,556.0283687943263,78400,35.47517730496454,5002.0,54,1.0425531914893618,73.74160319610098,4.560283687943262,21.98581560283688
PRV52402,1,472,30,1,2,1,0,209,57,152,2761.33971291866,577120,289.6057692307692,60238.0,185,2.215311004784689,73.33604498459141,4.827751196172249,44.97607655502392
PRV52403,41,389,1,11,2,1,0,216,2,214,290.55555555555554,62760,12.11111111111111,2616.0,84,1.6018518518518519,67.91906862372296,4.199074074074074,26.38888888888889
PRV52404,12,73,2,11,1,1,0,27,7,20,2244.814814814815,60610,282.81481481481484,7636.0,26,2.6296296296296298,75.44898217861942,4.185185185185185,48.148148148148145
PRV52405,17,234,13,1,2,1,0,89,22,67,2124.38202247191,189070,265.23595505617976,23606.0,71,3.067415730337079,71.11456675049412,4.707865168539326,47.19101123595505
PRV52406,8,142,0,11,2,1,0,63,0,63,213.015873015873,13420,2.0634920634920637,130.0,44,0.9841269841269841,70.6858316221766,3.7777777777777777,34.92063492063492
PRV52407,5,103,0,11,2,1,0,43,0,43,371.3953488372093,15970,9.534883720930232,410.0,18,0.5348837209302325,73.05037963803065,4.325581395348837,32.55813953488372
PRV52408,12,70,0,11,2,1,0,29,0,29,147.24137931034483,4270,2.7586206896551726,80.0,12,1.0344827586206897,69.94585664046826,4.655172413793103,31.03448275862069
PRV52409,13,34,0,11,2,1,0,16,0,16,164.375,2630,6.25,100.0,15,0.0,72.03422313483915,4.125,25.0
PRV52410,5,121,0,11,2,1,0,58,0,58,419.13793103448273,24310,0.0,0.0,23,0.06896551724137931,71.59021926408458,5.396551724137931,13.793103448275861
PRV52411,1,178,0,11,2,1,0,92,0,92,347.9347826086956,32010,4.565217391304348,420.0,51,1.576086956521739,72.1675743237211,4.521739130434782,19.565217391304348
PRV52412,4,140,0,11,2,1,0,63,0,63,322.85714285714283,20340,1.1111111111111112,70.0,40,1.5396825396825398,69.36118987864369,4.031746031746032,23.809523809523807
PRV52414,7,255,0,11,2,1,0,132,0,132,330.3030303030303,43600,4.166666666666667,550.0,59,1.446969696969697,70.19718748055504,4.181818181818182,21.21212121212121
PRV52415,6,103,0,11,1,1,0,41,0,41,182.9268292682927,7500,9.512195121951219,390.0,13,1.0731707317073171,65.0099330562094,3.8048780487804876,21.951219512195124
PRV52416,2,101,0,11,2,1,0,42,0,42,229.76190476190476,9650,5.476190476190476,230.0,22,0.14285714285714285,72.39138228871289,2.857142857142857,28.57142857142857
PRV52417,1,41,0,11,2,1,0,20,0,20,210.5,4210,6.0,120.0,7,2.05,77.76262833675564,5.75,25.0
PRV52418,5,68,0,11,2,1,0,35,0,35,220.85714285714286,7730,4.285714285714286,150.0,24,1.4285714285714286,71.31545907890877,4.057142857142857,28.57142857142857
PRV52419,15,229,10,11,2,1,0,112,5,107,1013.125,113470,40.91891891891892,4542.0,34,2.919642857142857,73.25774909553142,5.678571428571429,24.107142857142858
PRV52420,3,275,0,11,2,1,1,141,0,141,553.5460992907801,78050,0.7092198581560284,100.0,47,3.234042553191489,73.92424308619862,4.921985815602837,19.858156028368796
PRV52421,6,173,0,11,2,1,0,95,0,95,353.1578947368421,33550,2.1052631578947367,200.0,63,2.0105263157894737,70.93180590078893,3.8526315789473684,21.052631578947366
PRV52422,8,128,0,11,2,1,0,58,0,58,455.17241379310343,26400,5.172413793103448,300.0,33,2.8448275862068964,71.58370506738417,4.586206896551724,34.48275862068966
PRV52423,7,117,0,11,2,1,0,54,0,54,212.59259259259258,11480,3.3333333333333335,180.0,30,1.2222222222222223,71.55981443455777,4.62962962962963,27.77777777777778
PRV52425,3,55,0,11,2,1,0,23,0,23,155.2173913043478,3570,3.0434782608695654,70.0,8,0.0,73.95470642502157,5.260869565217392,26.08695652173913
PRV52427,10,62,0,11,2,1,0,19,3,16,1939.4736842105262,36850,168.6315789473684,3204.0,12,1.5263157894736843,71.31683417990561,4.7368421052631575,42.10526315789473
PRV52431,1,128,0,11,2,1,0,63,0,63,378.57142857142856,23850,2.380952380952381,150.0,36,3.3968253968253967,70.7793531284291,5.079365079365079,15.873015873015872
PRV52432,2,122,0,11,2,1,0,58,0,58,220.3448275862069,12780,3.793103448275862,220.0,27,1.2241379310344827,72.5319455262102,4.086206896551724,29.310344827586203
PRV52433,4,165,0,11,2,1,0,85,0,85,259.52941176470586,22060,2.0,170.0,62,0.9058823529411765,77.71341144260579,4.08235294117647,29.411764705882355
PRV52434,1,5,0,11,1,1,0,2,0,2,45.0,90,0.0,0.0,2,0.0,91.50171115674195,4.5,50.0
PRV52435,12,141,0,11,1,1,0,70,0,70,291.7142857142857,20420,5.428571428571429,380.0,25,2.1,72.51757113523028,3.7714285714285714,18.571428571428573
PRV52436,8,98,0,11,2,1,0,44,0,44,226.8181818181818,9980,1.3636363636363635,60.0,22,1.5909090909090908,63.018853836102295,4.431818181818182,20.454545454545457
PRV52437,11,85,0,11,2,1,0,43,0,43,256.9767441860465,11050,0.9302325581395349,40.0,26,0.2558139534883721,74.08382280375022,4.744186046511628,25.581395348837212
PRV52439,1,216,0,11,2,1,0,121,0,121,243.96694214876032,29520,2.644628099173554,320.0,64,0.5785123966942148,73.26520383977916,4.256198347107438,25.6198347107438
PRV52440,1,41,0,11,2,1,0,12,0,12,415.0,4980,16.666666666666668,200.0,8,2.9166666666666665,77.89984029203742,4.916666666666667,8.333333333333332
PRV52441,1,197,0,11,2,1,0,94,0,94,217.12765957446808,20410,7.127659574468085,670.0,53,1.0425531914893618,72.76636521181936,4.851063829787234,24.46808510638298
PRV52443,1,1,0,11,1,1,0,1,0,1,10.0,10,0.0,0.0,1,0.0,91.4633812457221,3.0,0.0
PRV52445,6,36,5,1,1,1,1,5,5,0,20400.0,102000,1068.0,5340.0,5,8.2,71.77056810403833,6.2,100.0
PRV52446,3,62,7,11,2,1,0,10,10,0,12900.0,129000,1068.0,10680.0,10,7.3,60.937440109514036,5.3,100.0
PRV52448,2,3,0,11,2,1,0,2,0,2,85.0,170,0.0,0.0,2,0.0,90.93223819301849,4.0,0.0
PRV52449,6,45,6,11,1,1,0,6,6,0,21000.0,126000,1068.0,6408.0,5,6.666666666666667,77.3867214236824,6.166666666666667,100.0
PRV52450,19,506,0,11,2,1,0,298,0,298,273.6241610738255,81540,1.9798657718120805,590.0,232,1.3657718120805369,70.86534459710872,4.577181208053691,20.80536912751678
PRV52451,1,53,0,11,1,1,0,20,0,20,556.5,11130,1.0,20.0,17,2.4,71.93552361396304,4.65,20.0
PRV52452,6,452,2,11,1,1,0,274,2,272,319.8905109489051,87650,12.978102189781023,3556.0,136,1.3467153284671534,70.65961220441953,4.510948905109489,20.802919708029197
PRV52453,1,3,0,11,1,1,0,1,0,1,20.0,20,0.0,0.0,1,0.0,74.3791923340178,5.0,0.0
PRV52454,2,27,0,11,2,1,0,15,0,15,96.66666666666667,1450,6.0,90.0,14,0.2,72.85055897786904,3.1333333333333333,26.666666666666668
PRV52455,2,167,0,11,2,1,0,76,0,76,318.42105263157896,24200,3.6842105263157894,280.0,45,1.8026315789473684,72.96206635685724,4.25,17.105263157894736
PRV52456,1,20,0,11,2,1,0,7,0,7,195.71428571428572,1370,0.0,0.0,7,1.5714285714285714,66.88608585117825,4.571428571428571,28.57142857142857
PRV52457,7,64,7,10,2,1,0,9,9,0,13000.0,117000,1068.0,8544.0,9,4.444444444444445,76.37173929576393,5.444444444444445,100.0
PRV52458,1,4,1,11,2,2,0,1,1,0,27000.0,27000,1068.0,1068.0,1,5.0,67.15400410677618,5.0,100.0
PRV52459,3,228,32,11,2,1,0,50,50,0,10118.0,505900,1068.0,52332.0,49,5.28,72.08262833675565,5.82,100.0
PRV52460,4,84,6,11,2,1,0,13,13,0,6923.076923076923,90000,1068.0,13884.0,9,5.3076923076923075,73.44474279997894,6.153846153846154,100.0
PRV52461,1,45,2,11,1,1,0,7,7,0,6857.142857142857,48000,1068.0,7476.0,7,3.5714285714285716,70.74762882565757,5.571428571428571,100.0
PRV52462,2,18,1,11,1,1,0,2,2,0,8000.0,16000,1068.0,1068.0,2,4.5,81.60574948665298,7.0,100.0
PRV52463,1,9,2,11,2,1,0,1,1,0,5000.0,5000,1068.0,1068.0,1,4.0,92.35592060232717,7.0,100.0
PRV52464,2,17,2,11,2,1,0,2,2,0,6000.0,12000,1068.0,2136.0,2,8.5,86.08213552361397,5.5,100.0
PRV52466,1,82,10,11,2,1,0,13,13,0,10692.307692307691,139000,1068.0,13884.0,11,8.538461538461538,68.96182804191018,5.3076923076923075,100.0
PRV52467,59,223,6,12,2,3,1,103,8,95,1783.106796116505,183660,85.86407766990291,8844.0,89,1.5048543689320388,74.34665709747945,3.912621359223301,26.21359223300971
PRV52468,15,81,1,12,2,3,0,21,3,18,1545.2380952380952,32450,152.57142857142858,3204.0,21,1.9523809523809523,71.6039242527949,4.095238095238095,23.809523809523807
PRV52469,39,350,4,5,2,1,0,184,6,178,567.5,104420,36.34782608695652,6688.0,150,1.4076086956521738,73.03252685772104,4.103260869565218,20.108695652173914
PRV52470,3,6,0,12,1,3,0,3,0,3,90.0,270,0.0,0.0,3,0.0,73.53319644079397,3.3333333333333335,33.33333333333333
PRV52471,9,16,0,12,2,3,0,8,0,8,205.0,1640,12.5,100.0,8,0.125,74.18069815195072,4.375,12.5
PRV52472,58,184,12,54,2,1,0,61,18,43,3341.1475409836066,203810,304.26666666666665,18256.0,57,3.3442622950819674,74.01923227970961,3.80327868852459,44.26229508196721
PRV52473,5,14,0,12,2,3,0,4,0,4,967.5,3870,0.0,0.0,4,5.0,79.37371663244353,6.75,25.0
PRV52474,24,154,20,12,2,3,0,37,22,15,6182.972972972973,228770,624.6666666666666,22488.0,35,4.351351351351352,70.12213034389626,4.594594594594595,70.27027027027027
PRV52476,23,75,3,12,2,1,0,26,6,20,3357.6923076923076,87300,250.30769230769232,6508.0,26,2.9615384615384617,73.77244247880797,5.1923076923076925,42.30769230769231
PRV52478,33,135,2,5,2,1,0,55,5,50,576.3636363636364,31700,99.63636363636364,5480.0,52,2.272727272727273,71.32867898699521,4.818181818181818,40.0
PRV52480,30,78,1,12,2,1,0,30,5,25,1478.3333333333333,44350,178.0,5340.0,29,1.0333333333333334,71.58348163358431,4.266666666666667,33.33333333333333
PRV52482,1,1,0,12,2,3,0,1,0,1,40.0,40,0.0,0.0,1,0.0,67.21697467488022,0.0,0.0
PRV52483,5,354,0,12,2,3,0,223,0,223,233.67713004484304,52110,2.4663677130044843,550.0,61,1.0179372197309418,77.27451251216225,3.9417040358744395,15.246636771300448
PRV52484,9,45,0,12,2,3,0,13,0,13,120.76923076923077,1570,22.307692307692307,290.0,10,0.9230769230769231,78.31643236982046,4.076923076923077,15.384615384615385
PRV52485,2,12,0,12,1,3,0,5,0,5,316.0,1580,12.0,60.0,4,0.0,84.22943189596167,3.8,20.0
PRV52486,7,143,0,12,2,3,0,69,0,69,320.8695652173913,22140,1.5942028985507246,110.0,58,1.8695652173913044,70.13008759138569,4.2898550724637685,14.492753623188406
PRV52487,5,295,0,12,2,3,0,177,0,177,288.3050847457627,51030,6.327683615819209,1120.0,127,1.231638418079096,72.85806099838746,4.0508474576271185,19.2090395480226
PRV52488,5,341,0,12,2,3,0,183,0,183,244.3169398907104,44710,3.4972677595628414,640.0,130,1.1147540983606556,73.18719493722018,4.076502732240437,15.846994535519126
PRV52490,2,31,0,12,2,3,0,17,0,17,293.52941176470586,4990,0.0,0.0,16,2.3529411764705883,79.13918750251639,3.9411764705882355,17.647058823529413
PRV52491,4,142,0,12,2,3,0,63,0,63,263.1746031746032,16580,1.5873015873015872,100.0,57,1.4761904761904763,73.55679410710212,4.650793650793651,22.22222222222222
PRV52492,6,79,0,12,2,1,0,34,0,34,229.7058823529412,7810,0.5882352941176471,20.0,33,1.8235294117647058,74.22708056528566,3.5294117647058822,11.76470588235294
PRV52493,3,33,0,12,2,3,0,16,0,16,248.125,3970,0.0,0.0,16,0.0,75.22946611909651,5.0,31.25
PRV52494,1,1,0,12,1,3,0,1,0,1,20.0,20,0.0,0.0,1,0.0,74.88021902806297,1.0,0.0
PRV52495,6,84,7,12,2,3,0,15,12,3,6586.666666666667,98800,854.4,12816.0,14,3.533333333333333,73.14350901209218,4.0,86.66666666666667
PRV52497,18,96,4,13,2,1,1,30,4,26,1974.6666666666667,59240,142.4,4272.0,30,1.5,74.55560118640201,4.333333333333333,26.666666666666668
PRV52499,95,306,6,13,2,1,0,157,8,149,1048.8535031847134,164670,50.48717948717949,7876.0,119,2.1910828025477707,72.33260527428644,5.10828025477707,21.019108280254777
PRV52500,78,227,5,13,2,1,0,126,7,119,685.0,86310,62.111111111111114,7826.0,111,1.1666666666666667,72.22841497995502,4.301587301587301,26.984126984126984
PRV52501,17,57,0,13,2,1,0,19,0,19,254.73684210526315,4840,5.2631578947368425,100.0,16,1.263157894736842,71.2877265031161,2.736842105263158,21.052631578947366
PRV52502,44,292,15,13,2,1,1,119,26,93,2192.436974789916,260900,226.4406779661017,26720.0,87,2.680672268907563,74.56253630815776,4.663865546218488,36.134453781512605
PRV52503,43,175,5,13,2,1,0,78,5,73,933.3333333333334,72800,73.07692307692308,5700.0,63,2.0256410256410255,73.5451657628249,4.0256410256410255,25.64102564102564
PRV52504,16,123,7,13,2,1,1,40,14,26,2854.5,114180,373.8,14952.0,34,2.325,72.41108829568789,4.975,52.5
PRV52506,11,31,0,13,1,1,0,13,0,13,168.46153846153845,2190,0.0,0.0,12,1.6153846153846154,73.75791080924552,3.230769230769231,23.076923076923077
PRV52507,22,63,0,13,2,1,0,29,0,29,250.0,7250,3.4482758620689653,100.0,24,0.20689655172413793,71.6108475536359,4.275862068965517,13.793103448275861
PRV52508,34,77,3,13,2,1,0,37,2,35,828.1081081081081,30640,59.08108108108108,2186.0,36,1.162162162162162,72.0751799026953,3.918918918918919,21.62162162162162
PRV52509,21,137,5,13,2,1,0,63,6,57,1807.142857142857,113850,104.25396825396825,6568.0,26,1.126984126984127,72.70432297947698,5.365079365079365,31.746031746031743
PRV52510,14,54,0,13,2,1,0,26,0,26,163.07692307692307,4240,3.8461538461538463,100.0,22,0.0,72.84894434791765,5.230769230769231,30.76923076923077
PRV52511,108,533,41,13,2,1,1,246,75,171,2927.967479674797,720280,324.37551020408165,79472.0,196,2.7439024390243905,70.68259294502596,4.565040650406504,47.5609756097561
PRV52512,2,83,0,13,1,1,0,31,0,31,196.4516129032258,6090,0.0,0.0,19,1.935483870967742,66.33070587975536,4.064516129032258,25.806451612903224
PRV52513,9,44,0,13,2,1,0,20,0,20,193.5,3870,0.0,0.0,18,0.0,75.5668720054757,3.7,15.0
PRV52514,8,47,0,29,2,1,0,15,0,15,440.0,6600,4.0,60.0,13,1.3333333333333333,78.7420488250057,4.6,33.33333333333333
PRV52515,5,43,0,46,2,1,0,17,0,17,144.11764705882354,2450,2.3529411764705883,40.0,17,0.0,70.2350525425776,4.176470588235294,5.88235294117647
PRV52517,15,80,0,13,1,1,0,32,0,32,340.9375,10910,3.75,120.0,26,0.0,74.79209445585215,4.84375,31.25
PRV52518,24,113,2,29,2,1,0,51,1,50,1418.4313725490197,72340,22.901960784313726,1168.0,50,1.4313725490196079,69.78599133013917,4.431372549019608,17.647058823529413
PRV52519,8,231,6,13,1,1,0,100,6,94,1371.8,137180,67.08,6708.0,72,2.27,71.16405201916496,4.57,28.000000000000004
PRV52520,6,252,0,13,2,1,0,121,0,121,329.8347107438017,39910,3.2231404958677685,390.0,51,1.8760330578512396,74.32355287050079,4.181818181818182,23.96694214876033
PRV52521,28,216,0,13,2,1,0,113,0,113,221.23893805309734,25000,1.415929203539823,160.0,88,1.2920353982300885,73.25873295657598,4.185840707964601,19.469026548672566
PRV52523,3,4,0,13,1,1,0,3,0,3,160.0,480,0.0,0.0,3,0.0,72.3668720054757,5.0,0.0
PRV52525,1,4,0,3,2,1,0,2,0,2,75.0,150,0.0,0.0,2,0.0,79.44832306639289,5.0,0.0
PRV52526,1,5,0,13,2,1,0,1,0,1,90.0,90,0.0,0.0,1,0.0,73.96851471594798,4.0,0.0
PRV52527,1,272,0,13,2,1,0,160,0,160,304.5625,48730,3.75,600.0,73,1.74375,74.54070841889117,3.94375,20.0
PRV52528,11,53,0,13,1,1,0,26,0,26,248.46153846153845,6460,0.0,0.0,16,1.0769230769230769,68.27325856894646,4.653846153846154,7.6923076923076925
PRV52529,5,20,0,13,1,1,0,12,0,12,176.66666666666666,2120,0.0,0.0,8,0.0,69.42961441934749,4.583333333333333,25.0
PRV52530,6,30,1,13,1,1,0,10,1,9,521.0,5210,106.8,1068.0,9,2.0,75.36098562628337,5.7,30.0
PRV52531,3,12,0,13,2,1,0,5,0,5,594.0,2970,6.0,30.0,5,2.0,70.6776180698152,4.8,20.0
PRV52532,14,43,0,13,2,1,0,16,0,16,159.375,2550,3.75,60.0,15,0.4375,71.7014031485284,3.5625,12.5
PRV52533,15,103,0,13,2,1,0,43,0,43,171.62790697674419,7380,9.534883720930232,410.0,27,0.3023255813953488,75.05410438852013,5.1395348837209305,32.55813953488372
PRV52535,7,57,0,13,2,1,0,18,0,18,400.0,7200,5.0,90.0,12,1.1666666666666667,76.134915202677,4.5,22.22222222222222
PRV52536,2,9,1,50,2,1,0,1,1,0,14000.0,14000,1068.0,1068.0,1,8.0,72.32854209445586,5.0,100.0
PRV52537,1,9,1,13,1,1,0,1,1,0,57000.0,57000,1068.0,1068.0,1,19.0,71.65503080082135,2.0,100.0
PRV52539,2,38,0,13,1,1,0,14,0,14,317.85714285714283,4450,7.142857142857143,100.0,12,4.142857142857143,65.66891561552752,4.142857142857143,21.428571428571427
PRV52540,1,28,0,13,2,1,0,7,0,7,481.42857142857144,3370,0.0,0.0,4,0.0,69.51442260682506,3.4285714285714284,14.285714285714285
PRV52541,6,40,4,13,2,1,0,5,5,0,8200.0,41000,1068.0,5340.0,5,6.4,75.2766598220397,4.4,100.0
PRV52542,2,130,0,13,2,1,0,62,0,62,256.7741935483871,15920,1.7741935483870968,110.0,44,1.2741935483870968,72.96584310348635,4.129032258064516,27.419354838709676
PRV52543,13,311,0,13,2,1,0,171,0,171,278.0701754385965,47550,3.391812865497076,580.0,89,1.2514619883040936,72.21609808230365,4.011695906432749,17.543859649122805
PRV52544,1,43,3,13,1,1,0,6,6,0,5666.666666666667,34000,1068.0,6408.0,6,3.8333333333333335,77.92425279488934,4.333333333333333,100.0
PRV52545,3,38,0,14,1,1,0,13,0,13,112.3076923076923,1460,8.461538461538462,110.0,13,1.6153846153846154,75.52003369662508,4.230769230769231,7.6923076923076925
PRV52547,1,5,0,14,2,1,0,2,0,2,1510.0,3020,0.0,0.0,2,0.0,73.66324435318275,4.5,50.0
PRV52548,20,67,3,14,2,1,0,15,5,10,2583.3333333333335,38750,356.0,5340.0,15,2.8,73.51019849418206,4.8,46.666666666666664
PRV52549,16,324,3,14,1,1,0,156,6,150,622.8205128205128,97160,45.62820512820513,7118.0,54,3.576923076923077,75.59881710805735,5.0256410256410255,21.153846153846153
PRV52551,4,18,0,14,2,1,0,5,0,5,184.0,920,0.0,0.0,5,1.6,75.60684462696784,4.2,40.0
PRV52552,48,156,6,10,1,1,0,55,11,44,2179.4545454545455,119870,217.05454545454546,11938.0,54,1.9636363636363636,71.83562939456164,4.5636363636363635,32.72727272727273
PRV52553,12,46,4,14,1,1,0,8,4,4,7790.0,62320,534.0,4272.0,8,4.25,72.121492128679,5.125,62.5
PRV52554,10,33,0,14,2,1,0,13,0,13,151.53846153846155,1970,0.0,0.0,13,1.7692307692307692,76.43910914547465,2.923076923076923,15.384615384615385
PRV52555,8,12,0,54,1,1,0,7,0,7,514.2857142857143,3600,0.0,0.0,7,2.857142857142857,80.5780776376259,5.0,0.0
PRV52556,110,303,29,14,1,1,0,115,46,69,4041.391304347826,464760,423.94736842105266,48330.0,100,2.4695652173913043,73.92708984316876,4.643478260869565,52.17391304347826
PRV52557,10,24,0,14,2,1,0,11,0,11,88.18181818181819,970,0.0,0.0,9,1.8181818181818181,71.45392321573019,4.454545454545454,18.181818181818183
PRV52558,2,713,4,14,2,1,0,494,0,494,285.2226720647773,140900,2.4696356275303644,1220.0,440,1.4251012145748987,74.68501137538208,4.4757085020242915,23.076923076923077
PRV52559,7,541,0,14,2,1,0,359,0,359,252.75766016713092,90740,1.5041782729805013,540.0,207,1.392757660167131,74.30110638914469,4.423398328690808,20.334261838440113
PRV52560,1,757,0,14,2,1,0,503,0,503,289.16500994035783,145450,3.7176938369781314,1870.0,174,1.2664015904572565,74.26364741054017,4.510934393638171,20.47713717693837
PRV52561,1,440,0,14,2,1,0,280,0,280,460.35714285714283,128900,3.1785714285714284,890.0,261,1.5178571428571428,74.88930282585314,4.6571428571428575,21.071428571428573
PRV52562,26,196,5,14,2,1,0,87,6,81,1041.6091954022988,90620,66.62790697674419,5730.0,61,2.057471264367816,75.55571290330194,4.448275862068965,32.18390804597701
PRV52563,7,702,2,14,2,1,0,473,0,473,367.3784355179704,173770,2.66384778012685,1260.0,246,1.7674418604651163,75.12919558991858,4.395348837209302,17.758985200845668
PRV52564,23,57,2,10,2,1,0,21,5,16,1890.4761904761904,39700,255.23809523809524,5360.0,21,2.7142857142857144,77.63332355529481,5.0476190476190474,38.095238095238095
PRV52565,12,289,13,14,2,1,0,137,11,126,1033.8686131386862,141640,88.5985401459854,12138.0,86,2.2992700729927007,74.89444785843112,4.313868613138686,29.927007299270077
PRV52566,128,319,17,14,2,1,0,139,22,117,1813.1654676258993,252030,171.62589928057554,23856.0,135,1.9064748201438848,76.04203290345136,4.748201438848921,32.37410071942446
PRV52567,32,110,0,14,2,1,0,66,0,66,449.54545454545456,29670,7.2727272727272725,480.0,38,1.7121212121212122,76.1915251073362,4.4393939393939394,19.696969696969695
PRV52568,38,162,0,14,1,1,0,87,0,87,295.7471264367816,25730,4.942528735632184,430.0,41,0.9195402298850575,73.84068540678327,4.954022988505747,27.586206896551722
PRV52570,21,85,7,14,2,1,0,24,8,16,2841.25,68190,356.0,8544.0,23,3.25,75.8320784850559,3.375,45.83333333333333
PRV52571,4,738,0,14,2,1,0,508,0,508,318.48425196850394,161790,2.2244094488188977,1130.0,429,1.68503937007874,73.353683972255,4.627952755905512,19.094488188976378
PRV52572,4,14,0,14,1,1,0,3,0,3,1383.3333333333333,4150,0.0,0.0,3,13.333333333333334,81.13712069358887,5.333333333333333,0.0
PRV52573,2,798,2,14,2,1,0,587,0,587,270.30664395229985,158670,1.7206132879045997,1010.0,520,1.616695059625213,74.08999693332727,4.420783645655877,20.954003407155025
PRV52574,110,648,77,14,2,1,1,259,146,113,5922.123552123552,1533830,599.5019455252918,154072.0,208,3.694980694980695,77.66873591103571,4.953667953667954,64.0926640926641
PRV52575,50,162,0,14,1,1,0,70,0,70,339.7142857142857,23780,1.4285714285714286,100.0,40,2.157142857142857,74.72615625305563,4.542857142857143,21.428571428571427
PRV52576,14,70,2,14,2,1,0,26,3,23,1917.3076923076924,49850,123.23076923076923,3204.0,26,1.8076923076923077,75.739167061549,4.653846153846154,34.61538461538461
PRV52577,6,20,0,14,2,1,0,8,0,8,318.75,2550,0.0,0.0,8,5.25,78.91101984941821,5.125,12.5
PRV52578,52,205,20,14,2,1,1,49,37,12,7205.102040816327,353050,801.0,38448.0,40,4.63265306122449,72.27166184749053,4.795918367346939,85.71428571428571
PRV52579,10,20,0,14,1,1,0,9,0,9,117.77777777777777,1060,11.11111111111111,100.0,9,0.0,75.60879154308311,2.5555555555555554,0.0
PRV52580,8,89,0,14,2,1,0,39,0,39,181.7948717948718,7090,1.5384615384615385,60.0,37,0.8717948717948718,72.60639884869865,4.897435897435898,28.205128205128204
PRV52581,5,254,0,14,2,1,0,142,0,142,282.0422535211268,40050,1.6901408450704225,240.0,135,1.6408450704225352,72.91739210072207,4.457746478873239,25.352112676056336
PRV52582,29,112,12,14,2,1,0,23,19,4,8305.217391304348,191020,882.2608695652174,20292.0,23,5.173913043478261,70.3372913132756,5.3478260869565215,91.30434782608695
PRV52583,156,422,17,10,2,1,0,208,26,182,1143.2211538461538,237790,132.46376811594203,27420.0,193,2.230769230769231,72.72920286421314,4.576923076923077,37.5
PRV52584,29,117,4,26,2,1,0,54,3,51,1064.0740740740741,57460,60.629629629629626,3274.0,51,2.7037037037037037,75.80860394960327,4.537037037037037,18.51851851851852
PRV52586,1,8,0,26,2,1,0,1,0,1,300.0,300,0.0,0.0,1,0.0,69.71115674195757,4.0,0.0
PRV52587,4,256,0,14,2,1,0,137,0,137,283.94160583941607,38900,1.167883211678832,160.0,68,1.5912408759124088,74.08340452744595,4.810218978102189,13.86861313868613
PRV52588,17,173,10,14,2,1,0,50,17,33,3532.4,176620,363.12,18156.0,37,3.34,73.58598220396989,4.52,50.0
PRV52589,253,749,47,15,2,1,1,426,81,345,1955.2112676056338,832920,203.6,86530.0,368,2.075117370892019,73.70534684263464,4.687793427230047,33.80281690140845
PRV52590,4,525,63,14,2,1,1,208,115,93,5901.826923076923,1227580,589.2367149758454,121972.0,190,3.451923076923077,73.62218975411994,5.384615384615385,68.26923076923077
PRV52591,19,95,0,52,2,1,0,46,0,46,271.95652173913044,12510,9.565217391304348,440.0,45,0.782608695652174,74.09511055560515,4.065217391304348,17.391304347826086
PRV52592,24,78,5,14,1,1,0,19,7,12,3137.8947368421054,59620,393.4736842105263,7476.0,18,4.631578947368421,83.1505457689398,5.7368421052631575,52.63157894736842
PRV52593,1,800,0,14,2,1,1,582,0,582,244.02061855670104,142020,2.336769759450172,1360.0,252,1.3986254295532645,74.31193622971603,4.6271477663230245,21.649484536082475
PRV52596,4,6,0,15,1,1,0,2,0,2,200.0,400,0.0,0.0,2,1.0,75.12662559890487,1.5,0.0
PRV52598,25,62,0,14,2,1,0,31,0,31,338.38709677419354,10490,0.967741935483871,30.0,30,0.03225806451612903,78.68433022013203,4.32258064516129,35.483870967741936
PRV52599,2,464,0,14,2,1,0,272,0,272,323.125,87890,3.4926470588235294,950.0,144,2.327205882352941,74.76257196923945,4.536764705882353,22.058823529411764
PRV52602,68,184,6,14,2,1,0,79,9,70,1373.6708860759493,108520,111.46153846153847,8694.0,73,1.5696202531645569,73.73059894818012,4.367088607594937,31.645569620253166
PRV52604,6,13,0,3,2,1,0,7,0,7,498.57142857142856,3490,0.0,0.0,7,0.0,66.20631661288745,4.0,42.857142857142854
PRV52605,3,1185,1,14,2,1,0,1000,0,1000,253.88,253880,3.02,3020.0,401,1.466,74.97282683093772,4.506,22.6
PRV52606,19,69,0,14,1,1,0,30,0,30,334.0,10020,8.0,240.0,22,1.0,67.03162217659137,4.133333333333334,10.0
PRV52607,2,2,0,14,2,1,0,2,0,2,1700.0,3400,0.0,0.0,2,0.0,75.97809719370295,4.5,50.0
PRV52608,1,7,0,14,1,1,0,1,1,0,3000.0,3000,1068.0,1068.0,1,3.0,83.86036960985626,7.0,100.0
PRV52609,6,257,4,14,1,1,1,133,5,128,742.0300751879699,98690,43.233082706766915,5750.0,45,1.1954887218045114,74.5926829393813,5.406015037593985,21.052631578947366
PRV52610,14,40,0,14,1,1,0,17,1,16,590.5882352941177,10040,70.47058823529412,1198.0,16,1.2352941176470589,74.59950879735878,4.352941176470588,11.76470588235294
PRV52611,22,78,8,14,2,1,0,16,9,7,5172.5,82760,600.75,9612.0,16,3.0625,73.71475017111567,4.25,62.5
PRV52614,3,292,0,14,2,1,0,156,0,156,272.3076923076923,42480,1.0256410256410255,160.0,94,1.4743589743589745,73.38668632303128,4.647435897435898,19.871794871794872
PRV52615,6,39,1,14,2,1,0,9,2,7,2085.5555555555557,18770,237.33333333333334,2136.0,9,3.111111111111111,72.57129819758157,5.111111111111111,44.44444444444444
PRV52616,7,42,0,15,1,1,0,15,0,15,576.0,8640,0.0,0.0,15,1.9333333333333333,71.30677618069815,3.8666666666666667,46.666666666666664
PRV52617,11,497,28,14,2,1,0,238,42,196,1713.8655462184875,407900,187.37552742616035,44408.0,135,2.180672268907563,74.17100063844839,4.810924369747899,31.092436974789916
PRV52621,45,176,15,14,2,1,0,45,24,21,4006.222222222222,180280,561.9090909090909,24724.0,42,3.8444444444444446,70.91860978021143,4.8,64.44444444444444
PRV52622,6,35,2,14,1,1,0,7,4,3,2430.0,17010,610.2857142857143,4272.0,7,3.857142857142857,75.61748313288355,3.4285714285714284,57.14285714285714
PRV52623,47,435,5,14,2,1,0,235,10,225,860.8085106382979,202290,48.680851063829785,11440.0,125,1.3191489361702127,72.92418192144697,3.8553191489361702,22.97872340425532
PRV52626,4,13,0,14,2,1,0,3,0,3,186.66666666666666,560,0.0,0.0,3,0.0,77.45197353410906,6.333333333333333,0.0
PRV52627,6,20,1,14,2,1,0,5,3,2,9214.0,46070,640.8,3204.0,5,5.0,78.98042436687201,4.6,60.0
PRV52628,3,1894,0,14,2,1,1,2098,0,2098,287.9504289799809,604120,2.7550047664442325,5780.0,1354,1.644423260247855,74.14468066781113,4.46139180171592,20.877025738798856
PRV52629,8,134,0,14,2,1,0,61,0,61,201.9672131147541,12320,2.2950819672131146,140.0,58,1.0327868852459017,74.6128073069198,4.163934426229508,18.0327868852459
PRV52630,13,758,43,14,2,1,1,434,87,347,2012.6036866359448,873470,214.729792147806,92978.0,260,2.391705069124424,75.34863754072869,4.82258064516129,36.175115207373274
PRV52631,8,1192,0,14,2,1,0,1057,0,1057,304.399243140965,321750,2.0719016083254496,2190.0,804,1.3159886471144748,73.71886002316941,4.603595080416272,20.340586565752126
PRV52633,3,586,0,14,2,1,0,379,0,379,265.8839050131926,100770,3.1398416886543536,1190.0,224,1.3509234828496042,73.68569978635372,4.511873350923483,19.261213720316622
PRV52634,40,303,32,14,2,1,0,87,58,29,4884.482758620689,424950,707.8604651162791,60876.0,79,5.264367816091954,73.03544257987365,5.103448275862069,74.71264367816092
PRV52636,15,40,0,52,1,1,0,21,0,21,324.76190476190476,6820,7.619047619047619,160.0,21,1.380952380952381,71.34265506339428,3.857142857142857,4.761904761904762
PRV52638,1,2,0,14,2,2,0,1,0,1,400.0,400,0.0,0.0,1,0.0,55.53456536618754,1.0,0.0
PRV52639,23,90,0,14,2,1,0,37,0,37,274.3243243243243,10150,2.4324324324324325,90.0,33,2.972972972972973,76.57309876611724,3.7837837837837838,21.62162162162162
PRV52640,26,127,0,14,2,1,0,66,0,66,167.42424242424244,11050,1.3636363636363635,90.0,65,1.2121212121212122,74.98205878082675,4.242424242424242,24.242424242424242
PRV52641,75,238,11,14,2,1,0,97,21,76,1920.9278350515465,186330,231.7319587628866,22478.0,91,2.4329896907216493,72.13390066117685,4.43298969072165,35.051546391752574
PRV52642,10,800,68,14,2,1,1,436,146,290,3046.422018348624,1328240,354.53579676674366,153514.0,263,2.9013761467889907,74.59837738384543,4.926605504587156,44.26605504587156
PRV52643,11,26,0,29,2,1,0,11,0,11,462.72727272727275,5090,0.0,0.0,11,1.2727272727272727,78.14946176342481,3.4545454545454546,9.090909090909092
PRV52644,31,106,6,15,2,1,0,31,9,22,2275.1612903225805,70530,312.3225806451613,9682.0,29,3.6774193548387095,75.08423307058798,5.129032258064516,58.06451612903226
PRV52645,4,606,0,14,2,1,0,408,0,408,268.70098039215685,109630,3.627450980392157,1480.0,367,1.3602941176470589,74.51699077988485,4.453431372549019,21.568627450980394
PRV52646,69,279,20,14,2,1,0,104,34,70,2945.2884615384614,306310,342.75728155339806,35304.0,87,2.9326923076923075,75.5056336545043,4.528846153846154,49.03846153846153
PRV52647,70,187,4,52,2,1,0,75,7,68,947.6,71070,101.28,7596.0,73,1.1466666666666667,74.114752452658,4.493333333333333,25.333333333333336
PRV52648,24,1018,3,14,2,1,1,842,0,842,303.14726840855104,255250,1.7695961995249405,1490.0,259,1.5807600950118765,74.77484428880099,4.631828978622328,19.002375296912113
PRV52649,21,1939,0,14,2,1,1,2156,0,2156,279.30890538033395,602190,2.3979591836734695,5170.0,1421,1.4837662337662338,73.66625014762299,4.576530612244898,19.666048237476808
PRV52651,4,24,3,14,2,1,0,4,3,1,8272.5,33090,801.0,3204.0,4,2.75,84.95893223819301,7.25,100.0
PRV52652,1,976,0,14,2,1,1,743,0,743,256.47375504710635,190560,3.082099596231494,2290.0,503,1.5450874831763122,73.4160068464694,4.698519515477793,20.995962314939433
PRV52653,13,50,4,14,1,1,0,14,4,10,4925.0,68950,305.14285714285717,4272.0,13,3.2142857142857144,67.65991982008408,4.642857142857143,28.57142857142857
PRV52654,164,427,35,14,2,1,0,177,58,119,2731.9209039548023,483550,343.81714285714287,60168.0,171,2.615819209039548,73.298777634698,4.796610169491525,47.45762711864407
PRV52656,3,983,0,14,2,1,0,775,0,775,309.3806451612903,239770,2.5161290322580645,1950.0,631,1.423225806451613,73.88014749067143,4.589677419354839,21.935483870967744
PRV52657,3,209,0,14,2,1,0,121,0,121,241.73553719008265,29250,2.8925619834710745,350.0,61,0.6115702479338843,72.13286495720693,4.214876033057851,14.049586776859504
PRV52658,10,99,0,14,2,1,0,39,0,39,380.5128205128205,14840,3.076923076923077,120.0,36,2.230769230769231,76.91935625405851,5.153846153846154,23.076923076923077
PRV52659,17,41,0,14,2,1,0,24,0,24,137.91666666666666,3310,0.8333333333333334,20.0,24,0.8333333333333334,77.07928359571069,4.041666666666667,16.666666666666664
PRV52660,5,758,0,14,2,1,0,558,0,558,260.57347670250897,145400,4.032258064516129,2250.0,329,1.075268817204301,74.8942909923237,4.295698924731183,20.967741935483872
PRV52661,1,414,0,14,2,1,0,247,0,247,306.43724696356276,75690,2.672064777327935,660.0,233,1.3157894736842106,74.029456835898,4.348178137651822,21.86234817813765
PRV52662,17,54,1,14,2,1,0,19,2,17,673.1578947368421,12790,112.42105263157895,2136.0,18,1.631578947368421,74.68424655066826,4.894736842105263,31.57894736842105
PRV52663,19,762,0,14,2,1,0,576,0,576,313.62847222222223,180650,3.0729166666666665,1770.0,272,1.2013888888888888,73.39181686820291,4.331597222222222,17.53472222222222
PRV52665,16,841,0,14,2,1,0,607,0,607,240.74135090609556,146130,3.1795716639209224,1930.0,416,1.2487644151565074,74.01707435610328,4.660626029654036,19.934102141680395
PRV52666,1,101,0,15,2,1,0,39,0,39,228.97435897435898,8930,1.794871794871795,70.0,38,1.9230769230769231,73.44067112444935,4.384615384615385,15.384615384615385
PRV52667,3,8,0,14,1,1,0,3,0,3,50.0,150,0.0,0.0,3,0.0,86.3253479352042,3.3333333333333335,33.33333333333333
PRV52668,2,18,0,14,2,1,0,7,0,7,264.2857142857143,1850,0.0,0.0,6,4.142857142857143,77.36149408428669,3.2857142857142856,28.57142857142857
PRV52669,1,1,0,14,2,1,0,1,0,1,300.0,300,0.0,0.0,1,0.0,87.44969199178645,2.0,0.0
PRV52670,2,30,0,14,1,1,0,13,0,13,58.46153846153846,760,7.6923076923076925,100.0,13,0.0,72.26830937713895,3.230769230769231,30.76923076923077
PRV52671,2,8,0,14,1,1,0,2,0,2,120.0,240,0.0,0.0,2,0.0,81.90691307323752,6.0,50.0
PRV52672,1,7,0,14,1,1,0,3,0,3,130.0,390,0.0,0.0,2,0.0,73.51129363449692,7.0,33.33333333333333
PRV52673,1,171,0,14,1,1,0,87,0,87,223.79310344827587,19470,5.977011494252873,520.0,52,1.2413793103448276,76.90053262212152,4.333333333333333,24.137931034482758
PRV52674,1,5,0,14,1,1,0,3,0,3,243.33333333333334,730,0.0,0.0,3,0.0,76.3960757472051,4.333333333333333,0.0
PRV52676,2,74,0,14,2,1,0,39,0,39,251.28205128205127,9800,1.0256410256410255,40.0,34,0.4358974358974359,76.51604977272328,3.7435897435897436,17.94871794871795
PRV52677,1,3,0,14,1,1,0,2,0,2,70.0,140,0.0,0.0,2,0.0,81.30321697467488,3.5,0.0
PRV52678,20,170,0,26,2,1,0,74,0,74,336.8918918918919,24930,0.9459459459459459,70.0,51,2.4594594594594597,73.93958229276504,4.891891891891892,16.216216216216218
PRV52679,2,108,0,14,2,1,0,53,0,53,303.77358490566036,16100,0.9433962264150944,50.0,36,1.9433962264150944,74.60178476876783,3.9056603773584904,16.9811320754717
PRV52681,2,3,0,14,2,1,0,3,0,3,153.33333333333334,460,0.0,0.0,3,0.0,60.841432808578595,5.666666666666667,33.33333333333333
PRV52683,7,237,0,14,2,1,0,131,0,131,253.74045801526717,33240,1.6793893129770991,220.0,66,1.2213740458015268,74.05106823204854,4.015267175572519,24.427480916030532
PRV52684,4,376,4,14,2,1,0,210,5,205,619.2380952380952,130040,28.38095238095238,5960.0,108,1.7047619047619047,74.01265930054431,4.204761904761905,24.285714285714285
PRV52686,5,27,0,14,1,1,0,9,0,9,124.44444444444444,1120,0.0,0.0,8,4.444444444444445,74.93071716480341,4.666666666666667,22.22222222222222
PRV52687,19,119,5,14,2,1,0,41,6,35,1510.2439024390244,61920,156.29268292682926,6408.0,25,2.2439024390243905,71.2446202901454,4.048780487804878,29.268292682926827
PRV52688,9,159,3,16,2,1,0,59,6,53,1960.5084745762713,115670,111.15254237288136,6558.0,30,2.5084745762711864,72.94660030858827,5.0,25.423728813559322
PRV52689,8,22,0,52,2,1,0,12,0,12,110.83333333333333,1330,8.333333333333334,100.0,12,0.0,76.09810631987223,4.083333333333333,8.333333333333332
PRV52690,3,219,0,14,2,1,1,117,0,117,448.8034188034188,52510,5.897435897435898,690.0,37,2.0085470085470085,78.65040336498241,5.102564102564102,18.803418803418804
PRV52691,10,52,2,14,2,1,0,17,3,14,1316.4705882352941,22380,194.94117647058823,3314.0,15,2.9411764705882355,72.47058823529412,4.882352941176471,29.411764705882355
PRV52692,1,86,0,14,2,1,0,36,0,36,267.77777777777777,9640,8.055555555555555,290.0,18,2.8333333333333335,63.114609476005775,4.194444444444445,16.666666666666664
PRV52693,5,19,0,14,2,1,0,8,0,8,490.0,3920,0.0,0.0,8,2.5,70.46543463381246,4.375,0.0
PRV52694,2,4,0,14,1,1,0,2,0,2,55.0,110,0.0,0.0,2,10.0,64.06707734428474,2.0,0.0
PRV52695,2,14,0,14,2,1,0,5,0,5,40.0,200,0.0,0.0,5,0.0,74.9015742642026,4.6,0.0
PRV52696,3,27,4,14,2,1,0,3,3,0,32000.0,96000,1068.0,3204.0,3,7.0,75.25986767054529,3.6666666666666665,100.0
PRV52697,5,11,0,14,2,1,0,5,0,5,130.0,650,0.0,0.0,5,0.0,82.38357289527721,6.0,20.0
PRV52698,4,241,2,14,2,1,0,123,1,122,339.5934959349593,41770,12.585365853658537,1548.0,56,2.040650406504065,77.44209056053599,4.59349593495935,26.01626016260163
PRV52699,9,37,0,14,2,1,0,12,1,11,1095.8333333333333,13150,89.0,1068.0,11,2.0833333333333335,72.29158110882958,5.0,25.0
PRV52700,5,73,1,14,1,1,0,30,0,30,410.0,12300,3.3333333333333335,100.0,16,2.3666666666666667,78.84453570613735,2.566666666666667,20.0
PRV52701,5,184,0,14,1,1,0,96,0,96,266.7708333333333,25610,3.5416666666666665,340.0,55,1.0729166666666667,74.10669062286105,4.677083333333333,20.833333333333336
PRV52702,23,62,0,14,1,1,0,28,0,28,241.07142857142858,6750,1.4285714285714286,40.0,24,2.4642857142857144,76.5409210912291,4.964285714285714,25.0
PRV52703,5,11,0,3,1,1,0,4,0,4,675.0,2700,47.5,190.0,4,1.0,80.75359342915812,3.5,0.0
PRV52704,3,270,0,14,2,1,0,159,0,159,325.72327044025155,51790,3.3333333333333335,530.0,73,1.421383647798742,73.89211318171839,4.70440251572327,20.754716981132077
PRV52706,19,60,3,26,1,1,0,26,2,24,1276.5384615384614,33190,82.15384615384616,2136.0,25,4.461538461538462,75.05259832569894,4.3076923076923075,19.230769230769234
PRV52708,11,89,2,14,2,1,0,31,5,26,1303.225806451613,40400,174.51612903225808,5410.0,12,1.3548387096774193,74.6989909695083,4.709677419354839,22.58064516129032
PRV52709,2,27,0,14,2,1,0,13,0,13,170.76923076923077,2220,0.0,0.0,4,3.076923076923077,79.1639024903912,3.4615384615384617,7.6923076923076925
PRV52710,12,51,0,14,2,1,0,28,0,28,157.5,4410,0.35714285714285715,10.0,26,0.6428571428571429,68.78322088589029,3.7857142857142856,28.57142857142857
PRV52711,5,67,0,14,2,1,0,28,0,28,325.35714285714283,9110,0.0,0.0,18,1.5714285714285714,67.09416251100029,3.642857142857143,28.57142857142857
PRV52713,4,103,0,14,2,1,0,60,0,60,237.66666666666666,14260,2.1666666666666665,130.0,21,1.9333333333333333,80.10773442847365,3.966666666666667,25.0
PRV52714,4,9,0,16,2,1,0,5,0,5,142.0,710,0.0,0.0,5,0.4,65.61697467488023,5.0,0.0
PRV52715,3,8,0,14,2,1,0,3,0,3,66.66666666666667,200,0.0,0.0,3,0.0,77.12434405658225,5.0,0.0
PRV52717,6,282,13,14,2,1,0,129,20,109,1636.6666666666667,211130,172.1705426356589,22210.0,87,1.813953488372093,71.86605754792565,4.627906976744186,37.98449612403101
PRV52719,1,125,0,14,2,1,0,63,0,63,172.06349206349208,10840,4.920634920634921,310.0,33,0.8571428571428571,74.41986897428376,3.4444444444444446,22.22222222222222
PRV52720,8,96,0,14,2,1,0,50,0,50,301.0,15050,1.6,80.0,24,2.02,73.78228610540725,4.9,18.0
PRV52721,7,18,0,14,1,1,0,7,0,7,258.57142857142856,1810,0.0,0.0,7,6.285714285714286,72.55930380365699,4.857142857142857,0.0
PRV52722,7,465,8,14,2,1,0,283,9,274,520.7773851590106,147380,35.590106007067135,10072.0,119,1.3780918727915195,75.53738061204993,4.180212014134276,18.021201413427562
PRV52723,7,383,11,14,2,1,0,181,18,163,1214.1436464088397,219760,107.42541436464089,19444.0,93,1.9226519337016574,73.51628529615301,4.6740331491712706,30.386740331491712
PRV52724,1,52,1,14,2,1,0,24,0,24,210.0,5040,0.0,0.0,17,1.5,73.43372119552818,3.375,20.833333333333336
PRV52725,1,90,0,14,2,1,0,42,0,42,448.8095238095238,18850,2.619047619047619,110.0,40,1.2142857142857142,74.30220657736058,4.571428571428571,21.428571428571427
PRV52726,1,8,0,14,1,1,0,2,0,2,190.0,380,0.0,0.0,2,10.0,79.1129363449692,3.0,50.0
PRV52727,2,36,0,14,2,1,0,12,0,12,220.83333333333334,2650,4.166666666666667,50.0,10,1.5833333333333333,81.7916951859457,4.0,16.666666666666664
PRV52728,6,20,0,14,2,1,0,15,0,15,209.33333333333334,3140,0.0,0.0,12,0.6,70.93935660506503,4.266666666666667,26.666666666666668
PRV52729,1,12,0,14,2,1,0,2,0,2,250.0,500,0.0,0.0,2,2.0,81.9438740588638,5.5,0.0
PRV52731,2,50,0,14,2,1,0,23,0,23,191.7391304347826,4410,4.782608695652174,110.0,13,2.6956521739130435,75.37517483558015,4.086956521739131,13.043478260869565
PRV52732,1,25,0,14,1,1,0,10,0,10,249.0,2490,0.0,0.0,6,4.0,71.69445585215605,4.3,10.0
PRV52733,1,3,0,14,1,1,0,1,0,1,30.0,30,0.0,0.0,1,12.0,75.79739904175223,5.0,0.0
PRV52736,2,3,0,14,2,1,0,1,0,1,50.0,50,0.0,0.0,1,0.0,86.57357973990418,1.0,0.0
PRV52738,1,132,0,14,1,1,0,62,0,62,284.83870967741933,17660,0.8064516129032258,50.0,49,1.3709677419354838,72.62670287695127,4.645161290322581,11.29032258064516
PRV52739,2,126,0,14,2,1,0,53,0,53,215.0943396226415,11400,6.037735849056604,320.0,39,1.6226415094339623,74.68144072940477,4.830188679245283,13.20754716981132
PRV52740,2,64,0,14,2,1,0,34,0,34,185.58823529411765,6310,2.9411764705882355,100.0,18,3.235294117647059,75.43149333655434,5.235294117647059,26.47058823529412
PRV52741,1,6,0,14,2,1,0,2,0,2,40.0,80,0.0,0.0,2,0.0,71.76728268309378,1.5,100.0
PRV52742,5,21,0,54,2,1,0,6,0,6,211.66666666666666,1270,0.0,0.0,3,3.3333333333333335,77.70887519963496,4.0,0.0
PRV52743,2,25,0,14,2,1,0,6,0,6,345.0,2070,0.0,0.0,6,0.0,74.51517225644535,5.833333333333333,16.666666666666664
PRV52744,2,4,0,14,1,1,0,2,0,2,200.0,400,0.0,0.0,2,0.0,74.07529089664614,4.5,50.0
PRV52745,3,248,0,14,2,1,0,156,0,156,301.4102564102564,47020,3.58974358974359,560.0,152,1.0897435897435896,74.39377665455694,4.5,22.435897435897438
PRV52746,1,1,0,14,2,1,0,1,0,1,50.0,50,0.0,0.0,1,0.0,77.59342915811088,6.0,0.0
PRV52747,1,51,0,14,2,1,0,21,0,21,358.0952380952381,7520,7.619047619047619,160.0,21,1.7619047619047619,76.49033603859066,4.523809523809524,38.095238095238095
PRV52748,2,21,0,14,2,1,0,10,0,10,61.0,610,0.0,0.0,10,0.0,73.80013689253936,5.4,20.0
PRV52750,1,58,0,14,2,1,0,26,0,26,411.53846153846155,10700,6.153846153846154,160.0,26,4.461538461538462,71.34712788922235,5.038461538461538,34.61538461538461
PRV52751,2,7,0,14,1,1,0,3,0,3,100.0,300,0.0,0.0,3,0.0,77.09605293178188,4.0,0.0
PRV52752,1,6,0,14,1,1,0,2,0,2,280.0,560,0.0,0.0,2,10.0,82.97330595482546,8.5,50.0
PRV52753,2,3,0,14,1,1,0,2,0,2,65.0,130,0.0,0.0,2,0.0,63.09787816563997,3.5,0.0
PRV52754,1,3,0,14,2,1,0,1,0,1,10.0,10,0.0,0.0,1,0.0,78.36550308008214,0.0,0.0
PRV52755,2,34,0,14,1,1,0,11,0,11,539.0909090909091,5930,0.0,0.0,9,1.8181818181818181,70.66243544272292,4.545454545454546,27.27272727272727
PRV52756,3,9,0,14,2,1,0,4,0,4,55.0,220,0.0,0.0,4,0.25,67.96235455167694,4.0,25.0
PRV52757,1,0,0,14,2,1,0,1,0,1,50.0,50,0.0,0.0,1,0.0,79.71252566735113,4.0,0.0
PRV52758,4,14,0,14,1,1,0,4,0,4,32.5,130,0.0,0.0,4,0.0,73.65571526351813,4.25,25.0
PRV52760,2,13,0,14,2,1,0,5,0,5,814.0,4070,0.0,0.0,5,0.4,73.5047227926078,4.0,40.0
PRV52761,4,21,0,14,2,1,0,11,0,11,430.90909090909093,4740,0.0,0.0,11,1.9090909090909092,77.00404455229918,3.6363636363636362,27.27272727272727
PRV52763,1,1,0,14,2,1,0,1,0,1,50.0,50,70.0,70.0,1,0.0,68.41889117043121,1.0,0.0
PRV52764,2,4,0,14,1,1,0,3,0,3,150.0,450,0.0,0.0,3,6.666666666666667,72.97650011407711,3.6666666666666665,0.0
PRV52766,3,27,0,14,2,1,0,11,0,11,182.72727272727272,2010,0.0,0.0,11,0.0,72.42063343911394,3.8181818181818183,27.27272727272727
PRV52767,1,15,0,14,2,1,0,4,0,4,172.5,690,10.0,40.0,4,0.25,82.2094455852156,3.5,50.0
PRV52768,1,38,0,14,1,1,0,25,0,25,292.4,7310,3.6,90.0,25,0.8,79.77100616016428,4.72,12.0
PRV52769,1,2,0,14,1,1,0,1,0,1,40.0,40,0.0,0.0,1,0.0,84.01095140314852,3.0,0.0
PRV52770,2,12,0,14,2,1,0,7,0,7,155.71428571428572,1090,0.0,0.0,7,0.0,66.1742446465239,3.7142857142857144,0.0
PRV52771,2,6,0,14,2,1,0,4,0,4,62.5,250,0.0,0.0,4,0.0,76.8268309377139,3.75,25.0
PRV52772,1,28,0,14,1,1,0,12,0,12,170.83333333333334,2050,0.0,0.0,12,0.4166666666666667,73.40109514031485,3.1666666666666665,8.333333333333332
PRV52773,1,4,0,14,1,1,0,2,0,2,75.0,150,0.0,0.0,2,7.0,80.91170431211498,5.5,50.0
PRV52774,3,11,0,14,2,1,0,4,0,4,75.0,300,0.0,0.0,4,0.0,83.93566050650239,4.75,25.0
PRV52775,1,18,0,14,1,1,0,7,0,7,541.4285714285714,3790,0.0,0.0,7,2.857142857142857,72.31211498973306,5.428571428571429,28.57142857142857
PRV52777,1,2,0,14,1,1,0,2,0,2,130.0,260,0.0,0.0,2,0.0,72.38193018480493,2.0,0.0
PRV52778,1,3,0,14,1,1,0,1,0,1,100.0,100,0.0,0.0,1,0.0,73.8672142368241,5.0,100.0
PRV52781,1,2,0,14,2,1,0,1,0,1,100.0,100,0.0,0.0,1,0.0,69.14989733059548,2.0,0.0
PRV52782,1,16,0,14,2,1,0,10,0,10,173.0,1730,0.0,0.0,7,0.5,73.19096509240246,4.1,30.0
PRV52783,1,2,0,14,2,1,0,1,0,1,70.0,70,0.0,0.0,1,0.0,76.7939767282683,4.0,0.0
PRV52784,1,3,0,14,1,2,0,2,0,2,135.0,270,0.0,0.0,2,0.0,78.84462696783025,2.0,0.0
PRV52785,1,1,0,14,1,1,0,1,0,1,60.0,60,0.0,0.0,1,0.0,86.72689938398358,7.0,0.0
PRV52786,1,3,0,14,2,1,0,2,0,2,60.0,120,0.0,0.0,2,0.0,70.26146475017111,3.5,0.0
PRV52787,3,63,7,14,2,1,0,11,11,0,6090.909090909091,67000,1068.0,11748.0,11,2.8181818181818183,71.07236637421443,5.363636363636363,100.0
PRV52788,2,596,0,14,2,1,0,401,0,401,287.48129675810475,115280,3.71571072319202,1490.0,373,1.139650872817955,73.72171214673787,4.600997506234414,20.698254364089774
PRV52789,1,85,0,14,2,1,0,38,0,38,328.94736842105266,12500,4.473684210526316,170.0,38,2.4210526315789473,75.9997118051803,3.9473684210526314,10.526315789473683
PRV52790,1,67,0,14,2,1,0,28,0,28,245.0,6860,7.142857142857143,200.0,15,0.7142857142857143,76.62315439522831,4.464285714285714,28.57142857142857
PRV52791,1,1,0,14,2,1,0,1,0,1,200.0,200,0.0,0.0,1,0.0,78.5845311430527,9.0,100.0
PRV52792,1,16,0,14,2,1,0,5,0,5,64.0,320,16.0,80.0,5,0.0,77.89897330595483,3.0,20.0
PRV52793,1,44,0,14,2,1,0,17,0,17,248.8235294117647,4230,3.5294117647058822,60.0,17,2.176470588235294,80.48315013890567,4.823529411764706,11.76470588235294
PRV52794,1,6,0,14,1,1,0,1,0,1,30.0,30,0.0,0.0,1,0.0,65.33333333333333,2.0,0.0
PRV52795,12,37,0,15,1,1,0,19,0,19,323.6842105263158,6150,4.2105263157894735,80.0,13,2.8947368421052633,72.2355992651032,5.2631578947368425,42.10526315789473
PRV52796,2,116,0,14,1,1,0,48,0,48,347.7083333333333,16690,2.9166666666666665,140.0,16,0.7083333333333334,66.38369838010495,4.083333333333333,16.666666666666664
PRV52797,1,2,0,14,2,1,0,1,0,1,300.0,300,0.0,0.0,1,0.0,67.20876112251882,3.0,0.0
PRV52798,1,104,0,14,2,1,0,56,0,56,324.2857142857143,18160,3.5714285714285716,200.0,38,1.6607142857142858,76.89791727779406,4.107142857142857,19.642857142857142
PRV52799,1,4,0,14,2,1,0,2,0,2,75.0,150,0.0,0.0,2,0.0,72.97467488021903,4.0,0.0
PRV52800,4,16,0,14,2,1,0,8,0,8,236.25,1890,11.25,90.0,6,0.0,68.21971252566735,4.625,12.5
PRV52801,8,62,0,14,2,1,0,31,0,31,339.03225806451616,10510,8.387096774193548,260.0,22,2.2580645161290325,77.99783621470048,4.67741935483871,16.129032258064516
PRV52803,2,13,0,14,2,1,0,2,2,0,4500.0,9000,1068.0,2136.0,2,2.0,72.86105407255305,6.5,100.0
PRV52804,2,4,2,14,1,1,0,1,1,0,36000.0,36000,1068.0,1068.0,1,13.0,84.33675564681725,3.0,100.0
PRV52806,2,16,2,14,2,1,0,2,2,0,8000.0,16000,1068.0,2136.0,2,2.5,72.12594113620807,5.0,100.0
PRV52807,2,17,2,14,2,1,0,2,2,0,8500.0,17000,1068.0,2136.0,2,5.5,83.55099247091033,8.0,100.0
PRV52808,2,32,3,14,2,1,0,5,4,1,6216.0,31080,854.4,4272.0,5,4.8,73.78945927446954,4.6,80.0
PRV52810,1,44,7,14,2,1,0,6,6,0,12666.666666666666,76000,1068.0,6408.0,6,5.166666666666667,72.7752680812229,4.833333333333333,100.0
PRV52813,6,112,13,14,2,1,0,17,17,0,8352.941176470587,142000,1068.0,14952.0,15,4.588235294117647,76.5792970165479,5.294117647058823,100.0
PRV52814,1,16,1,14,1,1,0,2,2,0,3000.0,6000,1068.0,2136.0,2,4.0,74.18480492813143,6.5,100.0
PRV52815,7,125,13,14,2,1,1,26,26,0,15000.0,390000,1068.0,27768.0,24,5.6923076923076925,79.94482177644394,6.3076923076923075,100.0
PRV52816,1,9,0,14,2,1,0,1,1,0,3000.0,3000,1068.0,1068.0,1,1.0,40.60506502395619,7.0,100.0
PRV52818,22,97,0,15,2,1,0,39,0,39,249.48717948717947,9730,0.2564102564102564,10.0,35,0.9743589743589743,72.52608855894276,4.948717948717949,7.6923076923076925
PRV52820,31,73,0,18,2,1,0,32,0,32,203.4375,6510,6.875,220.0,30,0.125,75.07392197125257,5.03125,21.875
PRV52821,14,1114,75,15,2,1,1,713,173,540,2556.760168302945,1822970,255.6129943502825,180974.0,389,2.8162692847124826,72.86536436358888,4.556802244039271,38.569424964936886
PRV52822,1,242,0,15,2,1,0,135,0,135,322.0740740740741,43480,6.7407407407407405,910.0,97,1.385185185185185,72.89773113291253,4.496296296296296,20.0
PRV52823,49,205,5,15,2,1,0,87,7,80,748.2758620689655,65100,91.44827586206897,7956.0,70,2.4022988505747125,71.33863595238657,4.781609195402299,24.137931034482758
PRV52824,25,92,0,15,2,1,0,42,0,42,208.0952380952381,8740,7.142857142857143,300.0,39,0.5238095238095238,69.53078452462435,4.9523809523809526,11.904761904761903
PRV52825,23,62,0,15,1,1,0,22,0,22,266.8181818181818,5870,0.0,0.0,21,1.8636363636363635,76.77754962354551,4.5,22.727272727272727
PRV52826,4,468,0,15,2,1,1,292,0,292,347.94520547945206,101600,3.493150684931507,1020.0,103,1.5410958904109588,69.86700796039493,4.284246575342466,21.232876712328768
PRV52827,8,984,1,15,2,1,0,804,0,804,350.82089552238807,282060,2.027363184079602,1630.0,296,2.2412935323383083,75.0825373474857,4.517412935323383,17.537313432835823
PRV52828,15,162,11,15,2,1,1,44,23,21,5023.863636363636,221050,563.2727272727273,24784.0,38,4.181818181818182,70.07137079211002,4.613636363636363,61.36363636363637
PRV52829,54,736,3,15,2,1,0,533,6,527,425.515947467167,226800,15.380863039399625,8198.0,326,1.6904315196998123,72.33943699411722,4.228893058161351,20.075046904315197
PRV52830,18,77,0,18,2,1,0,34,0,34,213.23529411764707,7250,6.470588235294118,220.0,28,0.29411764705882354,71.10995691911262,3.7058823529411766,20.588235294117645
PRV52831,12,136,22,15,2,1,0,31,20,11,7997.419354838709,247920,662.8965517241379,19224.0,29,4.0,74.56563114084476,5.354838709677419,74.19354838709677
PRV52832,31,61,0,15,1,1,0,31,0,31,328.38709677419354,10180,3.225806451612903,100.0,30,0.3548387096774194,74.09569230089863,4.064516129032258,9.67741935483871
PRV52833,11,60,4,15,2,1,0,14,4,10,1961.4285714285713,27460,319.42857142857144,4472.0,12,6.428571428571429,74.68446269678303,5.357142857142857,35.714285714285715
PRV52835,52,159,6,15,2,1,0,57,11,46,2462.4561403508774,140360,209.6140350877193,11948.0,57,1.912280701754386,76.27167165003542,4.350877192982456,36.84210526315789
PRV52836,23,66,3,15,2,1,0,21,5,16,2556.190476190476,53680,217.1,4342.0,20,1.8095238095238095,72.46712949382353,5.761904761904762,33.33333333333333
PRV52837,69,153,1,15,2,1,0,71,2,69,449.71830985915494,31930,31.211267605633804,2216.0,59,0.5211267605633803,71.65641900685426,4.366197183098592,23.943661971830984
PRV52838,9,175,0,15,2,1,0,83,0,83,303.9759036144578,25230,4.457831325301205,370.0,61,0.9156626506024096,73.73771059597735,4.879518072289157,27.710843373493976
PRV52839,35,84,0,15,2,1,0,33,0,33,372.42424242424244,12290,11.818181818181818,390.0,30,1.9696969696969697,73.19610893327526,4.666666666666667,12.121212121212121
PRV52841,6,16,1,15,2,1,0,3,1,2,4440.0,13320,356.0,1068.0,3,0.3333333333333333,78.81542322610083,3.0,66.66666666666666
PRV52842,20,678,18,15,2,1,0,445,24,421,891.0337078651686,396510,59.98202247191011,26692.0,263,1.4764044943820225,72.45153619577171,4.2314606741573035,24.044943820224717
PRV52843,179,514,30,18,2,1,1,251,47,204,2359.203187250996,592160,201.81673306772907,50656.0,190,1.7729083665338645,70.42428506371502,4.442231075697211,33.067729083665334
PRV52844,64,247,0,15,1,1,0,129,2,127,363.95348837209303,46950,18.34108527131783,2366.0,112,1.5426356589147288,71.72761568215462,3.9767441860465116,20.930232558139537
PRV52845,37,403,6,15,2,1,0,231,8,223,1161.6450216450216,268340,38.97835497835498,9004.0,137,1.5974025974025974,72.48483663268057,4.186147186147186,21.21212121212121
PRV52846,70,628,79,15,2,1,1,241,175,66,8784.273858921162,2117010,774.4666666666667,185872.0,222,4.7012448132780085,72.87607817075214,5.1161825726141075,77.17842323651453
PRV52847,29,343,34,15,2,1,1,92,62,30,6711.195652173913,617430,693.1764705882352,58920.0,75,4.032608695652174,74.91518614409428,5.086956521739131,78.26086956521739
PRV52848,27,63,0,15,2,1,0,25,0,25,211.2,5280,4.4,110.0,25,1.4,77.38809034907598,4.16,28.000000000000004
PRV52849,14,44,3,15,2,1,0,14,2,12,3270.0,45780,153.28571428571428,2146.0,13,1.1428571428571428,71.85235161826537,5.0,35.714285714285715
PRV52850,7,301,1,15,2,1,0,146,1,145,331.986301369863,48470,12.10958904109589,1768.0,52,1.5890410958904109,74.05657599879984,4.705479452054795,17.123287671232877
PRV52851,30,128,7,15,2,1,0,37,8,29,1823.2432432432433,67460,235.51351351351352,8714.0,35,2.189189189189189,71.00053647076234,4.864864864864865,35.13513513513514
PRV52853,13,77,0,15,1,1,0,29,0,29,381.0344827586207,11050,6.206896551724138,180.0,24,2.2413793103448274,76.29691519743209,4.448275862068965,20.689655172413794
PRV52855,19,55,2,15,2,1,0,22,3,19,1445.4545454545455,31800,145.63636363636363,3204.0,22,2.590909090909091,77.675938025014,4.636363636363637,18.181818181818183
PRV52857,32,680,2,15,1,1,0,459,6,453,427.69063180827885,196310,13.973799126637555,6400.0,178,1.4901960784313726,70.99638382997887,4.139433551198257,24.18300653594771
PRV52858,65,232,13,15,2,1,0,80,14,66,2059.5,164760,189.15,15132.0,77,3.1125,75.39832306639288,5.1125,38.75
PRV52859,26,1086,0,15,2,1,0,911,0,911,316.059275521405,287930,2.129527991218441,1940.0,441,1.5093304061470911,74.24312024829993,4.57628979143798,21.953896816684964
PRV52860,9,562,0,15,1,1,1,393,0,393,274.3765903307888,107830,3.282442748091603,1290.0,149,2.1348600508905853,74.04226252366448,4.246819338422392,18.829516539440203
PRV52861,19,30,0,10,1,1,0,14,0,14,126.42857142857143,1770,15.714285714285714,220.0,14,1.5714285714285714,64.88647697271928,3.9285714285714284,14.285714285714285
PRV52862,41,268,27,15,2,1,0,76,56,20,5692.894736842105,432660,783.2,58740.0,67,3.960526315789474,72.74703699700999,4.947368421052632,80.26315789473685
PRV52863,16,101,0,15,2,1,0,52,0,52,281.7307692307692,14650,1.5384615384615385,80.0,29,1.9807692307692308,71.23640288527352,4.0,30.76923076923077
PRV52864,18,66,0,15,2,1,0,28,0,28,459.64285714285717,12870,4.285714285714286,120.0,22,0.8214285714285714,70.79280336364526,4.892857142857143,25.0
PRV52865,27,159,3,18,2,1,0,66,6,60,1254.3939393939395,82790,97.39393939393939,6428.0,57,1.4090909090909092,71.77607699168274,4.242424242424242,25.757575757575758
PRV52868,31,310,25,15,2,1,1,110,42,68,3946.5454545454545,434120,408.41818181818184,44926.0,93,3.309090909090909,71.11273722854833,4.363636363636363,56.36363636363636
PRV52869,55,143,7,15,2,1,0,62,7,55,1518.0645161290322,94120,121.06451612903226,7506.0,50,1.4838709677419355,73.57863593208364,3.5483870967741935,29.03225806451613
PRV52870,9,860,22,15,2,1,1,589,35,554,769.7453310696095,453380,64.5952380952381,37982.0,220,1.767402376910017,71.66740923315774,4.758913412563667,25.127334465195243
PRV52872,39,205,0,15,2,1,0,108,0,108,441.75925925925924,47710,2.314814814814815,250.0,102,1.9351851851851851,72.89177884249753,4.268518518518518,26.851851851851855
PRV52873,14,130,0,15,2,1,0,69,0,69,239.1304347826087,16500,1.5942028985507246,110.0,56,0.5072463768115942,77.22754912755805,4.115942028985507,18.84057971014493
PRV52875,1,26,0,15,2,1,0,12,0,12,128.33333333333334,1540,0.0,0.0,12,1.5,77.87086470454027,4.25,8.333333333333332
PRV52876,45,206,18,15,2,1,0,73,18,55,2684.6575342465753,195980,255.5,18396.0,66,2.8767123287671232,73.87696548620292,4.931506849315069,36.986301369863014
PRV52877,15,40,0,15,2,1,0,19,0,19,128.94736842105263,2450,0.0,0.0,19,1.4210526315789473,78.39691631542924,4.473684210526316,26.31578947368421
PRV52878,2,79,0,15,2,1,0,27,0,27,433.3333333333333,11700,0.0,0.0,25,1.4814814814814814,74.92189520115598,3.7037037037037037,25.925925925925924
PRV52879,2,231,0,15,2,1,0,120,0,120,224.0,26880,3.0833333333333335,370.0,56,0.7333333333333333,73.23965320556697,4.225,23.333333333333332
PRV52880,9,53,1,15,2,1,0,20,3,17,978.0,19560,163.2,3264.0,19,0.6,76.3864476386037,4.1,45.0
PRV52881,14,497,13,15,2,1,0,302,20,282,700.364238410596,211510,70.03986710963456,21082.0,225,1.5,73.43153333242675,4.460264900662252,27.1523178807947
PRV52882,5,104,0,15,2,1,0,41,0,41,364.8780487804878,14960,3.1707317073170733,130.0,32,1.7804878048780488,73.98854777048797,4.926829268292683,29.268292682926827
PRV52884,4,899,0,15,2,1,1,707,0,707,336.53465346534654,237930,2.432814710042433,1720.0,213,1.7383309759547383,73.6156030387433,4.253182461103253,19.377652050919377
PRV52886,2,131,0,15,2,1,0,70,0,70,343.2857142857143,24030,5.285714285714286,370.0,41,1.6428571428571428,75.14438251686711,4.2,17.142857142857142
PRV52887,13,755,18,15,2,1,1,530,23,507,723.7547169811321,383590,50.00754716981132,26504.0,202,1.5943396226415094,72.95633127994525,4.613207547169812,24.90566037735849
PRV52889,42,921,20,15,2,1,0,640,31,609,636.71875,407500,53.0829420970266,33920.0,363,1.2171875,74.21712440109515,4.5515625,21.25
PRV52890,9,79,4,18,1,1,0,22,4,18,1588.6363636363637,34950,198.72727272727272,4372.0,22,1.8181818181818181,68.33837346773691,4.5,27.27272727272727
PRV52891,19,29,0,15,2,1,0,19,0,19,135.78947368421052,2580,4.7368421052631575,90.0,19,1.0526315789473684,71.76742678050363,4.368421052631579,15.789473684210526
PRV52892,30,118,7,15,2,1,0,36,7,29,3019.1666666666665,108690,207.66666666666666,7476.0,29,2.8055555555555554,75.12267092554568,4.805555555555555,38.88888888888889
PRV52893,11,567,0,15,2,1,0,362,0,362,364.22651933701655,131850,3.839779005524862,1390.0,227,1.5138121546961325,69.96468777534497,4.3812154696132595,18.23204419889503
PRV52895,4,167,0,15,2,1,0,81,0,81,323.2098765432099,26180,2.345679012345679,190.0,72,2.3950617283950617,71.14988043028198,4.320987654320987,23.456790123456788
PRV52896,28,307,13,15,2,1,0,142,17,125,2119.154929577465,300920,129.26760563380282,18356.0,97,2.028169014084507,70.71417416201521,4.626760563380282,31.690140845070424
PRV52897,29,103,0,15,2,1,0,45,0,45,203.11111111111111,9140,6.666666666666667,300.0,39,0.6666666666666666,73.67240094303749,5.022222222222222,20.0
PRV52898,50,312,26,15,2,1,0,114,48,66,4701.140350877193,535930,451.0,51414.0,108,3.543859649122807,73.68692436086795,4.9035087719298245,51.75438596491229
PRV52899,1,1,0,15,2,1,0,1,0,1,30.0,30,0.0,0.0,1,0.0,66.04243668720055,4.0,0.0
PRV52901,2,153,0,15,2,1,0,85,0,85,270.94117647058823,23030,0.9411764705882353,80.0,50,0.7647058823529411,75.1028546120707,3.5058823529411764,20.0
PRV52902,18,155,14,15,2,1,0,46,21,25,2875.0,132250,478.22222222222223,21520.0,44,1.6521739130434783,72.30884147248757,4.630434782608695,58.69565217391305
PRV52903,28,559,87,14,2,1,1,200,167,33,7840.55,1568110,888.4897959183673,174144.0,191,5.085,76.68108145106092,5.405,86.0
PRV52904,3,11,0,15,2,1,0,3,1,2,3410.0,10230,356.0,1068.0,3,2.3333333333333335,68.2984257357974,6.0,33.33333333333333
PRV52905,4,236,0,15,2,1,0,130,0,130,195.69230769230768,25440,1.9230769230769231,250.0,58,1.5076923076923077,77.38457326383404,4.292307692307692,12.307692307692308
PRV52907,2,321,0,15,2,1,0,183,0,183,292.89617486338796,53600,3.060109289617486,560.0,79,1.8907103825136613,72.27760011669528,4.453551912568306,19.12568306010929
PRV52910,9,71,3,15,1,1,0,18,10,8,8422.222222222223,151600,593.3333333333334,10680.0,16,3.888888888888889,77.8468324587421,3.8333333333333335,55.55555555555556
PRV52911,2,10,0,15,2,1,0,5,0,5,412.0,2060,0.0,0.0,5,4.4,79.93702943189597,3.2,20.0
PRV52912,8,32,1,15,2,1,0,16,1,15,915.0,14640,73.625,1178.0,14,0.375,75.00376454483231,4.1875,18.75
PRV52913,25,61,0,15,1,1,0,35,0,35,331.42857142857144,11600,6.285714285714286,220.0,32,0.4,70.16118118705387,3.7714285714285714,17.142857142857142
PRV52914,18,127,0,15,2,1,0,61,0,61,281.4754098360656,17170,5.409836065573771,330.0,44,0.8852459016393442,71.25579829669775,4.655737704918033,29.508196721311474
PRV52916,16,96,4,15,2,1,0,26,6,20,2812.6923076923076,73130,246.46153846153845,6408.0,25,1.9615384615384615,69.99989469804665,4.230769230769231,34.61538461538461
PRV52917,13,72,0,15,2,1,0,32,0,32,277.1875,8870,2.1875,70.0,21,0.71875,74.46851471594798,3.96875,12.5
PRV52918,6,102,8,15,2,1,0,22,13,9,5182.272727272727,114010,631.0909090909091,13884.0,20,3.5454545454545454,73.35660506502396,4.636363636363637,77.27272727272727
PRV52919,8,118,0,15,1,1,0,66,0,66,213.1818181818182,14070,1.9696969696969697,130.0,37,1.2878787878787878,63.199386057702284,3.242424242424242,16.666666666666664
PRV52920,10,53,1,15,2,1,0,17,2,15,854.7058823529412,14530,135.05882352941177,2296.0,17,0.5294117647058824,71.74843982767645,3.764705882352941,23.52941176470588
PRV52921,18,111,1,18,2,1,0,46,3,43,596.7391304347826,27450,73.1304347826087,3364.0,43,1.8478260869565217,73.44659703002708,4.673913043478261,26.08695652173913
PRV52922,16,103,4,23,1,1,0,33,7,26,1500.3030303030303,49510,226.54545454545453,7476.0,24,2.0303030303030303,72.36828241345695,4.848484848484849,36.36363636363637
PRV52924,10,47,1,15,2,1,0,13,3,10,2979.230769230769,38730,246.46153846153845,3204.0,11,0.7692307692307693,74.36803032696255,4.846153846153846,46.15384615384615
PRV52925,1,34,4,15,2,1,0,4,4,0,7250.0,29000,1068.0,4272.0,4,5.0,80.9835728952772,7.0,100.0
PRV52926,12,56,2,15,2,1,0,17,4,13,3162.3529411764707,53760,254.23529411764707,4322.0,16,3.411764705882353,74.97974795667754,5.0,35.294117647058826
PRV52928,2,101,0,15,1,1,0,41,0,41,225.85365853658536,9260,7.073170731707317,290.0,23,1.170731707317073,74.33765713427154,4.390243902439025,14.634146341463413
PRV52929,17,62,0,18,2,1,0,35,0,35,193.42857142857142,6770,0.8571428571428571,30.0,20,0.7714285714285715,78.95367165346632,3.942857142857143,22.857142857142858
PRV52930,1,264,0,15,2,1,0,127,0,127,309.37007874015745,39290,2.3622047244094486,300.0,61,1.3858267716535433,71.54267112914786,5.0078740157480315,17.322834645669293
PRV52931,7,32,0,15,1,1,0,14,0,14,215.0,3010,10.714285714285714,150.0,14,0.7857142857142857,69.29774127310061,3.857142857142857,42.857142857142854
PRV52932,11,86,0,15,1,1,0,40,0,40,345.75,13830,2.25,90.0,34,2.275,72.50355920602327,4.35,30.0
PRV52933,4,39,4,15,2,1,1,8,4,4,8673.75,69390,457.7142857142857,3204.0,6,6.0,71.22108145106091,5.0,75.0
PRV52934,8,87,0,15,1,1,0,32,0,32,272.8125,8730,7.1875,230.0,18,1.59375,70.96517796030116,4.25,28.125
PRV52935,1,450,0,15,2,1,0,280,0,280,363.57142857142856,101800,0.8928571428571429,250.0,85,1.7857142857142858,74.29380072357486,4.714285714285714,25.71428571428571
PRV52936,25,244,3,15,2,1,0,108,4,104,410.55555555555554,44340,42.425925925925924,4582.0,34,0.5,78.11445737318427,4.222222222222222,25.925925925925924
PRV52937,15,44,0,15,1,1,0,24,0,24,251.25,6030,4.166666666666667,100.0,21,1.4583333333333333,73.91079169518595,4.333333333333333,12.5
PRV52938,2,9,0,15,1,1,0,3,0,3,1423.3333333333333,4270,0.0,0.0,3,6.666666666666667,85.76226328998403,4.0,33.33333333333333
PRV52940,1,13,0,15,2,1,0,9,0,9,105.55555555555556,950,4.444444444444445,40.0,7,4.444444444444445,75.01528633356149,4.888888888888889,11.11111111111111
PRV52941,3,103,0,15,2,1,0,43,0,43,324.4186046511628,13950,3.953488372093023,170.0,39,0.8372093023255814,71.78358244591949,4.651162790697675,20.930232558139537
PRV52942,2,92,0,15,2,1,0,43,0,43,253.72093023255815,10910,0.9302325581395349,40.0,39,2.116279069767442,77.49238336278115,4.372093023255814,20.930232558139537
PRV52943,1,77,0,15,2,1,0,35,0,35,193.14285714285714,6760,2.2857142857142856,80.0,33,3.5428571428571427,74.95312408330888,5.371428571428571,28.57142857142857
PRV52944,1,9,0,15,2,1,0,4,0,4,1030.0,4120,0.0,0.0,4,0.0,63.3874058863792,4.75,25.0
PRV52945,1,101,0,15,1,1,0,46,0,46,149.34782608695653,6870,3.4782608695652173,160.0,24,1.3043478260869565,75.15376603279469,4.0,19.565217391304348
PRV52948,4,189,0,15,2,1,0,106,0,106,238.8679245283019,25320,4.811320754716981,510.0,47,1.2547169811320755,70.24919607919104,4.688679245283019,16.9811320754717
PRV52949,1,162,0,15,1,1,0,79,0,79,342.7848101265823,27080,4.6835443037974684,370.0,51,1.2658227848101267,70.64604614491549,4.860759493670886,26.582278481012654
PRV52950,2,238,0,15,2,1,0,116,0,116,291.63793103448273,33830,4.051724137931035,470.0,64,1.043103448275862,74.21638462083126,4.103448275862069,16.379310344827587
PRV52951,2,46,0,15,2,1,0,20,0,20,499.0,9980,5.5,110.0,20,2.0,75.89103353867213,4.4,10.0
PRV52952,1,2,0,15,2,1,0,1,0,1,600.0,600,0.0,0.0,1,7.0,83.96440793976728,9.0,0.0
PRV52953,2,179,0,15,2,1,0,85,0,85,277.4117647058824,23580,1.5294117647058822,130.0,61,1.8588235294117648,73.7818577122841,4.8,15.294117647058824
PRV52954,1,3,0,15,2,1,0,1,0,1,2100.0,2100,0.0,0.0,1,0.0,89.19370294318959,5.0,100.0
PRV52955,1,150,0,15,2,1,0,73,0,73,193.97260273972603,14160,6.164383561643835,450.0,63,1.273972602739726,75.16203013511105,4.6438356164383565,16.43835616438356
PRV52956,1,49,0,15,1,1,0,18,0,18,117.22222222222223,2110,5.555555555555555,100.0,9,0.7222222222222222,74.90303445128907,5.277777777777778,22.22222222222222
PRV52957,1,1,0,15,1,2,0,1,0,1,0.0,0,70.0,70.0,1,0.0,68.18069815195072,2.0,0.0
PRV52958,4,26,0,15,1,1,0,16,0,16,126.25,2020,0.0,0.0,15,0.0,76.44028062970568,4.5,0.0
PRV52961,2,8,0,15,2,1,0,5,0,5,64.0,320,0.0,0.0,5,0.0,63.746475017111564,4.6,40.0
PRV52962,2,39,0,15,2,1,0,14,0,14,251.42857142857142,3520,3.5714285714285716,50.0,9,0.5,78.38505915713309,4.642857142857143,14.285714285714285
PRV52963,1,18,0,15,2,1,0,9,0,9,94.44444444444444,850,0.0,0.0,7,2.2222222222222223,78.52764468780896,4.777777777777778,55.55555555555556
PRV52964,1,178,0,15,2,1,0,91,0,91,298.24175824175825,27140,1.8681318681318682,170.0,37,1.120879120879121,69.88183616520372,4.824175824175824,18.681318681318682
PRV52966,1,4,0,15,2,1,0,3,0,3,236.66666666666666,710,0.0,0.0,3,0.6666666666666666,73.86812685375314,4.666666666666667,33.33333333333333
PRV52970,1,9,0,15,2,1,0,1,1,0,4000.0,4000,1068.0,1068.0,1,3.0,76.3668720054757,9.0,100.0
PRV52971,2,21,1,15,1,1,0,3,3,0,5000.0,15000,1068.0,3204.0,3,4.0,74.07346566278805,5.0,100.0
PRV52972,3,90,12,15,1,1,0,17,17,0,12941.176470588236,220000,1068.0,18156.0,14,4.647058823529412,70.75347264162339,6.0,100.0
PRV52976,2,23,2,15,1,1,0,4,4,0,7250.0,29000,1068.0,4272.0,4,2.75,76.02669404517454,5.0,100.0
PRV52978,2,37,4,15,1,1,0,5,5,0,11800.0,59000,1068.0,5340.0,5,8.0,73.27638603696099,6.0,100.0
PRV52979,3,42,4,15,1,1,0,6,6,0,11333.333333333334,68000,1068.0,6408.0,6,3.8333333333333335,75.14898471366644,5.0,100.0
PRV52980,1,819,0,16,2,1,0,601,0,601,237.3710482529118,142660,2.212978369384359,1330.0,229,1.1863560732113145,74.39671731235075,4.2362728785357735,20.465890183028286
PRV52981,5,524,0,16,2,1,0,369,0,369,232.60162601626016,85830,2.140921409214092,790.0,149,0.9376693766937669,74.20947526381492,3.745257452574526,20.32520325203252
PRV52982,21,805,1,16,2,1,1,643,0,643,336.2674961119751,216220,3.3592534992223952,2160.0,231,1.8709175738724728,74.89936695184171,4.272161741835148,18.506998444790046
PRV52985,151,1561,63,16,2,1,1,1403,121,1282,1226.0299358517464,1720120,91.97428571428571,128764.0,500,1.9942979330007127,74.88931852786368,4.629365645046329,28.296507483962934
PRV52986,22,115,10,16,2,1,0,36,9,27,3680.277777777778,132490,271.44444444444446,9772.0,31,2.7777777777777777,75.60255532740132,4.666666666666667,44.44444444444444
PRV52988,3,469,0,16,1,1,0,312,0,312,243.81410256410257,76070,2.8205128205128207,880.0,124,1.1378205128205128,74.08065252110427,3.8974358974358974,24.03846153846154
PRV52989,122,409,40,16,2,1,1,177,70,107,4986.38418079096,882590,424.40677966101697,75120.0,138,2.937853107344633,75.4891356048214,4.649717514124294,49.717514124293785
PRV52990,41,238,16,16,2,1,1,79,22,57,2634.9367088607596,208160,297.4177215189873,23496.0,55,2.1392405063291138,75.81708384234831,4.987341772151899,39.24050632911392
PRV52991,41,153,5,16,2,1,0,59,8,51,1762.2033898305085,103970,144.8135593220339,8544.0,54,1.5423728813559323,75.67790809638161,4.0508474576271185,27.11864406779661
PRV52993,11,33,0,16,2,1,0,10,0,10,312.0,3120,2.0,20.0,9,0.1,74.3170431211499,3.8,40.0
PRV52996,21,79,0,16,2,1,0,37,0,37,311.0810810810811,11510,0.0,0.0,30,0.8108108108108109,76.07022217289158,4.756756756756757,18.91891891891892
PRV52998,31,130,9,16,2,1,0,33,15,18,4581.515151515152,151190,472.5625,15122.0,28,3.1818181818181817,74.77692738473026,4.696969696969697,63.63636363636363
PRV52999,16,139,7,16,2,1,0,56,8,48,1307.3214285714287,73210,154.35714285714286,8644.0,51,3.017857142857143,76.32463087904567,4.696428571428571,25.0
PRV53000,315,911,0,16,2,1,0,703,0,703,284.850640113798,200250,2.887624466571835,2030.0,469,1.7041251778093884,74.83662371979675,4.416785206258891,19.91465149359886
PRV53001,7,291,0,16,2,1,0,150,0,150,303.06666666666666,45460,0.0,0.0,105,1.5933333333333333,72.7992334017796,4.6466666666666665,16.666666666666664
PRV53002,3,596,0,16,2,1,0,397,0,397,292.29219143576825,116040,2.795969773299748,1110.0,134,1.093198992443325,74.37937853545672,4.370277078085643,17.12846347607053
PRV53004,10,37,0,16,2,1,0,18,0,18,239.44444444444446,4310,0.0,0.0,16,2.2222222222222223,70.14206403528786,4.166666666666667,22.22222222222222
PRV53005,35,162,12,43,1,1,1,50,16,34,3377.2,168860,326.9387755102041,16020.0,37,2.64,76.75794661190966,4.84,46.0
PRV53007,55,298,27,16,2,1,1,96,37,59,4172.291666666667,400540,408.61052631578946,38818.0,68,2.4166666666666665,74.98320214464978,4.729166666666667,54.166666666666664
PRV53008,24,199,23,16,2,1,1,52,39,13,6800.0,353600,791.32,39566.0,48,4.576923076923077,73.41889117043121,5.326923076923077,80.76923076923077
PRV53009,16,94,1,24,1,1,0,37,5,32,962.7027027027027,35620,144.32432432432432,5340.0,23,1.1081081081081081,73.00049947277873,4.162162162162162,37.83783783783784
PRV53013,3,13,0,16,1,1,0,4,0,4,1257.5,5030,0.0,0.0,4,5.0,74.07323750855578,6.0,0.0
PRV53014,6,10,0,16,2,1,0,8,0,8,147.5,1180,0.0,0.0,8,2.25,72.37987679671458,3.25,25.0
PRV53015,9,25,0,16,1,1,0,8,0,8,140.0,1120,0.0,0.0,6,1.875,57.795003422313485,4.125,37.5
PRV53016,6,56,0,24,2,1,0,31,0,31,545.1612903225806,16900,4.516129032258065,140.0,18,1.032258064516129,65.78746329292795,4.67741935483871,9.67741935483871
PRV53017,7,20,0,16,2,1,0,9,0,9,111.11111111111111,1000,1.1111111111111112,10.0,4,0.0,80.29325423986614,4.0,11.11111111111111
PRV53018,11,84,1,16,2,1,0,41,0,41,274.6341463414634,11260,4.634146341463414,190.0,22,1.170731707317073,75.56635114605766,2.951219512195122,17.073170731707318
PRV53019,3,25,0,24,2,1,0,15,0,15,328.0,4920,0.0,0.0,13,0.4666666666666667,67.47670545288615,4.133333333333334,6.666666666666667
PRV53020,1,4,0,16,2,1,0,2,0,2,2250.0,4500,0.0,0.0,2,10.0,93.2703627652293,5.0,50.0
PRV53021,6,117,12,16,1,1,1,28,18,10,7748.214285714285,216950,686.5714285714286,19224.0,21,3.857142857142857,72.19868974283759,5.642857142857143,75.0
PRV53024,16,73,1,16,2,1,0,26,2,24,530.7692307692307,13800,82.15384615384616,2136.0,19,1.8076923076923077,80.07950297478018,4.3076923076923075,46.15384615384615
PRV53025,8,109,0,16,2,1,0,50,0,50,189.2,9460,6.6,330.0,19,0.1,79.8726351813826,3.14,14.000000000000002
PRV53026,13,68,0,16,2,1,0,26,0,26,236.15384615384616,6140,0.0,0.0,16,1.5384615384615385,73.99305007107881,4.576923076923077,23.076923076923077
PRV53027,5,15,0,16,1,1,0,5,0,5,100.0,500,0.0,0.0,3,0.0,74.59876796714579,4.2,40.0
PRV53028,2,12,0,16,1,1,0,3,0,3,100.0,300,0.0,0.0,3,0.0,79.73625370750626,4.0,33.33333333333333
PRV53029,6,63,5,16,1,1,0,16,4,12,2503.125,40050,267.0,4272.0,11,1.8125,70.93206707734429,5.3125,37.5
PRV53031,9,10,0,16,1,1,0,6,0,6,231.66666666666666,1390,0.0,0.0,6,0.0,79.15354779831166,4.333333333333333,0.0
PRV53032,11,83,3,16,2,1,0,23,5,18,2100.4347826086955,48310,194.1818181818182,4272.0,19,1.434782608695652,75.15233758890575,5.260869565217392,34.78260869565217
PRV53033,1,15,0,16,2,1,0,2,2,0,37500.0,75000,1068.0,2136.0,1,3.5,75.65913757700206,6.0,100.0
PRV53034,2,5,0,16,1,1,0,2,0,2,1700.0,3400,0.0,0.0,2,10.0,72.86379192334019,3.0,0.0
PRV53035,18,68,0,16,2,1,0,34,0,34,151.1764705882353,5140,2.3529411764705883,80.0,27,1.6470588235294117,69.56540645005435,4.176470588235294,23.52941176470588
PRV53036,6,251,0,16,1,1,0,122,0,122,324.0163934426229,39530,1.4754098360655739,180.0,69,1.5655737704918034,74.2451947352476,4.80327868852459,26.229508196721312
PRV53037,6,19,0,16,2,1,0,9,0,9,482.22222222222223,4340,0.0,0.0,9,0.0,75.5792835957107,3.888888888888889,22.22222222222222
PRV53038,3,54,0,16,2,1,0,24,0,24,554.5833333333334,13310,6.666666666666667,160.0,7,2.5,80.46087154916724,4.833333333333333,12.5
PRV53040,13,67,4,16,2,1,0,14,5,9,3700.0,51800,386.42857142857144,5410.0,13,1.1428571428571428,78.74782438642808,4.857142857142857,42.857142857142854
PRV53042,20,102,0,16,2,1,0,39,0,39,258.71794871794873,10090,3.58974358974359,140.0,36,0.5384615384615384,73.69585285807051,4.333333333333333,15.384615384615385
PRV53043,3,120,0,16,2,1,0,61,0,61,618.688524590164,37740,3.1147540983606556,190.0,24,3.2295081967213113,70.11990439963644,4.508196721311475,19.672131147540984
PRV53044,14,146,0,16,2,1,0,67,0,67,215.82089552238807,14460,2.537313432835821,170.0,49,1.5671641791044777,70.05130405467528,3.925373134328358,25.37313432835821
PRV53045,6,394,0,16,2,1,0,216,0,216,290.4166666666667,62730,3.564814814814815,770.0,78,2.0185185185185186,75.91416330772935,4.347222222222222,21.75925925925926
PRV53047,1,179,0,16,2,1,0,79,0,79,165.31645569620252,13060,1.0126582278481013,80.0,32,1.5063291139240507,78.61988060891188,4.050632911392405,17.72151898734177
PRV53048,6,18,0,16,2,1,0,7,0,7,802.8571428571429,5620,10.0,70.0,6,4.571428571428571,71.41175320230762,3.0,14.285714285714285
PRV53049,2,5,0,16,1,1,0,2,0,2,5.0,10,0.0,0.0,2,0.0,68.56673511293634,3.5,0.0
PRV53050,8,28,1,16,1,1,0,8,2,6,466.25,3730,267.0,2136.0,7,0.375,78.07015742642027,4.75,37.5
PRV53052,5,31,1,16,2,1,0,9,1,8,614.4444444444445,5530,118.66666666666667,1068.0,8,2.5555555555555554,65.04829264582858,3.5555555555555554,11.11111111111111
PRV53054,6,105,0,16,2,1,0,49,0,49,218.16326530612244,10690,1.836734693877551,90.0,27,1.6326530612244898,70.88792970987163,3.489795918367347,16.3265306122449
PRV53055,2,163,0,16,1,1,0,80,0,80,282.125,22570,2.5,200.0,28,0.9375,80.86587953456537,4.075,11.25
PRV53056,13,74,0,16,2,1,0,35,0,35,288.85714285714283,10110,3.7142857142857144,130.0,22,2.657142857142857,74.41376747824387,4.085714285714285,28.57142857142857
PRV53057,3,123,0,16,1,1,0,53,0,53,389.4339622641509,20640,4.90566037735849,260.0,29,2.6792452830188678,75.08189015019435,3.339622641509434,13.20754716981132
PRV53059,3,85,0,16,2,1,0,33,0,33,494.54545454545456,16320,0.9090909090909091,30.0,21,1.6363636363636365,77.88430506294984,5.454545454545454,15.151515151515152
PRV53061,2,9,2,16,2,1,0,1,1,0,9000.0,9000,1068.0,1068.0,1,1.0,98.2943189596167,3.0,100.0
PRV53062,5,9,0,16,2,1,0,4,0,4,47.5,190,0.0,0.0,4,0.0,71.86652977412732,4.75,50.0
PRV53063,5,20,1,16,1,1,0,4,2,2,1862.5,7450,551.5,2206.0,4,1.0,75.83162217659137,4.25,50.0
PRV53064,8,82,0,16,1,1,0,35,0,35,189.71428571428572,6640,3.7142857142857144,130.0,28,0.17142857142857143,74.49011440305074,4.4,22.857142857142858
PRV53065,7,101,0,16,2,1,0,38,0,38,163.94736842105263,6230,2.6315789473684212,100.0,30,0.7631578947368421,72.10461471955041,4.815789473684211,21.052631578947366
PRV53066,5,24,0,16,2,1,0,7,0,7,174.28571428571428,1220,0.0,0.0,5,0.0,77.15928424757992,5.0,28.57142857142857
PRV53067,8,26,0,16,2,1,0,16,0,16,283.75,4540,4.375,70.0,14,0.8125,78.7099589322382,4.25,6.25
PRV53069,9,26,0,16,2,1,0,11,0,11,239.0909090909091,2630,0.9090909090909091,10.0,9,0.0,68.41565552859187,3.727272727272727,0.0
PRV53070,6,83,5,16,2,1,0,20,12,8,5576.5,111530,640.8,12816.0,17,3.95,78.35975359342916,5.65,75.0
PRV53071,5,64,0,16,2,1,0,28,0,28,439.64285714285717,12310,2.857142857142857,80.0,20,0.21428571428571427,74.06922851276035,4.785714285714286,21.428571428571427
PRV53072,9,36,0,16,2,1,0,18,0,18,277.22222222222223,4990,0.0,0.0,18,0.05555555555555555,75.93444368393034,4.5,27.77777777777778
PRV53073,9,36,0,16,2,1,0,14,0,14,90.71428571428571,1270,0.0,0.0,7,0.0,71.89087709005574,3.9285714285714284,21.428571428571427
PRV53074,1,310,0,16,2,1,0,178,0,178,275.0,48950,2.359550561797753,420.0,66,1.3314606741573034,77.9168954617816,4.455056179775281,24.15730337078652
PRV53075,3,3,0,16,1,1,0,2,0,2,890.0,1780,0.0,0.0,2,0.0,73.35386721423683,2.5,0.0
PRV53076,1,202,0,16,2,1,0,105,0,105,293.7142857142857,30840,5.333333333333333,560.0,47,1.1238095238095238,77.31218669534891,4.295238095238095,20.952380952380953
PRV53077,2,213,0,14,2,1,0,124,0,124,308.6290322580645,38270,0.4838709677419355,60.0,81,2.1774193548387095,75.36819677198561,3.870967741935484,24.193548387096776
PRV53078,5,95,0,16,1,1,0,45,0,45,241.77777777777777,10880,4.444444444444445,200.0,37,0.8888888888888888,71.324420107993,4.5777777777777775,8.88888888888889
PRV53079,1,2,0,16,2,1,0,1,0,1,50.0,50,0.0,0.0,1,0.0,66.48596851471595,3.0,0.0
PRV53081,1,18,0,16,2,1,0,9,0,9,200.0,1800,0.0,0.0,8,0.0,72.69115522092935,3.4444444444444446,11.11111111111111
PRV53083,1,1,0,16,2,1,0,1,0,1,10.0,10,0.0,0.0,1,0.0,84.70636550308008,9.0,0.0
PRV53084,1,2,0,16,2,1,0,1,0,1,100.0,100,100.0,100.0,1,4.0,71.60301163586584,7.0,0.0
PRV53085,1,5,0,16,1,1,0,2,0,2,320.0,640,0.0,0.0,2,3.5,76.09445585215606,3.0,50.0
PRV53086,1,9,0,16,1,1,0,4,0,4,265.0,1060,0.0,0.0,4,5.0,83.22039698836413,6.0,50.0
PRV53087,2,78,0,16,1,1,0,31,0,31,309.03225806451616,9580,0.0,0.0,16,1.6451612903225807,69.70780066679914,4.451612903225806,9.67741935483871
PRV53090,1,310,0,16,2,1,0,179,0,179,328.7709497206704,58850,3.2402234636871508,580.0,71,1.4357541899441342,77.64272576753505,4.4525139664804465,22.3463687150838
PRV53091,2,32,0,16,2,1,0,4,4,0,4750.0,19000,1068.0,4272.0,4,6.75,79.3668720054757,6.5,100.0
PRV53095,4,29,1,17,1,1,0,4,2,2,9025.0,36100,534.0,2136.0,4,3.75,66.80492813141684,5.0,50.0
PRV53096,98,234,0,17,2,1,0,130,0,130,407.6923076923077,53000,3.3846153846153846,440.0,103,1.3307692307692307,72.58851155688939,4.607692307692307,21.53846153846154
PRV53099,1,5,0,17,1,1,0,2,0,2,110.0,220,0.0,0.0,2,0.0,89.90554414784394,6.0,0.0
PRV53100,19,253,3,17,2,1,0,130,5,125,668.3076923076923,86880,44.0,5720.0,74,1.9230769230769231,72.73127994524299,4.346153846153846,24.615384615384617
PRV53101,9,23,1,17,2,1,0,8,2,6,1176.25,9410,267.0,2136.0,8,0.75,68.20807665982204,3.625,50.0
PRV53102,4,54,0,17,1,1,0,19,0,19,311.05263157894734,5910,2.1052631578947367,40.0,16,1.6842105263157894,73.4906877048885,5.631578947368421,31.57894736842105
PRV53103,46,176,4,17,2,1,0,79,7,72,1119.493670886076,88440,97.16455696202532,7676.0,62,2.1012658227848102,72.53533646973202,4.455696202531645,31.645569620253166
PRV53104,44,236,18,17,1,1,0,80,28,52,3159.625,252770,358.05128205128204,27928.0,55,3.4125,75.5832991101985,4.7875,43.75
PRV53106,29,98,1,17,2,1,1,44,4,40,616.8181818181819,27140,100.5,4422.0,28,0.6590909090909091,78.36388525916246,5.0,25.0
PRV53107,11,75,10,17,2,1,0,15,9,6,6892.666666666667,103390,649.4666666666667,9742.0,15,3.933333333333333,76.92466347250742,4.4,66.66666666666666
PRV53108,19,143,7,17,2,1,0,48,5,43,1446.875,69450,114.58333333333333,5500.0,37,2.625,74.34776408852385,4.020833333333333,22.916666666666664
PRV53109,16,74,2,17,1,1,0,28,3,25,796.0714285714286,22290,117.28571428571429,3284.0,22,1.75,75.29373227730517,4.214285714285714,28.57142857142857
PRV53110,14,65,1,17,2,1,0,30,1,29,776.0,23280,36.93333333333333,1108.0,21,2.033333333333333,73.29920146018709,4.733333333333333,20.0
PRV53111,32,102,8,17,1,1,0,33,7,26,2083.3333333333335,68750,227.15151515151516,7496.0,29,3.8484848484848486,75.2942152531475,4.666666666666667,30.303030303030305
PRV53113,23,146,0,17,2,1,0,81,0,81,238.5185185185185,19320,4.567901234567901,370.0,61,1.6790123456790123,73.68029676950508,4.135802469135802,11.11111111111111
PRV53114,17,109,13,17,2,1,1,29,14,15,12575.172413793103,364680,512.7037037037037,13843.0,22,4.172413793103448,74.27562604734594,5.551724137931035,55.172413793103445
PRV53116,11,124,0,26,1,1,0,44,0,44,187.04545454545453,8230,1.1363636363636365,50.0,25,0.9318181818181818,75.30390143737166,4.931818181818182,22.727272727272727
PRV53117,24,487,8,17,2,1,0,251,18,233,858.0478087649402,215370,74.544,18636.0,167,1.8844621513944224,74.94165160030651,4.370517928286852,26.294820717131472
PRV53119,9,41,2,17,2,1,1,18,3,15,1467.2222222222222,26410,178.0,3204.0,14,2.2222222222222223,69.75374553197962,4.0,44.44444444444444
PRV53120,65,148,8,17,2,1,0,65,10,55,1783.8461538461538,115950,164.30769230769232,10680.0,59,1.5384615384615385,76.81908071394724,5.0,27.692307692307693
PRV53121,41,849,28,17,2,1,1,579,48,531,971.1053540587219,562270,87.91681109185441,50728.0,279,1.7841105354058722,74.06814127593776,4.711571675302245,24.52504317789292
PRV53122,4,48,0,17,1,1,0,24,0,24,336.25,8070,8.333333333333334,200.0,18,0.8333333333333334,69.42208532968287,3.375,20.833333333333336
PRV53123,67,266,0,26,2,1,0,132,0,132,346.59090909090907,45750,3.484848484848485,460.0,82,1.7803030303030303,72.46983178810694,4.4772727272727275,15.151515151515152
PRV53124,29,206,14,17,2,1,0,65,20,45,2744.3076923076924,178380,317.0625,20292.0,53,3.8461538461538463,72.12063391775918,5.2153846153846155,47.69230769230769
PRV53125,2,4,0,26,1,1,0,2,0,2,250.0,500,0.0,0.0,2,0.0,59.55783709787816,3.5,100.0
PRV53126,14,72,0,17,2,1,0,34,0,34,347.6470588235294,11820,2.3529411764705883,80.0,25,3.911764705882353,77.7746104602005,4.676470588235294,11.76470588235294
PRV53127,19,189,1,4,2,1,0,99,1,98,300.3030303030303,29730,13.616161616161616,1348.0,55,0.6464646464646465,74.31622176591377,4.03030303030303,22.22222222222222
PRV53128,8,85,1,17,2,1,0,33,1,32,733.939393939394,24220,8.125,260.0,19,1.303030303030303,67.6707941841412,5.757575757575758,27.27272727272727
PRV53129,24,110,4,17,2,1,0,46,3,43,1794.5652173913043,82550,69.65217391304348,3204.0,39,1.391304347826087,75.49087879058418,4.543478260869565,28.26086956521739
PRV53131,7,58,4,17,2,1,0,13,6,7,3717.6923076923076,48330,492.9230769230769,6408.0,13,2.6923076923076925,70.58895382509345,5.076923076923077,69.23076923076923
PRV53133,79,313,0,17,2,1,0,159,0,159,293.45911949685535,46660,3.0817610062893084,490.0,106,1.6918238993710693,73.48045406997016,4.509433962264151,11.320754716981133
PRV53134,4,24,0,17,2,1,0,10,0,10,403.0,4030,0.0,0.0,8,1.4,69.53839835728954,2.7,0.0
PRV53135,2,55,6,26,2,1,0,7,7,0,9714.285714285714,68000,1068.0,7476.0,6,5.714285714285714,78.84932042632248,5.571428571428571,100.0
PRV53136,34,104,5,17,2,1,1,43,7,36,3744.6511627906975,161020,176.1860465116279,7576.0,40,2.627906976744186,73.18319723668084,5.116279069767442,30.23255813953488
PRV53137,20,65,0,17,2,1,0,30,0,30,296.6666666666667,8900,7.0,210.0,23,1.9333333333333333,76.76440793976728,4.533333333333333,23.333333333333332
PRV53138,7,24,0,26,2,1,0,10,0,10,157.0,1570,0.0,0.0,10,0.0,72.6381930184805,4.5,30.0
PRV53139,3,18,0,17,2,1,0,9,0,9,86.66666666666667,780,0.0,0.0,7,3.5555555555555554,79.88774811772758,4.222222222222222,22.22222222222222
PRV53140,13,43,0,17,2,1,0,21,0,21,103.80952380952381,2180,0.0,0.0,19,1.8095238095238095,68.43896874287017,4.571428571428571,23.809523809523807
PRV53141,26,291,21,17,2,1,0,105,32,73,3168.7619047619046,332720,314.36893203883494,32380.0,93,2.961904761904762,74.1989635279163,4.914285714285715,47.61904761904761
PRV53142,103,325,22,17,2,1,1,111,39,72,3550.0,394050,369.8545454545455,40684.0,98,3.2972972972972974,72.78825437346998,5.09009009009009,51.35135135135135
PRV53143,5,51,5,17,2,1,0,12,4,8,5472.5,65670,291.27272727272725,3204.0,7,3.1666666666666665,83.65411818389231,5.333333333333333,66.66666666666666
PRV53144,38,118,5,26,2,1,0,39,4,35,934.8717948717949,36460,85.10526315789474,3234.0,34,2.8205128205128207,75.84450411555135,4.794871794871795,28.205128205128204
PRV53145,1,230,0,17,2,1,0,132,0,132,263.3333333333333,34760,2.272727272727273,300.0,111,1.6666666666666667,73.21560574948666,4.545454545454546,18.939393939393938
PRV53147,13,47,0,17,2,1,0,18,0,18,375.55555555555554,6760,7.777777777777778,140.0,16,2.2222222222222223,65.48148148148148,3.6666666666666665,33.33333333333333
PRV53148,11,23,0,17,2,1,0,15,0,15,172.0,2580,0.0,0.0,13,0.13333333333333333,75.88117727583845,4.533333333333333,13.333333333333334
PRV53149,2,145,0,17,2,1,0,61,0,61,243.60655737704917,14860,0.6557377049180327,40.0,21,2.3278688524590163,75.68218489469373,5.278688524590164,27.86885245901639
PRV53150,7,35,0,17,2,1,0,13,0,13,240.76923076923077,3130,0.0,0.0,5,0.38461538461538464,73.01047754435845,5.538461538461538,7.6923076923076925
PRV53151,13,56,0,17,2,1,0,25,0,25,254.4,6360,4.8,120.0,19,2.2,78.80290212183436,4.88,20.0
PRV53153,11,73,8,17,2,1,0,24,6,18,5067.916666666667,121630,234.7826086956522,5400.0,21,3.25,79.72724161533196,4.333333333333333,54.166666666666664
PRV53154,5,127,0,17,2,1,0,52,0,52,455.1923076923077,23670,2.6923076923076925,140.0,15,2.3461538461538463,77.66435002369293,4.884615384615385,17.307692307692307
PRV53156,7,41,0,17,1,1,0,16,0,16,410.625,6570,2.5,40.0,10,0.4375,70.6288501026694,5.0,6.25
PRV53157,2,5,0,6,1,1,0,2,0,2,1095.0,2190,0.0,0.0,2,0.0,83.00479123887749,4.0,0.0
PRV53158,5,15,0,17,2,1,0,7,0,7,101.42857142857143,710,7.142857142857143,50.0,7,0.14285714285714285,76.4685636061406,3.142857142857143,0.0
PRV53159,15,78,1,28,1,1,0,27,2,25,1339.2592592592594,36160,79.11111111111111,2136.0,10,0.18518518518518517,88.45042715542374,5.111111111111111,18.51851851851852
PRV53161,6,19,0,17,1,1,0,7,0,7,972.8571428571429,6810,0.0,0.0,7,5.714285714285714,69.73579739904176,4.142857142857143,0.0
PRV53162,3,6,0,17,2,1,0,5,0,5,270.0,1350,0.0,0.0,5,0.2,74.54346338124572,3.4,0.0
PRV53163,2,19,0,17,2,2,0,12,0,12,66.66666666666667,800,0.0,0.0,3,0.0,66.25188227241615,2.1666666666666665,8.333333333333332
PRV53164,14,51,0,17,2,1,0,25,0,25,167.2,4180,1.6,40.0,21,0.76,75.1523613963039,4.52,24.0
PRV53166,15,58,0,17,2,1,0,23,1,22,389.5652173913044,8960,46.43478260869565,1068.0,21,1.0,76.28021307621343,5.304347826086956,26.08695652173913
PRV53167,2,8,0,17,2,1,0,3,0,3,590.0,1770,0.0,0.0,3,0.3333333333333333,71.08099475245267,6.333333333333333,66.66666666666666
PRV53168,3,3,0,17,2,1,0,2,0,2,1035.0,2070,0.0,0.0,2,0.0,54.10814510609172,3.5,100.0
PRV53169,3,11,0,17,2,1,0,4,0,4,42.5,170,0.0,0.0,4,0.0,83.56673511293634,2.0,0.0
PRV53171,6,54,0,17,1,1,0,17,0,17,490.0,8330,0.0,0.0,5,1.4705882352941178,66.46164995772436,5.0588235294117645,11.76470588235294
PRV53172,2,10,0,17,2,1,0,3,0,3,816.6666666666666,2450,0.0,0.0,3,0.0,83.05179101072325,6.0,33.33333333333333
PRV53173,19,112,0,17,1,1,0,43,0,43,386.27906976744185,16610,0.9302325581395349,40.0,23,2.488372093023256,77.70173344157395,6.209302325581396,11.627906976744185
PRV53174,1,16,0,17,2,1,0,5,0,5,52.0,260,0.0,0.0,4,0.4,77.24900752908965,3.4,0.0
PRV53175,7,22,0,17,1,1,0,9,0,9,78.88888888888889,710,0.0,0.0,9,0.8888888888888888,76.92965244505285,2.3333333333333335,33.33333333333333
PRV53176,9,79,0,17,1,1,0,34,0,34,176.47058823529412,6000,3.823529411764706,130.0,13,0.6176470588235294,71.22526875226477,4.117647058823529,11.76470588235294
PRV53177,7,42,0,17,2,1,0,16,0,16,95.0,1520,0.625,10.0,11,1.1875,81.60985626283367,3.875,25.0
PRV53178,5,19,0,17,1,1,0,7,0,7,104.28571428571429,730,0.0,0.0,5,0.0,59.87405886379192,4.285714285714286,71.42857142857143
PRV53179,5,78,1,17,2,1,0,28,2,26,721.0714285714286,20190,80.21428571428571,2246.0,27,1.3571428571428572,70.27974968221375,3.8214285714285716,35.714285714285715
PRV53180,5,15,0,17,1,1,0,5,0,5,602.0,3010,0.0,0.0,4,1.8,80.9555099247091,7.2,60.0
PRV53182,3,3,0,17,2,1,0,3,0,3,33.333333333333336,100,0.0,0.0,3,0.0,75.86219484371435,3.3333333333333335,0.0
PRV53183,1,2,0,17,2,1,0,1,0,1,80.0,80,0.0,0.0,1,0.0,86.83367556468173,4.0,0.0
PRV53186,8,29,0,17,1,1,0,8,0,8,588.75,4710,0.0,0.0,7,0.25,72.99349760438056,6.0,50.0
PRV53187,2,11,0,17,1,1,0,4,0,4,45.0,180,0.0,0.0,4,0.0,74.74811772758386,6.25,75.0
PRV53188,11,17,0,17,2,1,0,10,0,10,122.0,1220,0.0,0.0,8,0.0,71.23805612594114,4.6,30.0
PRV53189,17,91,2,17,1,1,0,28,4,24,1893.9285714285713,53030,152.57142857142858,4272.0,23,1.9285714285714286,75.1099051530263,4.5,25.0
PRV53191,5,37,0,17,2,1,0,15,0,15,220.66666666666666,3310,0.0,0.0,3,0.0,77.58193018480492,3.6666666666666665,26.666666666666668
PRV53192,9,293,0,17,2,1,0,149,0,149,272.5503355704698,40610,2.0134228187919465,300.0,51,1.6979865771812082,77.03448497627349,5.2885906040268456,22.818791946308725
PRV53194,1,80,0,17,2,1,0,32,0,32,697.8125,22330,1.25,40.0,12,0.6875,70.75752908966462,4.96875,21.875
PRV53196,7,47,0,17,1,1,0,16,0,16,280.0,4480,0.0,0.0,9,2.125,71.40896646132785,3.875,6.25
PRV53197,2,7,0,17,1,1,0,4,0,4,125.0,500,0.0,0.0,4,0.0,66.65708418891171,4.0,0.0
PRV53198,5,12,0,17,1,1,0,6,0,6,41.666666666666664,250,0.0,0.0,5,1.1666666666666667,70.66073465662788,7.5,33.33333333333333
PRV53201,7,23,0,17,2,1,0,13,0,13,1093.8461538461538,14220,0.0,0.0,8,8.384615384615385,75.4193650292213,6.230769230769231,0.0
PRV53202,8,29,0,17,1,1,0,11,0,11,60.90909090909091,670,0.0,0.0,8,2.0,76.99682658204219,3.0,18.181818181818183
PRV53203,7,13,0,17,2,1,0,7,0,7,60.0,420,0.0,0.0,5,0.0,85.87386330302141,4.428571428571429,42.857142857142854
PRV53204,4,18,0,17,2,1,0,7,0,7,431.42857142857144,3020,0.0,0.0,6,0.5714285714285714,70.68935171604576,5.857142857142857,14.285714285714285
PRV53205,4,41,0,37,1,1,0,14,0,14,91.42857142857143,1280,7.142857142857143,100.0,10,1.5,62.79299892441576,5.357142857142857,7.142857142857142
PRV53206,3,16,0,17,2,1,0,3,0,3,190.0,570,0.0,0.0,2,1.0,74.8455395847593,5.0,100.0
PRV53207,5,21,0,17,2,1,0,10,0,10,50.0,500,0.0,0.0,7,0.7,67.89349760438056,2.5,30.0
PRV53208,8,67,2,17,2,1,1,23,4,19,2543.478260869565,58500,185.7391304347826,4272.0,17,4.565217391304348,72.66744040710651,3.782608695652174,34.78260869565217
PRV53210,19,81,5,17,2,1,0,32,3,29,845.3125,27050,100.125,3204.0,30,1.40625,76.23049281314168,4.71875,18.75
PRV53211,1,13,0,17,1,1,0,4,0,4,865.0,3460,0.0,0.0,3,5.0,76.58042436687201,4.25,0.0
PRV53212,2,8,0,17,1,1,0,2,0,2,50.0,100,20.0,40.0,2,8.0,53.691991786447645,1.5,0.0
PRV53213,6,65,0,17,2,1,0,22,0,22,314.09090909090907,6910,0.0,0.0,19,0.7272727272727273,73.61246966585776,4.7727272727272725,18.181818181818183
PRV53214,12,58,0,17,1,1,0,18,0,18,237.77777777777777,4280,11.666666666666666,210.0,14,1.1111111111111112,82.20199254696175,3.9444444444444446,27.77777777777778
PRV53215,6,22,0,17,1,1,0,11,0,11,141.8181818181818,1560,0.0,0.0,11,1.1818181818181819,76.4173977972746,4.454545454545454,9.090909090909092
PRV53216,8,214,0,17,1,1,0,115,0,115,182.0,20930,2.5217391304347827,290.0,46,1.1130434782608696,73.630044936464,4.6869565217391305,21.73913043478261
PRV53217,6,14,0,17,2,1,0,5,0,5,314.0,1570,20.0,100.0,5,4.0,74.2198494182067,2.8,20.0
PRV53218,7,25,0,17,2,1,0,13,0,13,213.84615384615384,2780,7.6923076923076925,100.0,9,0.15384615384615385,75.56678776391301,4.3076923076923075,15.384615384615385
PRV53220,2,35,7,26,2,1,0,5,5,0,22000.0,110000,1068.0,5340.0,5,7.0,74.04407939767283,5.0,100.0
PRV53221,1,41,0,17,1,1,0,16,0,16,406.875,6510,4.375,70.0,9,0.9375,73.41991786447639,4.4375,6.25
PRV53222,3,85,0,17,1,1,0,45,0,45,239.33333333333334,10770,7.777777777777778,350.0,24,0.8444444444444444,75.77665221689863,5.4,15.555555555555555
PRV53223,1,53,0,17,2,1,0,23,0,23,512.6086956521739,11790,3.9130434782608696,90.0,18,0.8695652173913043,69.08442698568581,5.6521739130434785,21.73913043478261
PRV53224,1,22,0,17,1,1,0,12,0,12,140.0,1680,0.0,0.0,12,1.6666666666666667,70.86881131644992,3.9166666666666665,16.666666666666664
PRV53225,8,239,30,17,2,1,0,49,49,0,8475.510204081633,415300,1068.0,51264.0,47,5.918367346938775,75.65296344410454,5.612244897959184,100.0
PRV53226,2,116,11,17,2,1,0,19,19,0,7894.736842105263,150000,1068.0,20292.0,19,8.0,79.96138189416045,5.473684210526316,100.0
PRV53227,2,153,0,17,2,1,0,74,0,74,251.48648648648648,18610,1.8918918918918919,140.0,59,1.4864864864864864,74.11913350722385,4.175675675675675,25.675675675675674
PRV53228,1,3,0,17,1,1,0,1,0,1,600.0,600,0.0,0.0,1,0.0,81.25941136208077,4.0,0.0
PRV53229,4,262,0,17,2,1,0,139,0,139,214.67625899280574,29840,2.5179856115107913,350.0,65,1.2949640287769784,72.60378473401977,4.64748201438849,25.899280575539567
PRV53230,14,141,0,17,1,1,0,56,0,56,290.35714285714283,16260,7.142857142857143,400.0,40,2.017857142857143,72.52380952380953,4.660714285714286,19.642857142857142
PRV53232,4,141,0,17,2,1,0,64,0,64,395.3125,25300,2.65625,170.0,28,2.28125,76.102712183436,4.0,20.3125
PRV53233,5,85,11,17,2,1,0,13,13,0,7384.615384615385,96000,1068.0,11748.0,12,4.3076923076923075,74.79850471226241,5.769230769230769,100.0
PRV53235,1,6,0,17,1,1,0,2,0,2,85.0,170,0.0,0.0,2,0.0,86.92539356605064,6.0,50.0
PRV53236,2,56,6,17,2,1,0,9,9,0,10666.666666666666,96000,1068.0,9612.0,8,5.444444444444445,78.61434329606814,6.0,100.0
PRV53237,1,23,0,17,2,1,0,8,0,8,153.75,1230,0.0,0.0,7,0.75,69.98939082819986,4.375,25.0
PRV53238,65,323,5,18,2,1,0,195,9,186,736.3589743589744,143590,51.6,10062.0,165,1.6923076923076923,71.17521894031134,4.579487179487179,29.230769230769234
PRV53239,41,279,6,18,2,1,0,113,19,94,2058.2300884955753,232580,183.73451327433628,20762.0,88,2.9911504424778763,71.67930802638513,4.548672566371682,32.743362831858406
PRV53240,6,26,0,18,1,1,0,6,1,5,810.0,4860,178.0,1068.0,4,0.5,67.17773214693132,7.666666666666667,50.0
PRV53242,82,607,59,18,2,1,1,259,105,154,4541.660231660232,1176290,434.6718146718147,112580.0,209,3.247104247104247,72.86469573122551,5.146718146718147,55.21235521235521
PRV53243,25,173,7,18,2,1,0,75,9,66,1490.1333333333334,111760,128.69333333333333,9652.0,61,1.3333333333333333,71.522482318047,4.44,33.33333333333333
PRV53244,33,772,27,18,2,1,0,508,42,466,916.8307086614174,465750,90.44488188976378,45946.0,162,1.4409448818897639,66.07311355074455,4.46259842519685,26.37795275590551
PRV53245,53,316,8,18,2,1,1,146,16,130,1471.2328767123288,214800,118.27397260273973,17268.0,106,1.5684931506849316,71.72208939270344,4.7465753424657535,27.397260273972602
PRV53246,38,212,3,18,2,1,0,109,2,107,518.256880733945,56490,24.0,2616.0,101,1.385321100917431,71.02698290099153,4.36697247706422,17.431192660550458
PRV53247,13,103,5,18,1,1,0,37,7,30,1782.7027027027027,65960,207.45945945945945,7676.0,35,1.9189189189189189,67.95708233901253,3.891891891891892,27.027027027027028
PRV53248,19,151,6,18,2,1,0,57,5,52,1559.4736842105262,88890,79.32142857142857,4442.0,39,1.631578947368421,69.51715359583078,4.175438596491228,19.298245614035086
PRV53249,6,78,4,18,2,1,0,23,6,17,2614.782608695652,60140,278.60869565217394,6408.0,19,3.391304347826087,76.19914888551617,4.695652173913044,47.82608695652174
PRV53251,10,425,3,18,2,1,0,233,4,229,409.4420600858369,95400,21.42489270386266,4992.0,117,1.6309012875536482,71.25293099852239,4.55793991416309,22.317596566523605
PRV53252,17,163,1,51,1,1,0,77,4,73,1014.1558441558442,78090,42.1578947368421,3204.0,31,0.8181818181818182,74.7248371067673,4.259740259740259,18.181818181818183
PRV53253,82,217,0,18,1,1,0,110,0,110,323.6363636363636,35600,1.7272727272727273,190.0,94,1.8545454545454545,70.28361645199428,4.636363636363637,20.0
PRV53254,6,30,0,18,1,1,0,9,0,9,132.22222222222223,1190,0.0,0.0,9,2.2222222222222223,65.70111795573808,4.555555555555555,0.0
PRV53255,20,56,0,15,2,1,0,26,0,26,298.46153846153845,7760,0.0,0.0,24,0.46153846153846156,77.03522350339598,4.6923076923076925,3.8461538461538463
PRV53256,100,592,18,18,2,1,0,345,36,309,1329.5942028985507,458710,113.32753623188405,39098.0,284,1.9101449275362319,70.81717703776448,4.475362318840579,26.666666666666668
PRV53257,16,62,0,18,2,1,0,25,0,25,444.8,11120,0.8,20.0,21,0.24,70.54182067077345,5.24,32.0
PRV53258,25,159,2,18,2,1,0,80,3,77,493.625,39490,30.329113924050635,2396.0,68,1.25,69.82501711156742,4.1625,23.75
PRV53259,43,318,0,18,2,1,0,187,0,187,326.47058823529414,61050,4.545454545454546,850.0,117,1.3903743315508021,72.00212293242853,4.786096256684492,23.52941176470588
PRV53260,16,255,0,18,2,1,0,134,2,132,233.73134328358208,31320,19.37313432835821,2596.0,104,1.2462686567164178,72.73458171156538,4.776119402985074,18.65671641791045
PRV53261,28,331,0,18,2,1,0,194,0,194,214.17525773195877,41550,3.1443298969072164,610.0,101,1.0,71.83486808216375,3.984536082474227,17.525773195876287
PRV53262,52,231,0,18,2,1,0,118,0,118,383.47457627118644,45250,3.8135593220338984,450.0,83,2.093220338983051,70.25550180396525,4.279661016949152,25.423728813559322
PRV53265,49,255,17,18,2,1,1,92,27,65,3574.1304347826085,328820,307.010989010989,27938.0,68,2.880434782608696,69.68005832812547,4.5,41.30434782608695
PRV53266,123,589,50,18,2,1,1,257,88,169,3790.3112840466924,974110,354.9761904761905,89454.0,228,3.007782101167315,69.03273436189167,4.856031128404669,47.47081712062256
PRV53268,34,197,8,18,2,1,0,74,7,67,1192.2972972972973,88230,101.02702702702703,7476.0,63,1.5135135135135136,68.13171282165122,5.148648648648648,25.675675675675674
PRV53269,193,834,69,18,2,1,1,456,112,344,2293.0701754385964,1045640,258.4380530973451,116814.0,357,2.425438596491228,72.26407651572464,4.815789473684211,40.78947368421053
PRV53272,17,64,3,18,2,1,0,24,4,20,1360.8333333333333,32660,183.83333333333334,4412.0,21,2.0416666666666665,71.74104494638375,5.666666666666667,33.33333333333333
PRV53274,27,69,0,18,1,1,0,30,0,30,149.66666666666666,4490,2.3333333333333335,70.0,25,1.7,68.10093543235227,4.866666666666666,30.0
PRV53276,8,452,0,18,2,1,0,291,0,291,293.05841924398624,85280,0.8934707903780069,260.0,131,1.268041237113402,71.41713885184323,4.769759450171821,22.68041237113402
PRV53277,13,137,10,49,2,1,1,44,15,29,2933.181818181818,129060,365.22727272727275,16070.0,34,3.340909090909091,73.27390952647626,4.931818181818182,54.54545454545454
PRV53279,17,71,1,18,2,1,0,36,1,35,292.22222222222223,10520,29.666666666666668,1068.0,34,1.3611111111111112,72.39402235911477,4.805555555555555,16.666666666666664
PRV53280,6,38,0,18,2,1,0,15,0,15,135.33333333333334,2030,0.0,0.0,11,0.2,69.83709787816564,4.333333333333333,20.0
PRV53281,21,175,10,18,2,1,0,53,21,32,2609.622641509434,138310,425.0566037735849,22528.0,43,1.2830188679245282,72.26226544238246,4.7924528301886795,41.509433962264154
PRV53282,9,59,0,18,2,1,0,31,0,31,184.83870967741936,5730,0.0,0.0,24,0.16129032258064516,70.57357973990418,3.903225806451613,25.806451612903224
PRV53283,19,222,2,44,2,1,0,97,3,94,1033.1958762886597,100220,36.329896907216494,3524.0,57,1.8453608247422681,73.76153884149397,4.88659793814433,26.804123711340207
PRV53284,23,293,4,18,2,1,0,148,6,142,505.27027027027026,74780,46.608108108108105,6898.0,79,1.4256756756756757,68.47884640287104,4.601351351351352,29.054054054054053
PRV53288,29,102,0,18,1,1,0,43,0,43,286.9767441860465,12340,0.0,0.0,42,0.9534883720930233,72.81384206421215,4.651162790697675,27.906976744186046
PRV53289,46,194,0,18,1,1,0,106,1,105,342.07547169811323,36260,12.528301886792454,1328.0,66,2.1037735849056602,70.81339997158834,4.528301886792453,20.754716981132077
PRV53290,5,14,0,18,1,1,0,6,0,6,643.3333333333334,3860,0.0,0.0,5,6.666666666666667,67.84211727127538,4.666666666666667,0.0
PRV53291,9,24,0,15,1,1,0,10,0,10,273.0,2730,0.0,0.0,8,2.0,81.4986995208761,4.8,30.0
PRV53292,15,111,1,18,1,1,0,41,5,36,821.9512195121952,33700,134.390243902439,5510.0,35,2.4634146341463414,70.42426670673278,4.2439024390243905,31.70731707317073
PRV53293,16,108,0,18,2,1,0,41,0,41,245.85365853658536,10080,3.4146341463414633,140.0,28,0.8536585365853658,71.0388808200197,4.439024390243903,31.70731707317073
PRV53294,42,784,0,18,2,1,0,582,0,582,310.58419243986253,180760,3.4879725085910653,2030.0,230,1.7233676975945018,70.81633584302989,4.328178694158075,20.274914089347078
PRV53295,63,420,18,18,2,1,1,197,29,168,1695.3807106598986,333990,154.4591836734694,30274.0,166,1.9035532994923858,70.41304717928406,4.685279187817259,32.99492385786802
PRV53296,122,348,0,18,1,1,0,187,0,187,335.5080213903743,62740,1.9786096256684491,370.0,131,1.2620320855614973,71.87026686724718,4.491978609625669,17.11229946524064
PRV53297,20,120,10,18,1,1,1,29,15,14,5923.103448275862,171770,552.4137931034483,16020.0,26,7.0,71.47678727371428,4.551724137931035,55.172413793103445
PRV53298,40,140,6,18,2,1,0,63,8,55,1065.5555555555557,67130,136.88888888888889,8624.0,61,1.746031746031746,72.52818791217148,4.650793650793651,28.57142857142857
PRV53300,87,538,0,18,2,1,0,354,0,354,356.38418079096044,126160,2.8813559322033897,1020.0,255,1.6751412429378532,71.73822588815801,4.519774011299435,20.33898305084746
PRV53301,7,139,0,18,2,1,0,67,0,67,239.8507462686567,16070,3.283582089552239,220.0,46,1.9402985074626866,69.44407326815615,3.671641791044776,13.432835820895523
PRV53303,7,202,0,18,2,1,0,111,0,111,322.2522522522523,35770,1.8918918918918919,210.0,69,1.7387387387387387,71.71977727213867,5.054054054054054,19.81981981981982
PRV53304,9,42,1,18,2,1,0,13,2,11,4590.0,59670,164.30769230769232,2136.0,13,1.0,69.15579423998315,4.076923076923077,61.53846153846154
PRV53305,11,59,0,18,1,1,0,19,1,18,1128.421052631579,21440,66.73684210526316,1268.0,16,2.0,70.92301595878814,3.6842105263157894,31.57894736842105
PRV53306,6,147,0,18,2,1,0,78,0,78,225.64102564102564,17600,1.794871794871795,140.0,29,1.435897435897436,72.8998051913863,4.769230769230769,17.94871794871795
PRV53307,11,92,0,18,2,1,0,34,0,34,218.52941176470588,7430,0.29411764705882354,10.0,31,0.7941176470588235,68.72577203365945,4.676470588235294,23.52941176470588
PRV53308,6,127,5,18,2,1,0,45,7,38,2799.777777777778,125990,166.35555555555555,7486.0,23,1.8444444444444446,78.14483230663929,4.111111111111111,37.77777777777778
PRV53309,11,159,2,18,2,1,0,63,4,59,718.4126984126984,45260,71.14285714285714,4482.0,35,1.9841269841269842,73.78968525580434,5.142857142857143,26.984126984126984
PRV53310,6,24,0,18,1,1,0,10,0,10,229.0,2290,0.0,0.0,8,0.0,71.6580424366872,5.9,40.0
PRV53312,10,149,1,18,2,1,0,65,1,64,458.3076923076923,29790,17.96923076923077,1168.0,46,0.8307692307692308,72.45237719159691,4.476923076923077,23.076923076923077
PRV53313,19,143,0,18,1,1,0,68,0,68,261.7647058823529,17800,2.3529411764705883,160.0,22,0.8088235294117647,73.76925554616096,3.6470588235294117,23.52941176470588
PRV53314,8,124,3,18,1,1,0,57,4,53,1622.6315789473683,92490,75.82456140350877,4322.0,24,1.6140350877192982,74.22006076107448,4.649122807017544,24.561403508771928
PRV53315,6,64,0,18,2,1,0,25,0,25,333.6,8340,3.2,80.0,18,0.96,69.1452977412731,3.84,20.0
PRV53317,9,61,6,18,2,1,0,16,5,11,2865.625,45850,335.0,5360.0,15,1.625,74.28182751540041,4.125,43.75
PRV53318,10,45,0,18,2,1,0,21,0,21,448.57142857142856,9420,6.190476190476191,130.0,19,2.6666666666666665,72.46895472768162,4.380952380952381,14.285714285714285
PRV53319,9,249,7,18,1,1,0,114,13,101,1142.280701754386,130220,123.36842105263158,14064.0,46,1.8859649122807018,67.61927062694382,4.850877192982456,35.08771929824561
PRV53320,6,157,2,18,2,1,0,62,3,59,1311.9354838709678,81340,54.74193548387097,3394.0,35,2.6451612903225805,68.70857344726326,5.145161290322581,24.193548387096776
PRV53321,6,187,0,18,1,1,0,81,0,81,339.87654320987656,27530,1.6049382716049383,130.0,39,3.0864197530864197,73.89117888136825,4.62962962962963,8.641975308641975
PRV53323,12,52,0,18,1,1,0,18,0,18,162.22222222222223,2920,0.0,0.0,11,0.2777777777777778,67.06061297437067,6.666666666666667,38.88888888888889
PRV53325,1,118,0,18,2,1,0,63,0,63,204.6031746031746,12890,3.1746031746031744,200.0,27,1.0793650793650793,72.80866551503102,5.634920634920635,17.46031746031746
PRV53326,5,222,0,18,2,1,0,102,0,102,313.2352941176471,31950,4.803921568627451,490.0,46,1.607843137254902,64.49176631638282,4.284313725490196,15.686274509803921
PRV53329,13,26,0,18,2,1,0,11,1,10,188.1818181818182,2070,103.45454545454545,1138.0,11,0.18181818181818182,66.78613651919608,4.909090909090909,18.181818181818183
PRV53331,1,15,0,18,2,1,0,7,0,7,115.71428571428571,810,0.0,0.0,7,0.0,71.6456438838369,5.285714285714286,28.57142857142857
PRV53334,2,80,0,18,2,1,0,29,0,29,322.0689655172414,9340,2.413793103448276,70.0,14,2.206896551724138,71.72876395477826,4.655172413793103,10.344827586206897
PRV53335,10,572,0,18,2,1,0,381,0,381,299.29133858267716,114030,3.832020997375328,1460.0,266,1.6036745406824147,71.82111989594729,4.6272965879265096,22.57217847769029
PRV53336,4,27,5,18,2,1,0,3,3,0,11333.333333333334,34000,1068.0,2136.0,3,5.333333333333333,60.15514487793748,6.0,100.0
PRV53337,1,14,0,18,1,1,0,5,0,5,324.0,1620,22.0,110.0,3,4.2,69.40342231348392,1.4,0.0
PRV53339,1,18,0,18,2,1,0,10,0,10,143.0,1430,0.0,0.0,8,4.4,76.1034907597536,5.8,20.0
PRV53340,1,52,0,18,1,1,0,23,0,23,94.34782608695652,2170,0.43478260869565216,10.0,16,0.21739130434782608,70.91235901556409,4.6521739130434785,30.434782608695656
PRV53341,2,27,0,18,2,1,0,9,0,9,454.44444444444446,4090,0.0,0.0,9,2.2222222222222223,68.65282530990949,4.888888888888889,33.33333333333333
PRV53342,2,133,0,18,2,1,0,73,0,73,353.56164383561645,25810,5.205479452054795,380.0,59,1.1917808219178083,70.92312452532981,4.575342465753424,26.027397260273972
PRV53343,2,10,0,18,1,1,0,6,0,6,51.666666666666664,310,0.0,0.0,6,0.0,72.87200547570158,5.666666666666667,0.0
PRV53344,1,3,0,18,2,1,0,3,0,3,210.0,630,0.0,0.0,3,0.0,64.72370522473192,3.3333333333333335,33.33333333333333
PRV53346,1,8,0,18,2,1,0,4,0,4,192.5,770,0.0,0.0,4,5.0,57.45448323066393,4.25,0.0
PRV53347,3,11,0,18,1,1,0,6,0,6,46.666666666666664,280,0.0,0.0,6,0.0,72.41889117043121,4.333333333333333,16.666666666666664
PRV53349,1,49,0,18,2,1,0,24,0,24,90.83333333333333,2180,2.9166666666666665,70.0,16,1.0416666666666667,66.22484599589322,5.125,37.5
PRV53350,1,14,0,18,2,1,0,4,0,4,605.0,2420,0.0,0.0,3,1.25,69.73169062286105,7.0,25.0
PRV53351,1,33,0,18,2,1,0,18,0,18,258.8888888888889,4660,14.444444444444445,260.0,13,1.1111111111111112,68.8790022054909,4.222222222222222,33.33333333333333
PRV53352,1,467,0,18,2,1,0,288,0,288,320.4861111111111,92300,3.0208333333333335,870.0,187,1.3819444444444444,71.34361928663776,4.368055555555555,22.22222222222222
PRV53353,1,53,0,18,2,1,0,30,0,30,310.3333333333333,9310,0.3333333333333333,10.0,25,1.6,73.64590463153091,4.433333333333334,16.666666666666664
PRV53354,3,37,0,18,2,1,0,18,0,18,284.44444444444446,5120,5.555555555555555,100.0,18,1.3888888888888888,66.06890257814283,5.444444444444445,22.22222222222222
PRV53355,1,14,0,18,1,1,0,3,0,3,170.0,510,3.3333333333333335,10.0,3,2.3333333333333335,75.39584759297286,4.0,0.0
PRV53356,1,90,0,18,1,1,0,38,0,38,103.94736842105263,3950,2.1052631578947367,80.0,36,0.0,71.56533016319032,4.2105263157894735,28.947368421052634
PRV53357,1,6,0,18,2,1,0,2,0,2,910.0,1820,0.0,0.0,2,0.0,68.47912388774812,4.5,50.0
PRV53358,1,9,0,18,1,1,0,3,0,3,946.6666666666666,2840,0.0,0.0,3,0.0,58.14008669860826,2.3333333333333335,0.0
PRV53359,3,394,0,18,2,1,0,213,0,213,268.3098591549296,57150,1.971830985915493,420.0,155,1.3615023474178405,73.32166211964922,4.727699530516432,19.718309859154928
PRV53360,1,41,0,18,2,1,0,20,0,20,133.0,2660,1.5,30.0,12,0.0,76.80082135523614,4.5,25.0
PRV53361,4,15,0,18,1,1,0,9,0,9,504.44444444444446,4540,0.0,0.0,7,2.2222222222222223,69.3491520267701,5.0,11.11111111111111
PRV53362,5,69,0,36,2,1,0,35,0,35,377.7142857142857,13220,0.5714285714285714,20.0,24,2.085714285714286,71.75077735406278,4.571428571428571,22.857142857142858
PRV53363,2,72,0,18,1,1,0,41,0,41,413.1707317073171,16940,0.975609756097561,40.0,38,2.902439024390244,73.03390594480894,4.7560975609756095,17.073170731707318
PRV53364,3,60,0,18,1,1,0,26,0,26,337.3076923076923,8770,0.0,0.0,24,0.038461538461538464,73.47801821723793,4.884615384615385,19.230769230769234
PRV53365,1,12,0,18,1,1,0,6,0,6,121.66666666666667,730,0.0,0.0,6,0.0,62.47136664385124,3.5,16.666666666666664
PRV53369,1,1,0,18,2,2,0,1,0,1,90.0,90,0.0,0.0,1,0.0,84.42436687200548,7.0,0.0
PRV53370,1,21,0,18,2,1,0,9,0,9,118.88888888888889,1070,0.0,0.0,7,0.4444444444444444,71.75176819530003,4.777777777777778,33.33333333333333
PRV53371,5,108,0,18,2,1,0,43,0,43,254.1860465116279,10930,0.0,0.0,29,1.0465116279069768,70.68283908759531,4.488372093023256,20.930232558139537
PRV53373,3,3,0,18,1,1,0,3,0,3,736.6666666666666,2210,0.0,0.0,3,0.0,73.33789641797854,3.0,0.0
PRV53374,11,578,0,18,2,1,0,387,0,387,271.7312661498708,105160,1.0594315245478036,410.0,132,1.3643410852713178,69.76227036453386,4.674418604651163,19.896640826873384
PRV53375,5,42,0,15,2,1,0,15,0,15,306.0,4590,2.0,30.0,14,0.6666666666666666,72.70545288615104,3.1333333333333333,13.333333333333334
PRV53376,9,148,0,18,2,1,0,74,0,74,381.6216216216216,28240,3.5135135135135136,260.0,31,1.1216216216216217,69.95279057291377,4.513513513513513,22.972972972972975
PRV53377,8,44,6,18,1,1,0,7,7,0,8142.857142857143,57000,1068.0,7476.0,7,3.857142857142857,67.16299990221962,5.714285714285714,100.0
PRV53378,2,72,8,18,2,1,0,10,10,0,7400.0,74000,1068.0,10680.0,10,9.4,73.51649555099247,6.2,100.0
PRV53379,3,71,12,36,2,1,1,11,11,0,13909.09090909091,153000,1068.0,11748.0,10,6.909090909090909,70.97952834297803,5.545454545454546,100.0
PRV53380,2,30,1,18,2,1,0,4,4,0,5500.0,22000,1068.0,4272.0,4,2.75,67.94387405886378,6.0,100.0
PRV53381,13,112,4,19,2,1,0,33,11,22,4185.454545454545,138120,358.1212121212121,11818.0,29,3.0,75.38921037894343,4.7272727272727275,48.484848484848484
PRV53382,19,96,0,19,2,1,0,45,0,45,407.1111111111111,18320,0.0,0.0,38,1.0666666666666667,74.91003118107841,4.2,15.555555555555555
PRV53383,12,68,3,19,2,1,0,22,4,18,2358.6363636363635,51890,194.1818181818182,4272.0,20,3.8181818181818183,66.94829195445212,5.7272727272727275,36.36363636363637
PRV53384,26,234,17,19,2,1,1,62,38,24,5405.1612903225805,335120,654.741935483871,40594.0,51,4.161290322580645,73.9754918195668,5.064516129032258,75.80645161290323
PRV53385,36,1340,63,19,2,1,1,1037,106,931,1313.953712632594,1362570,108.88201160541585,112584.0,418,1.9729990356798457,71.71880661915691,4.657666345226615,30.4725168756027
PRV53386,27,121,0,19,2,1,0,53,0,53,246.60377358490567,13070,0.18867924528301888,10.0,51,1.2075471698113207,75.42918393966397,4.547169811320755,13.20754716981132
PRV53387,16,119,1,19,2,1,0,49,3,46,741.2244897959183,36320,66.81632653061224,3274.0,40,0.7142857142857143,70.81048764474988,4.204081632653061,22.448979591836736
PRV53388,15,285,6,19,2,1,0,122,11,111,1010.983606557377,123340,90.74380165289256,10980.0,65,1.5163934426229508,69.74412315840262,4.049180327868853,22.950819672131146
PRV53389,9,45,2,19,2,1,0,13,1,12,1466.923076923077,19070,82.15384615384616,1068.0,13,1.5384615384615385,75.90522824198389,4.615384615384615,30.76923076923077
PRV53390,5,50,0,4,2,1,0,15,0,15,288.0,4320,2.6666666666666665,40.0,14,2.6666666666666665,73.4280629705681,4.6,0.0
PRV53391,31,119,0,19,2,1,0,69,0,69,165.5072463768116,11420,6.521739130434782,450.0,62,1.1594202898550725,70.1165967324346,4.36231884057971,13.043478260869565
PRV53392,55,182,0,19,2,1,0,99,0,99,341.3131313131313,33790,1.8181818181818181,180.0,80,2.8585858585858586,72.74024294968854,4.929292929292929,20.2020202020202
PRV53393,8,22,2,19,1,1,0,5,2,3,1834.0,9170,427.2,2136.0,5,2.2,76.03559206023272,5.8,60.0
PRV53394,24,1380,23,19,2,1,0,1215,47,1168,646.4362139917696,785420,42.53915910964551,51600.0,368,1.6576131687242799,73.21070015182114,4.976131687242798,23.786008230452673
PRV53396,43,313,27,19,2,1,0,99,45,54,4571.717171717171,452600,480.0204081632653,47042.0,83,3.878787878787879,68.47389708169996,5.070707070707071,57.57575757575758
PRV53397,11,42,2,19,2,1,1,14,3,11,8733.57142857143,122270,228.85714285714286,3204.0,14,5.928571428571429,72.68544050063558,5.071428571428571,35.714285714285715
PRV53398,7,17,2,19,2,1,0,5,1,4,3482.0,17410,213.6,1068.0,5,2.0,76.69158110882957,5.0,20.0
PRV53399,40,106,7,19,2,1,1,33,7,26,2246.060606060606,74120,226.54545454545453,7476.0,30,2.606060606060606,75.78246531018604,5.0606060606060606,36.36363636363637
PRV53401,119,648,57,19,2,1,1,303,130,173,3772.3102310231025,1143010,447.17845117845116,132812.0,275,2.867986798679868,73.32783052432553,4.99009900990099,53.79537953795379
PRV53402,3,43,0,19,2,1,0,17,0,17,425.29411764705884,7230,0.0,0.0,10,2.3529411764705883,75.74167572573177,3.6470588235294117,5.88235294117647
PRV53403,34,156,0,19,1,1,0,72,0,72,211.80555555555554,15250,1.3888888888888888,100.0,67,1.5555555555555556,73.37774735721348,4.888888888888889,20.833333333333336
PRV53405,121,381,15,19,2,1,0,189,21,168,1264.6031746031747,239010,121.84126984126983,23028.0,164,2.767195767195767,72.99023282596178,4.645502645502646,28.57142857142857
PRV53407,8,262,3,19,2,1,0,133,3,130,405.7142857142857,53960,27.24812030075188,3624.0,40,2.2857142857142856,67.69049934898848,5.067669172932331,26.31578947368421
PRV53408,37,144,11,19,2,1,0,47,10,37,1888.936170212766,88780,210.2608695652174,9672.0,45,2.127659574468085,75.5127790641793,4.9361702127659575,34.04255319148936
PRV53409,9,88,5,19,2,1,0,34,3,31,827.3529411764706,28130,96.29411764705883,3274.0,22,1.6176470588235294,71.75447920441277,4.088235294117647,41.17647058823529
PRV53411,6,20,0,19,1,1,0,6,0,6,428.3333333333333,2570,5.0,30.0,6,0.16666666666666666,65.30504220853297,6.166666666666667,16.666666666666664
PRV53412,13,67,0,19,1,1,0,27,0,27,357.037037037037,9640,0.0,0.0,26,1.4814814814814814,73.08226227596522,4.814814814814815,22.22222222222222
PRV53413,29,70,1,19,2,1,0,30,2,28,1134.6666666666667,34040,71.2,2136.0,27,2.2666666666666666,76.63445128907141,5.066666666666666,36.666666666666664
PRV53415,29,66,0,19,2,1,0,34,0,34,354.4117647058824,12050,4.411764705882353,150.0,27,1.2058823529411764,67.34847203768571,4.352941176470588,23.52941176470588
PRV53416,14,198,1,19,2,1,0,87,1,86,584.3678160919541,50840,12.96551724137931,1128.0,59,1.839080459770115,70.65917691393865,4.712643678160919,20.689655172413794
PRV53417,13,338,4,19,2,1,1,171,7,164,673.0409356725146,115090,47.05263157894737,8046.0,71,1.8128654970760234,70.31527712733808,4.304093567251462,26.31578947368421
PRV53419,18,62,6,19,2,1,0,19,5,14,2442.6315789473683,46410,281.05263157894734,5340.0,18,1.7894736842105263,73.392845563601,4.315789473684211,36.84210526315789
PRV53421,34,401,48,19,2,1,1,129,95,34,7751.240310077519,999910,783.6535433070866,99524.0,110,4.496124031007752,72.27650170585083,5.015503875968992,80.62015503875969
PRV53423,15,146,6,19,2,1,0,53,5,48,910.188679245283,48240,86.57692307692308,4502.0,43,2.547169811320755,72.95685302132166,4.7924528301886795,32.075471698113205
PRV53424,20,505,19,19,2,1,0,263,37,226,1720.1140684410645,452390,138.2007722007722,35794.0,125,2.1254752851711025,72.07422386354469,4.228136882129277,29.65779467680608
PRV53426,6,20,0,19,2,1,0,10,0,10,148.0,1480,0.0,0.0,6,0.2,70.68062970568104,4.5,30.0
PRV53427,9,54,0,19,2,1,0,24,0,24,370.0,8880,2.5,60.0,17,3.5416666666666665,71.7565594341775,5.375,16.666666666666664
PRV53428,19,44,0,19,2,1,0,22,0,22,224.0909090909091,4930,0.0,0.0,22,0.5454545454545454,72.90709974488209,4.590909090909091,18.181818181818183
PRV53429,18,55,1,19,2,1,0,29,1,28,782.4137931034483,22690,39.241379310344826,1138.0,27,1.4827586206896552,71.81656399726215,4.344827586206897,34.48275862068966
PRV53431,3,75,1,19,2,1,0,42,1,41,716.1904761904761,30080,27.333333333333332,1148.0,31,2.4523809523809526,66.57579609530328,4.904761904761905,19.047619047619047
PRV53432,85,270,10,19,2,1,0,122,13,109,1570.327868852459,191580,115.77049180327869,14124.0,110,1.5655737704918034,69.21170094590501,4.844262295081967,28.688524590163933
PRV53433,14,48,0,19,2,1,0,19,0,19,153.68421052631578,2920,3.6842105263157894,70.0,15,0.05263157894736842,68.71097662019525,4.631578947368421,42.10526315789473
PRV53435,5,20,0,19,1,1,0,6,0,6,915.0,5490,0.0,0.0,6,3.3333333333333335,64.0041067761807,4.666666666666667,33.33333333333333
PRV53436,17,61,3,19,2,1,0,18,3,15,912.2222222222222,16420,189.11111111111111,3404.0,18,0.7222222222222222,68.9825842269374,5.388888888888889,38.88888888888889
PRV53437,7,40,1,19,1,1,0,9,1,8,860.0,7740,118.66666666666667,1068.0,9,0.3333333333333333,68.63639820518671,5.0,33.33333333333333
PRV53438,15,135,5,19,2,1,0,61,8,53,1111.967213114754,67830,142.85245901639345,8714.0,51,1.1311475409836065,69.41344913095679,4.491803278688525,29.508196721311474
PRV53439,15,58,0,19,1,1,0,24,0,24,236.25,5670,0.0,0.0,23,0.9166666666666666,75.4652064795802,4.333333333333333,20.833333333333336
PRV53440,11,298,1,19,2,1,0,164,1,163,363.3536585365854,59590,8.768292682926829,1438.0,98,1.6646341463414633,73.03125156508239,4.4573170731707314,25.609756097560975
PRV53441,39,143,11,19,2,1,0,38,14,24,4937.105263157895,187610,378.7567567567568,14014.0,36,1.9736842105263157,70.10958608019021,4.7894736842105265,44.73684210526316
PRV53442,16,125,6,19,2,1,0,46,8,38,2015.8695652173913,92730,188.34782608695653,8664.0,40,2.869565217391304,66.51209713418444,4.543478260869565,32.608695652173914
PRV53443,2,392,0,19,2,1,0,215,0,215,378.09302325581393,81290,0.8372093023255814,180.0,100,2.158139534883721,69.41047705458192,4.930232558139535,16.74418604651163
PRV53444,22,101,7,19,2,1,0,27,10,17,3751.8518518518517,101300,395.55555555555554,10680.0,26,3.185185185185185,71.48061956549294,5.296296296296297,48.148148148148145
PRV53445,4,20,0,19,1,1,0,7,0,7,705.7142857142857,4940,0.0,0.0,7,2.857142857142857,67.50092891365992,4.571428571428571,14.285714285714285
PRV53446,20,112,0,19,2,1,0,46,0,46,280.0,12880,0.0,0.0,44,2.717391304347826,74.44829330714519,4.8478260869565215,17.391304347826086
PRV53447,24,96,0,19,2,1,0,39,0,39,158.2051282051282,6170,2.5641025641025643,100.0,35,0.6410256410256411,71.85229646009932,5.282051282051282,15.384615384615385
PRV53448,61,172,5,19,2,1,0,64,10,54,1444.21875,92430,169.0625,10820.0,62,3.5,71.81596509240246,5.09375,29.6875
PRV53449,10,28,1,19,1,1,0,9,1,8,1108.888888888889,9980,120.88888888888889,1088.0,9,3.111111111111111,77.72149973382005,4.666666666666667,22.22222222222222
PRV53450,38,97,0,19,2,1,0,50,0,50,297.8,14890,7.2,360.0,48,2.2,71.91271731690622,4.74,8.0
PRV53451,2,39,2,19,2,1,0,5,5,0,5000.0,25000,1068.0,5340.0,5,3.2,73.8135523613963,5.6,100.0
PRV53452,2,119,0,19,2,1,0,62,0,62,598.3870967741935,37100,2.096774193548387,130.0,44,3.5161290322580645,69.87008456426221,5.080645161290323,16.129032258064516
PRV53453,23,64,5,19,2,1,0,15,4,11,2865.3333333333335,42980,229.57142857142858,3214.0,15,1.3333333333333333,70.18151950718685,5.4,33.33333333333333
PRV53454,15,51,2,19,2,1,0,25,0,25,223.2,5580,0.0,0.0,21,1.28,66.5846406570842,4.8,24.0
PRV53455,13,91,0,19,2,1,0,39,0,39,221.53846153846155,8640,4.102564102564102,160.0,36,0.9487179487179487,71.10317836395865,4.256410256410256,23.076923076923077
PRV53456,29,80,4,19,2,1,0,29,5,24,2402.4137931034484,69670,158.28571428571428,4432.0,27,2.3793103448275863,70.14062168094598,5.0344827586206895,41.37931034482759
PRV53457,4,11,0,19,2,1,0,5,0,5,1886.0,9430,0.0,0.0,5,4.0,77.35414099931555,5.4,40.0
PRV53460,3,11,0,19,1,1,0,3,0,3,273.3333333333333,820,0.0,0.0,3,0.0,68.77663700661647,2.6666666666666665,0.0
PRV53461,16,125,8,19,2,1,1,36,14,22,11807.777777777777,425080,440.47222222222223,15857.0,32,3.111111111111111,72.66065860521712,4.944444444444445,61.111111111111114
PRV53462,13,33,0,19,1,2,0,11,0,11,404.54545454545456,4450,9.090909090909092,100.0,11,1.4545454545454546,76.41988675253562,4.909090909090909,18.181818181818183
PRV53463,10,186,1,19,2,1,0,76,3,73,500.39473684210526,38030,44.13157894736842,3354.0,43,1.4473684210526316,71.14186389999641,5.052631578947368,26.31578947368421
PRV53465,14,74,3,19,2,1,0,23,3,20,1510.8695652173913,34750,143.65217391304347,3304.0,21,3.5652173913043477,71.11376960390442,4.173913043478261,30.434782608695656
PRV53467,3,18,0,19,1,1,0,10,0,10,85.0,850,2.0,20.0,9,0.1,74.64777549623545,4.8,60.0
PRV53469,10,30,0,19,2,1,0,14,0,14,532.8571428571429,7460,5.0,70.0,13,2.857142857142857,70.56536618754278,3.7857142857142856,28.57142857142857
PRV53470,29,126,0,19,2,1,0,64,0,64,342.1875,21900,1.25,80.0,57,0.734375,73.41598220396989,5.046875,17.1875
PRV53471,19,75,1,19,2,1,0,31,1,30,829.6774193548387,25720,34.45161290322581,1068.0,26,1.4516129032258065,72.83734075202578,4.645161290322581,12.903225806451612
PRV53472,2,8,0,19,2,1,0,3,0,3,1146.6666666666667,3440,0.0,0.0,3,6.666666666666667,74.73876340406115,4.333333333333333,0.0
PRV53473,3,32,0,4,1,1,0,11,0,11,649.0909090909091,7140,0.0,0.0,7,5.454545454545454,71.30085246717691,4.545454545454546,18.181818181818183
PRV53474,3,17,0,19,2,1,0,6,0,6,78.33333333333333,470,0.0,0.0,6,0.0,81.56924480949122,4.5,16.666666666666664
PRV53475,7,19,0,19,2,1,0,10,0,10,419.0,4190,0.0,0.0,10,4.0,62.78247775496236,4.6,0.0
PRV53476,8,30,0,19,1,1,0,10,0,10,331.0,3310,10.0,100.0,10,2.0,70.94866529774127,5.3,20.0
PRV53477,10,110,0,19,2,1,0,50,0,50,283.4,14170,3.0,150.0,45,1.76,67.58943189596167,4.42,18.0
PRV53478,5,276,0,19,2,1,0,149,0,149,340.13422818791946,50680,3.48993288590604,520.0,93,0.7651006711409396,67.43578223980082,4.120805369127517,16.10738255033557
PRV53479,4,11,0,19,2,1,0,5,0,5,78.0,390,8.0,40.0,5,4.0,68.49664613278576,5.0,20.0
PRV53480,6,25,0,45,1,1,0,10,0,10,152.0,1520,0.0,0.0,9,2.8,82.28008213552361,4.5,10.0
PRV53482,12,61,0,19,2,1,0,24,0,24,421.6666666666667,10120,0.0,0.0,21,2.4166666666666665,69.57323750855578,4.583333333333333,16.666666666666664
PRV53483,12,47,2,19,2,1,0,18,2,16,1115.5555555555557,20080,122.0,2196.0,15,4.5,71.25500038025706,5.722222222222222,11.11111111111111
PRV53484,5,152,0,19,2,1,0,63,0,63,265.3968253968254,16720,1.5873015873015872,100.0,42,2.3333333333333335,72.12893973468921,4.968253968253968,31.746031746031743
PRV53485,3,14,0,25,2,1,0,5,0,5,66.0,330,0.0,0.0,5,0.0,72.57549623545518,4.4,40.0
PRV53486,4,81,0,19,2,1,0,28,0,28,201.42857142857142,5640,3.2142857142857144,90.0,13,1.5,78.42544245624329,4.178571428571429,14.285714285714285
PRV53487,1,77,0,19,2,1,0,40,0,40,388.25,15530,4.75,190.0,17,1.6,72.61279945242984,5.15,30.0
PRV53489,6,71,2,19,2,2,0,20,5,15,3743.5,74870,224.8421052631579,4272.0,15,1.85,59.327583846680355,3.9,35.0
PRV53490,6,291,0,19,1,1,0,145,0,145,266.3448275862069,38620,3.0344827586206895,440.0,66,1.1793103448275861,71.93361183884443,5.206896551724138,23.448275862068964
PRV53491,5,30,0,19,1,1,0,16,0,16,110.0,1760,0.0,0.0,14,1.25,66.46988364134154,5.3125,25.0
PRV53492,2,9,0,19,2,1,0,3,0,3,196.66666666666666,590,0.0,0.0,3,0.0,75.93337896417978,4.333333333333333,33.33333333333333
PRV53494,5,11,0,19,1,1,0,7,0,7,67.14285714285714,470,0.0,0.0,7,0.0,71.15752420064534,3.4285714285714284,0.0
PRV53495,5,72,0,19,2,1,0,34,0,34,440.88235294117646,14990,10.588235294117647,360.0,20,1.6176470588235294,72.77899907396223,4.323529411764706,20.588235294117645
PRV53496,4,134,0,19,2,1,0,58,0,58,252.75862068965517,14660,0.1724137931034483,10.0,29,1.9482758620689655,76.13575963558262,3.7241379310344827,27.586206896551722
PRV53498,2,3,0,19,2,1,0,2,0,2,430.0,860,25.0,50.0,2,0.0,79.7138945927447,3.5,0.0
PRV53499,5,102,0,19,2,1,0,46,0,46,268.9130434782609,12370,3.6956521739130435,170.0,18,1.1304347826086956,75.2362586673809,5.065217391304348,8.695652173913043
PRV53501,2,4,0,19,1,1,0,1,0,1,300.0,300,0.0,0.0,1,0.0,40.824093086926766,4.0,0.0
PRV53502,5,91,0,19,1,1,0,47,0,47,170.2127659574468,8000,0.0,0.0,27,0.14893617021276595,70.02146591521401,4.659574468085107,21.27659574468085
PRV53503,1,17,0,19,1,1,0,13,0,13,413.84615384615387,5380,0.0,0.0,9,0.23076923076923078,71.40841362607276,3.5384615384615383,7.6923076923076925
PRV53504,4,8,0,19,1,1,0,4,0,4,182.5,730,0.0,0.0,4,0.25,75.95687885010267,4.25,25.0
PRV53506,1,8,0,19,2,2,0,1,0,1,500.0,500,0.0,0.0,1,0.0,69.68651608487338,5.0,0.0
PRV53507,4,63,4,19,1,1,0,9,9,0,6888.888888888889,62000,1068.0,9612.0,8,4.444444444444445,81.07719218191498,6.0,100.0
PRV53509,1,9,1,19,2,3,0,1,1,0,15000.0,15000,1068.0,1068.0,1,17.0,75.69609856262834,5.0,100.0
PRV53510,4,53,2,19,2,1,0,16,2,14,867.5,13880,133.5,2136.0,12,5.3125,66.61584531143053,4.375,25.0
PRV53511,2,9,2,19,2,2,0,1,1,0,0.0,0,1068.0,1068.0,1,5.0,66.86652977412732,6.0,100.0
PRV53513,3,15,2,19,1,1,0,2,2,0,9000.0,18000,1068.0,2136.0,2,4.0,65.7180013689254,8.0,100.0
PRV53515,2,9,2,19,2,2,0,1,1,0,14000.0,14000,1068.0,1068.0,1,5.0,49.00479123887748,9.0,100.0
PRV53516,1,9,0,19,2,1,0,1,1,0,3000.0,3000,1068.0,1068.0,1,8.0,78.18480492813141,7.0,100.0
PRV53517,1,17,0,19,1,1,0,2,2,0,8500.0,17000,1068.0,2136.0,2,5.5,75.86173853524983,5.0,100.0
PRV53519,11,61,8,19,1,1,0,9,9,0,6777.777777777777,61000,1068.0,9612.0,9,4.555555555555555,68.06935888660735,5.111111111111111,100.0
PRV53520,1,18,0,19,1,1,0,4,0,4,172.5,690,0.0,0.0,4,0.0,73.6413415468857,5.25,25.0
PRV53521,2,16,0,19,2,1,0,9,0,9,42.22222222222222,380,0.0,0.0,8,1.5555555555555556,64.56947296372348,3.111111111111111,33.33333333333333
PRV53522,3,58,0,19,1,1,0,26,0,26,141.92307692307693,3690,9.23076923076923,240.0,25,0.5,68.16384983941452,4.346153846153846,30.76923076923077
PRV53523,2,168,0,19,2,1,0,89,0,89,294.9438202247191,26250,5.393258426966292,480.0,70,1.9550561797752808,70.28890478277923,4.640449438202247,17.97752808988764
PRV53524,3,104,0,19,2,1,0,52,0,52,194.42307692307693,10110,2.3076923076923075,120.0,44,0.19230769230769232,67.46153846153847,4.576923076923077,17.307692307692307
PRV53525,1,2,0,19,2,1,0,2,0,2,350.0,700,0.0,0.0,2,0.0,87.20876112251882,5.5,0.0
PRV53526,2,122,0,19,2,1,0,60,0,60,307.3333333333333,18440,1.3333333333333333,80.0,28,0.8833333333333333,68.11097421857176,4.433333333333334,28.333333333333332
PRV53527,1,82,0,19,1,1,0,37,0,37,256.7567567567568,9500,10.81081081081081,400.0,31,1.9189189189189189,71.4977153745121,4.054054054054054,27.027027027027028
PRV53530,1,67,0,19,2,1,0,27,0,27,257.037037037037,6940,2.962962962962963,80.0,26,1.0,73.74015767992496,4.2592592592592595,25.925925925925924
PRV53531,1,27,0,19,2,1,0,11,0,11,85.45454545454545,940,0.0,0.0,9,0.0,73.38833924460208,3.727272727272727,9.090909090909092
PRV53532,2,24,0,19,2,1,0,9,0,9,247.77777777777777,2230,3.3333333333333335,30.0,8,2.7777777777777777,73.05985246026313,7.111111111111111,33.33333333333333
PRV53533,8,109,0,19,2,1,0,51,0,51,428.4313725490196,21850,6.862745098039215,350.0,32,2.843137254901961,65.16487498490156,4.901960784313726,15.686274509803921
PRV53534,1,132,0,19,2,1,0,76,0,76,318.2894736842105,24190,0.7894736842105263,60.0,41,2.3421052631578947,69.0907813682049,4.421052631578948,15.789473684210526
PRV53535,1,47,0,19,1,1,0,19,0,19,472.10526315789474,8970,2.1052631578947367,40.0,18,1.5263157894736843,77.6757087791347,3.9473684210526314,5.263157894736842
PRV53536,3,61,0,19,1,1,0,31,0,31,182.58064516129033,5660,1.2903225806451613,40.0,25,0.0967741935483871,71.24735598684066,5.096774193548387,29.03225806451613
PRV53539,1,6,0,19,2,1,0,2,0,2,100.0,200,5.0,10.0,2,1.5,64.67624914442163,4.0,0.0
PRV53540,3,40,0,19,2,1,0,13,0,13,235.3846153846154,3060,0.0,0.0,12,0.23076923076923078,76.09477175801611,3.6923076923076925,15.384615384615385
PRV53544,2,50,0,19,2,1,0,17,0,17,285.88235294117646,4860,0.0,0.0,14,1.1764705882352942,65.51757458630269,4.9411764705882355,29.411764705882355
PRV53545,1,3,0,19,1,1,0,1,0,1,60.0,60,0.0,0.0,1,0.0,65.56057494866529,4.0,0.0
PRV53547,4,44,0,19,1,1,0,21,0,21,326.1904761904762,6850,4.285714285714286,90.0,18,4.095238095238095,74.41934747889573,4.095238095238095,19.047619047619047
PRV53548,1,14,0,19,1,1,0,4,0,4,62.5,250,0.0,0.0,4,0.0,70.03148528405202,4.75,25.0
PRV53549,1,11,0,19,1,1,0,6,0,6,75.0,450,0.0,0.0,6,0.0,65.19233401779603,6.333333333333333,16.666666666666664
PRV53550,6,27,0,19,1,1,0,10,0,10,313.0,3130,0.0,0.0,10,0.0,78.29486652977413,4.5,20.0
PRV53551,1,71,0,19,2,1,0,29,0,29,386.8965517241379,11220,4.482758620689655,130.0,19,1.5862068965517242,73.92565318983219,4.689655172413793,17.24137931034483
PRV53553,1,61,0,19,2,1,0,30,0,30,235.33333333333334,7060,5.333333333333333,160.0,20,0.9333333333333333,73.76527492584987,4.566666666666666,30.0
PRV53554,1,4,0,19,2,1,0,2,0,2,35.0,70,0.0,0.0,2,0.0,76.81998631074606,1.0,0.0
PRV53555,2,25,0,19,2,1,0,11,0,11,296.3636363636364,3260,4.545454545454546,50.0,5,0.8181818181818182,68.04529898575073,4.818181818181818,9.090909090909092
PRV53556,1,77,0,19,1,1,0,31,0,31,372.5806451612903,11550,2.903225806451613,90.0,26,2.0,63.32701861296946,4.32258064516129,22.58064516129032
PRV53558,2,69,0,19,2,1,0,22,0,22,332.72727272727275,7320,0.0,0.0,10,0.045454545454545456,69.67320017422686,4.181818181818182,31.818181818181817
PRV53559,1,7,0,19,1,1,0,2,0,2,30.0,60,0.0,0.0,2,0.0,78.0561259411362,1.5,50.0
PRV53560,1,56,0,19,2,1,0,23,0,23,302.60869565217394,6960,0.0,0.0,21,1.2608695652173914,71.80346992828022,4.217391304347826,17.391304347826086
PRV53561,3,18,0,19,2,1,0,9,0,9,632.2222222222222,5690,7.777777777777778,70.0,8,0.0,73.88790022054908,3.7777777777777777,22.22222222222222
PRV53562,1,28,0,19,1,1,0,10,0,10,589.0,5890,2.0,20.0,10,2.7,66.60013689253935,3.2,20.0
PRV53563,1,5,0,19,1,1,0,2,0,2,30.0,60,0.0,0.0,2,0.0,78.90212183436003,4.0,0.0
PRV53564,1,12,0,19,2,1,0,5,0,5,44.0,220,0.0,0.0,4,1.0,80.39863107460644,5.4,20.0
PRV53565,1,10,0,19,1,1,0,5,0,5,382.0,1910,0.0,0.0,5,0.0,64.14236824093086,3.2,20.0
PRV53566,2,5,0,19,1,1,0,4,0,4,147.5,590,0.0,0.0,4,0.0,78.28952772073922,5.5,0.0
PRV53568,2,10,0,19,1,1,0,4,0,4,307.5,1230,0.0,0.0,2,1.0,60.7378507871321,6.75,25.0
PRV53569,6,32,0,19,2,1,0,14,0,14,270.7142857142857,3790,0.0,0.0,11,2.857142857142857,73.61611420748997,3.7857142857142856,7.142857142857142
PRV53570,2,50,0,19,1,1,0,18,0,18,450.55555555555554,8110,0.5555555555555556,10.0,18,1.8888888888888888,68.08654650543768,5.0,27.77777777777778
PRV53571,3,59,0,19,1,1,0,26,0,26,108.07692307692308,2810,0.0,0.0,25,1.2307692307692308,69.61301532143422,4.6923076923076925,23.076923076923077
PRV53572,1,8,0,19,2,1,0,5,0,5,322.0,1610,0.0,0.0,5,2.2,74.01122518822724,3.0,20.0
PRV53573,4,67,0,19,2,1,0,32,0,32,338.4375,10830,3.75,120.0,27,2.125,72.98973305954826,4.59375,28.125
PRV53574,1,34,0,19,2,1,0,17,0,17,161.76470588235293,2750,5.882352941176471,100.0,14,1.8235294117647058,69.6283770181584,5.411764705882353,17.647058823529413
PRV53577,2,24,0,19,2,1,0,11,0,11,195.45454545454547,2150,0.0,0.0,11,1.0909090909090908,74.50040445522991,5.7272727272727275,36.36363636363637
PRV53578,1,23,0,19,2,2,0,7,0,7,81.42857142857143,570,0.0,0.0,6,0.0,74.17972034809817,6.714285714285714,14.285714285714285
PRV53581,1,30,0,19,2,1,0,11,0,11,90.0,990,5.454545454545454,60.0,10,2.4545454545454546,75.27198058614896,4.636363636363637,27.27272727272727
PRV53582,1,37,0,19,2,1,0,14,0,14,494.2857142857143,6920,7.142857142857143,100.0,7,2.857142857142857,70.98895081646621,5.571428571428571,28.57142857142857
PRV53584,1,19,0,19,2,2,0,8,0,8,186.25,1490,10.0,80.0,6,0.0,66.21663244353182,4.0,37.5
PRV53585,1,8,0,19,2,1,0,4,0,4,125.0,500,0.0,0.0,4,0.0,74.55715263518138,3.0,25.0
PRV53586,1,11,0,19,1,1,0,3,0,3,53.333333333333336,160,6.666666666666667,20.0,3,0.3333333333333333,59.143965320556696,5.0,66.66666666666666
PRV53587,1,8,0,19,2,1,0,3,0,3,256.6666666666667,770,0.0,0.0,3,0.0,73.89733059548254,4.333333333333333,0.0
PRV53588,1,4,0,19,1,2,0,1,0,1,10.0,10,0.0,0.0,1,0.0,53.42368240930869,4.0,0.0
PRV53589,1,2,0,19,1,1,0,2,0,2,250.0,500,0.0,0.0,2,0.0,61.50444900752909,4.0,0.0
PRV53590,2,65,4,19,2,1,0,19,7,12,5201.0526315789475,98820,393.4736842105263,7476.0,18,1.631578947368421,76.48589646601101,5.0,47.368421052631575
PRV53591,1,48,7,19,1,1,0,6,6,0,11666.666666666666,70000,1068.0,6408.0,6,4.0,71.57335158567192,6.666666666666667,100.0
PRV53593,4,44,0,19,2,1,0,17,0,17,299.4117647058824,5090,4.117647058823529,70.0,11,1.2941176470588236,74.45198695494625,3.7058823529411766,0.0
PRV53594,1,194,0,19,2,1,0,101,0,101,291.7821782178218,29470,2.277227722772277,230.0,60,1.099009900990099,70.57786271440285,4.574257425742574,22.772277227722775
PRV53595,2,18,0,19,2,1,0,9,0,9,495.55555555555554,4460,0.0,0.0,9,4.444444444444445,76.73921971252567,5.555555555555555,11.11111111111111
PRV53596,1,6,0,19,1,2,0,4,0,4,205.0,820,0.0,0.0,4,1.25,85.30321697467488,6.75,0.0
PRV53597,2,42,6,19,1,1,0,6,6,0,6833.333333333333,41000,1068.0,6408.0,6,5.833333333333333,60.27789185489391,3.8333333333333335,100.0
PRV53598,2,48,6,19,1,1,0,8,8,0,8750.0,70000,1068.0,8544.0,8,3.375,68.05407255304586,5.125,100.0
PRV53599,3,27,2,19,1,2,0,3,3,0,7333.333333333333,22000,1068.0,3204.0,3,8.0,70.07620351357518,3.3333333333333335,100.0
PRV53600,1,10,1,19,1,2,0,1,1,0,4000.0,4000,1068.0,1068.0,1,2.0,76.42436687200548,4.0,100.0
PRV53601,1,11,3,19,1,1,0,2,2,0,3000.0,6000,1068.0,2136.0,2,6.0,64.72553045859,2.5,100.0
PRV53602,3,35,3,19,1,1,0,4,4,0,5250.0,21000,1068.0,4272.0,4,3.0,77.89869952087611,4.25,100.0
PRV53604,2,36,2,19,2,1,0,6,6,0,8500.0,51000,1068.0,6408.0,5,6.333333333333333,68.11590234998859,4.666666666666667,100.0
PRV53605,32,105,0,10,2,1,0,55,0,55,131.8181818181818,7250,0.18181818181818182,10.0,55,1.6363636363636365,72.2290336631199,4.109090909090909,30.909090909090907
PRV53606,46,150,0,10,2,1,0,76,0,76,154.60526315789474,11750,1.4473684210526316,110.0,74,1.1842105263157894,73.63456896862279,4.144736842105263,23.684210526315788
PRV53607,20,73,0,20,2,1,0,26,0,26,318.84615384615387,8290,5.769230769230769,150.0,26,2.6538461538461537,69.14694887590164,3.8846153846153846,19.230769230769234
PRV53608,103,355,0,10,2,1,0,199,0,199,252.71356783919597,50290,3.0653266331658293,610.0,176,0.9095477386934674,72.51496359277564,4.150753768844221,19.597989949748744
PRV53609,47,330,1,7,2,1,0,183,2,181,328.14207650273227,60050,13.311475409836065,2436.0,176,1.8907103825136613,73.34979035992265,4.316939890710382,22.404371584699454
PRV53611,16,89,0,10,2,1,0,36,0,36,400.27777777777777,14410,5.277777777777778,190.0,36,1.6944444444444444,70.43113544756255,4.722222222222222,25.0
PRV53612,13,109,5,10,2,1,0,46,6,40,677.8260869565217,31180,139.95652173913044,6438.0,46,0.6304347826086957,75.0149093830908,4.326086956521739,39.130434782608695
PRV53613,45,283,11,20,2,1,0,135,15,120,1247.037037037037,168350,119.70370370370371,16160.0,127,1.762962962962963,73.64652318300504,4.42962962962963,26.666666666666668
PRV53614,37,214,0,20,2,1,0,118,0,118,217.88135593220338,25710,4.067796610169491,480.0,104,2.2711864406779663,75.79155210617293,4.313559322033898,27.966101694915253
PRV53616,32,107,1,22,2,1,0,44,2,42,794.7727272727273,34970,53.09090909090909,2336.0,41,2.1363636363636362,73.37054321448572,4.636363636363637,20.454545454545457
PRV53617,41,187,0,7,2,1,0,83,0,83,403.3734939759036,33480,4.457831325301205,370.0,70,1.1204819277108433,73.51439433297872,4.156626506024097,16.867469879518072
PRV53618,145,450,5,10,2,1,0,236,12,224,490.08474576271186,115660,55.44915254237288,13086.0,203,1.8601694915254237,71.7698349168784,4.529661016949152,24.152542372881356
PRV53619,2,3,0,20,1,1,0,2,0,2,280.0,560,0.0,0.0,2,2.0,59.83572895277207,7.5,0.0
PRV53620,69,282,4,3,2,1,0,128,6,122,647.265625,82850,54.203125,6938.0,122,1.6875,73.13819729637235,4.3203125,25.78125
PRV53621,24,182,0,22,2,1,0,81,0,81,277.77777777777777,22500,2.2222222222222223,180.0,75,1.5308641975308641,73.04217473234128,4.8765432098765435,17.28395061728395
PRV53622,7,6,0,20,2,1,0,6,0,6,76.66666666666667,460,0.0,0.0,6,0.0,70.88113164499201,4.5,16.666666666666664
PRV53623,8,1063,0,20,2,1,1,894,0,894,274.5525727069351,245450,3.0425055928411635,2720.0,395,0.9194630872483222,72.94133067510684,4.0134228187919465,18.344519015659955
PRV53624,90,266,0,10,2,1,0,143,0,143,285.24475524475525,40790,2.167832167832168,310.0,140,1.3076923076923077,74.22753837538231,4.391608391608392,18.88111888111888
PRV53625,67,252,0,22,2,1,0,147,0,147,300.7482993197279,44210,2.7891156462585034,410.0,128,1.7210884353741496,73.72074853213017,4.2517006802721085,17.006802721088434
PRV53626,9,37,0,20,2,1,0,13,1,12,812.3076923076923,10560,82.15384615384616,1068.0,13,1.9230769230769231,76.14236824093088,6.3076923076923075,23.076923076923077
PRV53627,1,211,0,20,1,1,0,118,0,118,274.49152542372883,32390,0.6779661016949152,80.0,56,1.4915254237288136,71.04138099049872,4.203389830508475,22.88135593220339
PRV53628,46,354,7,10,2,1,0,202,4,198,409.8019801980198,82780,23.07920792079208,4662.0,178,1.4653465346534653,73.60612899072248,4.381188118811881,25.247524752475247
PRV53629,12,34,0,22,2,1,0,15,0,15,263.3333333333333,3950,6.0,90.0,15,0.13333333333333333,76.15660506502395,4.2,26.666666666666668
PRV53631,2,13,0,7,1,1,0,6,0,6,78.33333333333333,470,0.0,0.0,6,0.0,75.22153775952545,5.5,16.666666666666664
PRV53632,9,45,1,20,2,1,0,15,2,13,958.6666666666666,14380,142.4,2136.0,12,4.4,77.07707049965776,4.866666666666666,13.333333333333334
PRV53633,10,157,0,20,2,1,0,66,0,66,272.8787878787879,18010,7.575757575757576,500.0,48,1.696969696969697,76.38251094103249,4.2272727272727275,18.181818181818183
PRV53634,2,712,0,20,2,1,0,497,0,497,292.55533199195173,145400,1.8712273641851107,930.0,286,1.2937625754527162,74.6496060552225,4.3762575452716295,22.132796780684107
PRV53635,10,120,5,20,2,1,0,54,5,49,1678.888888888889,90660,102.5925925925926,5540.0,52,1.5185185185185186,70.17020305726672,4.37037037037037,27.77777777777778
PRV53638,11,229,0,20,1,1,0,111,0,111,342.7027027027027,38040,1.2612612612612613,140.0,54,1.8018018018018018,70.12395557775434,5.1441441441441444,12.612612612612612
PRV53640,25,80,0,20,2,1,0,33,0,33,171.5151515151515,5660,4.848484848484849,160.0,27,1.2727272727272727,72.50700018667165,4.121212121212121,15.151515151515152
PRV53641,1,22,0,20,1,1,0,8,0,8,267.5,2140,0.0,0.0,8,2.75,67.62286105407256,3.875,12.5
PRV53642,1,12,0,20,2,1,0,6,0,6,545.0,3270,11.666666666666666,70.0,6,1.3333333333333333,73.57015742642027,2.6666666666666665,0.0
PRV53643,1,2,0,20,1,1,0,1,0,1,200.0,200,0.0,0.0,1,0.0,68.82409308692677,9.0,100.0
PRV53644,4,61,0,20,2,1,0,22,0,22,210.9090909090909,4640,3.6363636363636362,80.0,17,0.7727272727272727,79.2836786758758,4.090909090909091,9.090909090909092
PRV53645,2,16,0,20,1,1,0,6,0,6,600.0,3600,0.0,0.0,6,0.6666666666666666,72.54848277435546,5.5,0.0
PRV53646,2,9,0,20,2,1,0,3,0,3,6.666666666666667,20,0.0,0.0,3,0.3333333333333333,78.88113164499201,4.333333333333333,33.33333333333333
PRV53647,2,18,0,20,2,1,0,7,0,7,87.14285714285714,610,0.0,0.0,5,0.0,80.5303608096216,3.857142857142857,28.57142857142857
PRV53648,4,35,0,20,1,1,0,20,0,20,527.0,10540,3.5,70.0,12,0.0,81.30896646132786,3.35,15.0
PRV53649,1,47,0,20,1,1,0,27,0,27,176.66666666666666,4770,7.037037037037037,190.0,24,1.6296296296296295,72.80776738408497,4.037037037037037,11.11111111111111
PRV53651,2,30,0,20,2,1,0,11,0,11,81.81818181818181,900,10.909090909090908,120.0,10,0.0,72.03633874681103,4.363636363636363,18.181818181818183
PRV53652,1,60,0,20,1,1,0,25,0,25,145.6,3640,0.0,0.0,24,0.0,71.97809719370294,4.56,16.0
PRV53654,1,88,0,20,2,1,0,39,0,39,308.71794871794873,12040,2.5641025641025643,100.0,35,0.8717948717948718,79.21142877200371,4.153846153846154,12.82051282051282
PRV53655,1,4,0,20,1,1,0,1,0,1,20.0,20,0.0,0.0,1,0.0,68.4271047227926,4.0,0.0
PRV53656,1,9,0,20,2,1,0,5,0,5,230.0,1150,16.0,80.0,5,0.0,66.96290212183436,3.4,0.0
PRV53657,1,59,0,20,2,1,0,25,0,25,114.0,2850,2.0,50.0,24,1.4,70.02381930184805,4.12,20.0
PRV53658,2,64,0,20,1,1,0,27,0,27,141.11111111111111,3810,0.0,0.0,22,0.8888888888888888,74.75133723730575,3.888888888888889,22.22222222222222
PRV53659,3,12,0,20,1,1,0,5,0,5,136.0,680,0.0,0.0,5,0.0,77.61149897330596,5.0,40.0
PRV53660,5,68,0,10,2,1,0,35,0,35,170.57142857142858,5970,10.0,350.0,34,0.6285714285714286,78.66799647990614,3.742857142857143,14.285714285714285
PRV53661,1,1,0,20,1,1,0,1,0,1,200.0,200,0.0,0.0,1,0.0,78.84188911704312,3.0,0.0
PRV53662,6,537,0,20,2,1,0,331,0,331,259.9093655589124,86030,1.933534743202417,640.0,140,1.43202416918429,71.71978800267168,4.580060422960725,19.939577039274926
PRV53663,3,163,0,20,1,1,0,76,0,76,260.6578947368421,19810,1.5789473684210527,120.0,55,0.8421052631578947,68.66695486148636,4.065789473684211,17.105263157894736
PRV53664,8,265,0,20,1,1,0,132,0,132,452.5,59730,0.15151515151515152,20.0,85,2.8333333333333335,73.56768921245308,5.0227272727272725,22.727272727272727
PRV53665,2,144,0,20,1,1,0,65,0,65,251.23076923076923,16330,1.8461538461538463,120.0,36,1.353846153846154,74.15300373821935,4.138461538461539,21.53846153846154
PRV53666,4,59,0,20,2,1,0,20,0,20,175.5,3510,0.0,0.0,19,2.5,74.89048596851471,3.4,25.0
PRV53667,6,60,7,20,2,1,0,9,9,0,17222.222222222223,155000,1068.0,9612.0,8,3.0,69.91771237356453,5.444444444444445,100.0
PRV53668,8,104,9,20,1,1,1,16,16,0,8825.0,141200,1068.0,17088.0,16,4.625,65.88244353182752,5.875,100.0
PRV53669,15,39,0,21,2,1,0,13,0,13,326.9230769230769,4250,0.7692307692307693,10.0,13,2.076923076923077,72.09877323224346,4.076923076923077,30.76923076923077
PRV53670,16,1299,0,21,2,1,1,1173,0,1173,274.89343563512364,322450,2.864450127877238,3360.0,788,1.4015345268542199,74.59274702947273,4.42455242966752,20.460358056265985
PRV53671,21,199,22,21,2,1,1,55,31,24,4610.727272727273,253590,593.5185185185185,32050.0,46,2.8,75.44262335884513,5.254545454545455,61.81818181818181
PRV53672,9,681,0,21,2,1,0,487,0,487,291.7043121149897,142060,2.0328542094455853,990.0,377,1.3285420944558521,74.00877855031644,4.521560574948666,18.480492813141684
PRV53673,24,117,11,21,2,1,0,36,14,22,5045.277777777777,181630,418.1111111111111,15052.0,36,3.5,73.4737242375846,4.333333333333333,61.111111111111114
PRV53674,12,696,0,21,2,1,0,496,0,496,309.53629032258067,153530,3.2056451612903225,1590.0,384,1.2358870967741935,75.59944028614957,4.772177419354839,20.362903225806452
PRV53675,104,585,43,21,2,1,0,297,76,221,2517.4410774410776,747680,270.04067796610167,79662.0,276,2.542087542087542,73.92069911987777,4.430976430976431,41.75084175084175
PRV53676,1,656,0,21,2,1,0,471,0,471,355.71125265392783,167540,2.208067940552017,1040.0,374,1.454352441613588,75.10579816924394,4.3354564755838645,21.86836518046709
PRV53677,53,843,38,21,2,1,1,562,63,499,1375.711743772242,773150,118.19285714285714,66188.0,172,1.6192170818505338,75.75845530653454,4.4911032028469755,29.8932384341637
PRV53678,1,4,0,21,2,1,0,3,0,3,40.0,120,0.0,0.0,3,0.0,74.62559890485967,2.3333333333333335,0.0
PRV53679,11,1015,0,21,2,1,0,826,0,826,342.6392251815981,283020,2.990314769975787,2470.0,667,1.3329297820823245,74.64643109880294,4.357142857142857,19.854721549636803
PRV53680,25,59,0,9,1,1,0,27,0,27,292.22222222222223,7890,0.7407407407407407,20.0,25,1.7407407407407407,75.5378102263797,4.62962962962963,25.925925925925924
PRV53681,34,84,0,51,2,1,0,31,0,31,321.61290322580646,9970,2.2580645161290325,70.0,26,2.5483870967741935,75.41180366960323,4.741935483870968,16.129032258064516
PRV53682,7,567,0,21,2,1,0,365,0,365,272.7945205479452,99570,3.6986301369863015,1350.0,130,1.8273972602739725,75.91838204269922,4.684931506849315,22.19178082191781
PRV53683,13,27,5,10,2,1,0,9,2,7,4144.444444444444,37300,237.33333333333334,2136.0,8,1.7777777777777777,74.35424747129059,3.6666666666666665,22.22222222222222
PRV53684,3,9,0,21,2,1,0,4,0,4,642.5,2570,0.0,0.0,4,1.25,72.11567419575633,3.75,0.0
PRV53685,20,96,0,51,2,1,0,45,0,45,394.8888888888889,17770,1.1111111111111112,50.0,29,1.8888888888888888,73.97161761350674,4.177777777777778,22.22222222222222
PRV53686,3,517,0,21,2,1,0,292,0,292,267.6027397260274,78140,3.184931506849315,930.0,232,1.2431506849315068,74.83390059351355,4.36986301369863,23.28767123287671
PRV53688,13,30,0,21,2,1,0,17,0,17,202.35294117647058,3440,5.882352941176471,100.0,15,1.2352941176470589,69.72371864556911,4.882352941176471,17.647058823529413
PRV53689,7,772,0,21,2,1,0,561,0,561,317.5222816399287,178130,3.7254901960784315,2090.0,383,1.6559714795008913,75.12187706269117,4.322638146167558,17.46880570409982
PRV53690,15,13,0,21,1,1,0,11,0,11,153.63636363636363,1690,0.0,0.0,9,0.0,73.63026569597412,4.090909090909091,9.090909090909092
PRV53692,54,599,67,21,2,1,1,244,146,98,5727.868852459016,1397600,626.0762711864406,147754.0,216,3.987704918032787,74.05225479965439,5.114754098360656,66.39344262295081
PRV53694,48,129,0,21,2,1,0,61,0,61,238.68852459016392,14560,4.918032786885246,300.0,61,1.5573770491803278,75.44022172103095,4.098360655737705,9.836065573770492
PRV53695,17,237,0,51,2,1,0,116,0,116,276.8965517241379,32120,5.689655172413793,660.0,78,1.6551724137931034,73.32578064150677,4.560344827586207,18.96551724137931
PRV53696,19,35,0,21,2,1,0,15,0,15,322.0,4830,6.666666666666667,100.0,15,2.0,67.67693360711841,4.933333333333334,20.0
PRV53697,55,365,39,21,2,1,0,114,71,43,7712.894736842105,879270,665.1578947368421,75828.0,100,3.7982456140350878,74.0841048548819,5.368421052631579,73.68421052631578
PRV53698,50,154,0,21,2,1,0,77,0,77,396.75324675324674,30550,3.116883116883117,240.0,72,2.6103896103896105,75.83665342186903,4.3896103896103895,22.07792207792208
PRV53699,9,591,1,21,2,1,0,361,2,359,362.797783933518,130970,8.105263157894736,2926.0,280,1.332409972299169,74.84433877301055,4.706371191135734,20.498614958448755
PRV53700,1,1080,0,21,2,1,0,913,0,913,241.31434830230012,220320,2.3877327491785323,2180.0,454,1.11829134720701,75.37833094558559,4.317634173055859,20.372398685651696
PRV53701,5,23,0,21,1,1,0,6,0,6,378.3333333333333,2270,13.333333333333334,80.0,6,3.3333333333333335,74.88751996349532,3.6666666666666665,16.666666666666664
PRV53702,8,1147,0,21,2,1,0,1010,0,1010,286.2079207920792,289070,3.0396039603960396,3070.0,729,1.4722772277227723,74.87014861650435,4.466336633663366,21.88118811881188
PRV53703,38,93,0,8,2,1,0,39,0,39,157.94871794871796,6160,0.0,0.0,39,0.38461538461538464,75.4536934660138,4.6923076923076925,20.51282051282051
PRV53704,9,47,0,21,2,1,0,15,0,15,196.66666666666666,2950,0.0,0.0,15,2.2,76.05767738991558,3.6666666666666665,46.666666666666664
PRV53705,46,135,3,21,2,1,0,57,4,53,849.4736842105264,48420,75.47368421052632,4302.0,57,1.2456140350877194,75.96051730970136,4.508771929824562,35.08771929824561
PRV53706,142,922,111,21,2,1,1,473,282,191,5987.188160676533,2831940,634.272921108742,297474.0,445,4.031712473572939,74.86453860991848,5.190274841437632,69.3446088794926
PRV53708,30,105,0,51,2,1,0,53,0,53,392.8301886792453,20820,1.8867924528301887,100.0,36,2.0754716981132075,74.84679658543516,5.188679245283019,32.075471698113205
PRV53709,2,193,0,21,2,1,0,99,0,99,255.65656565656565,25310,4.040404040404041,400.0,91,1.5151515151515151,75.42784449560631,4.656565656565657,26.262626262626267
PRV53710,46,676,36,21,2,1,0,385,58,327,1597.4025974025974,615000,162.33333333333334,62336.0,255,1.9766233766233767,75.06140785976515,4.355844155844156,34.80519480519481
PRV53712,67,614,84,21,2,1,1,237,161,76,7942.700421940928,1882420,725.0,171100.0,203,4.9451476793248945,74.1197087712306,4.877637130801688,72.9957805907173
PRV53713,22,78,0,21,2,1,0,31,0,31,140.0,4340,5.483870967741935,170.0,28,0.7741935483870968,73.45371045019981,3.774193548387097,22.58064516129032
PRV53714,1,248,0,21,1,1,0,144,0,144,307.7083333333333,44310,1.875,270.0,68,0.6736111111111112,73.61213780515628,5.194444444444445,22.22222222222222
PRV53715,3,50,0,21,1,1,0,24,0,24,297.5,7140,1.25,30.0,21,1.0416666666666667,67.76979237964865,3.5416666666666665,25.0
PRV53716,3,74,0,9,2,2,0,33,0,33,224.24242424242425,7400,5.151515151515151,170.0,30,1.0909090909090908,69.04154481156534,3.878787878787879,24.242424242424242
PRV53717,2,127,0,21,2,1,0,61,0,61,294.0983606557377,17940,0.0,0.0,37,2.622950819672131,73.12907171149337,4.327868852459017,21.311475409836063
PRV53718,1,2,0,21,1,1,0,1,0,1,200.0,200,0.0,0.0,1,0.0,71.66050650239562,5.0,0.0
PRV53719,1,12,0,21,1,1,0,5,0,5,154.0,770,0.0,0.0,5,0.2,66.42026009582477,2.4,20.0
PRV53720,1,124,0,9,2,1,0,55,0,55,249.0909090909091,13700,8.181818181818182,450.0,51,1.709090909090909,69.86283367556469,4.109090909090909,16.363636363636363
PRV53721,2,7,0,21,2,1,0,5,0,5,512.0,2560,0.0,0.0,5,0.0,67.74811772758385,5.4,0.0
PRV53722,4,16,0,21,2,1,0,6,0,6,166.66666666666666,1000,0.0,0.0,6,0.0,72.72689938398358,3.5,0.0
PRV53723,3,16,0,21,2,1,0,6,0,6,650.0,3900,0.0,0.0,6,0.0,80.7752680812229,5.833333333333333,0.0
PRV53724,3,4,0,21,1,1,0,2,0,2,60.0,120,0.0,0.0,2,10.0,81.20328542094455,6.0,0.0
PRV53725,1,3,0,21,2,1,0,1,0,1,0.0,0,0.0,0.0,1,0.0,80.21629021218344,5.0,0.0
PRV53726,2,28,0,21,2,1,0,16,0,16,231.875,3710,0.0,0.0,12,0.5,74.91872005475702,5.0625,12.5
PRV53727,3,53,0,21,1,1,0,20,0,20,361.5,7230,0.5,10.0,17,4.05,72.03613963039014,4.85,10.0
PRV53728,2,32,0,21,1,1,0,14,0,14,248.57142857142858,3480,0.0,0.0,14,0.0,71.7639581499951,4.214285714285714,14.285714285714285
PRV53729,2,13,0,21,2,2,0,3,0,3,633.3333333333334,1900,0.0,0.0,3,0.0,83.5482546201232,5.0,66.66666666666666
PRV53730,1,2,0,21,1,2,0,2,0,2,115.0,230,0.0,0.0,2,0.0,97.67556468172485,6.0,0.0
PRV53731,2,9,0,8,2,1,0,4,0,4,665.0,2660,0.0,0.0,4,0.0,75.83983572895278,5.75,0.0
PRV53732,1,36,0,21,1,1,0,15,0,15,210.0,3150,2.6666666666666665,40.0,15,0.8666666666666667,75.70303445128907,4.733333333333333,20.0
PRV53733,1,47,0,21,1,1,0,20,0,20,321.5,6430,1.0,20.0,19,1.05,73.87912388774812,3.05,20.0
PRV53734,1,4,0,21,1,1,0,1,0,1,20.0,20,0.0,0.0,1,0.0,61.620807665982205,7.0,0.0
PRV53735,2,6,0,21,1,1,0,3,0,3,270.0,810,0.0,0.0,3,0.0,66.82181154460416,3.0,33.33333333333333
PRV53740,3,104,0,21,2,1,0,47,0,47,258.29787234042556,12140,10.638297872340425,500.0,29,1.9148936170212767,70.96590793248576,4.148936170212766,12.76595744680851
PRV53741,4,20,0,21,2,1,0,7,0,7,341.42857142857144,2390,0.0,0.0,7,2.857142857142857,76.69072064143931,5.571428571428571,14.285714285714285
PRV53743,18,58,0,21,2,1,0,31,0,31,456.1290322580645,14140,3.870967741935484,120.0,31,1.2258064516129032,70.60122320107747,4.516129032258065,16.129032258064516
PRV53745,10,46,0,21,2,1,0,23,0,23,163.47826086956522,3760,3.4782608695652173,80.0,20,2.8260869565217392,76.37996607445764,4.043478260869565,30.434782608695656
PRV53746,3,37,5,21,2,1,0,6,6,0,5833.333333333333,35000,1068.0,6408.0,6,3.8333333333333335,73.12616929044033,5.166666666666667,100.0
PRV53749,33,205,11,22,2,1,1,69,24,45,3497.8260869565215,241350,361.2352941176471,24564.0,64,2.347826086956522,74.31566625995696,4.72463768115942,44.927536231884055
PRV53750,36,1355,1,22,2,1,0,1245,1,1244,283.9116465863454,353470,2.6329317269076307,3278.0,380,1.4923694779116465,73.99283870595318,4.485140562248996,20.481927710843372
PRV53751,11,47,0,22,1,1,0,22,0,22,412.27272727272725,9070,0.0,0.0,22,1.2272727272727273,71.5946736357414,3.590909090909091,18.181818181818183
PRV53752,29,84,0,22,2,1,0,35,0,35,338.2857142857143,11840,5.714285714285714,200.0,34,1.9142857142857144,75.92819008506893,4.4,25.71428571428571
PRV53754,10,36,0,22,1,1,0,9,0,9,281.1111111111111,2530,0.0,0.0,9,2.2222222222222223,76.73191877709331,5.222222222222222,22.22222222222222
PRV53755,12,54,0,22,2,1,0,20,0,20,102.5,2050,10.5,210.0,20,0.8,72.86598220396988,4.45,15.0
PRV53756,27,109,0,22,2,1,0,59,0,59,308.64406779661016,18210,1.3559322033898304,80.0,59,1.3728813559322033,70.84054339377487,4.728813559322034,20.33898305084746
PRV53757,28,132,1,22,2,1,0,56,1,55,664.8214285714286,37230,19.071428571428573,1068.0,54,2.8035714285714284,73.57871321013006,4.410714285714286,7.142857142857142
PRV53759,35,125,0,22,2,1,0,56,0,56,214.64285714285714,12020,2.3214285714285716,130.0,52,1.8392857142857142,75.27094944754083,4.535714285714286,30.357142857142854
PRV53761,30,98,0,10,2,1,0,38,0,38,262.63157894736844,9980,6.578947368421052,250.0,38,1.1842105263157894,70.13321805540545,4.026315789473684,15.789473684210526
PRV53762,103,958,42,22,2,1,1,618,84,534,1751.990291262136,1082730,144.6038961038961,89076.0,557,1.9514563106796117,74.13250223170282,4.624595469255663,30.906148867313917
PRV53763,2,253,37,22,1,1,1,58,58,0,12741.379310344828,739000,1068.0,59808.0,57,5.4655172413793105,73.54594160825131,5.741379310344827,100.0
PRV53764,31,91,0,22,2,1,0,39,1,38,317.6923076923077,12390,28.923076923076923,1128.0,38,1.4102564102564104,74.41394197862371,4.871794871794871,30.76923076923077
PRV53765,22,142,0,10,2,1,0,67,0,67,374.32835820895525,25080,1.3432835820895523,90.0,66,1.1791044776119404,74.38936733171923,4.388059701492537,20.8955223880597
PRV53766,22,72,0,22,2,1,0,30,0,30,162.0,4860,3.3333333333333335,100.0,29,0.2,73.936025553274,4.3,10.0
PRV53767,11,39,0,22,2,1,0,18,0,18,229.44444444444446,4130,7.777777777777778,140.0,18,2.2222222222222223,76.23362993383527,5.166666666666667,27.77777777777778
PRV53768,38,157,1,7,1,1,0,62,5,57,599.6774193548387,37180,75.44262295081967,4602.0,59,1.6129032258064515,69.14119803051379,4.274193548387097,25.806451612903224
PRV53769,205,745,73,22,2,1,1,377,132,245,4469.9734748010615,1685180,370.5401069518717,138582.0,354,3.3448275862068964,73.42588285702354,4.891246684350133,44.827586206896555
PRV53770,115,574,50,10,2,1,0,253,77,176,3357.786561264822,849520,323.484126984127,81518.0,239,2.675889328063241,74.33044127553546,4.454545454545454,41.10671936758894
PRV53771,32,101,0,22,2,1,0,51,0,51,423.72549019607845,21610,1.9607843137254901,100.0,50,1.0980392156862746,69.17834950544216,4.647058823529412,19.607843137254903
PRV53772,16,52,0,10,2,1,0,22,0,22,245.9090909090909,5410,0.0,0.0,22,0.13636363636363635,75.09215356853962,4.181818181818182,27.27272727272727
PRV53773,229,804,0,10,2,1,0,567,0,567,310.1058201058201,175830,2.998236331569665,1700.0,531,1.3368606701940036,73.82924647537926,4.340388007054674,19.753086419753085
PRV53774,92,480,30,10,2,1,0,224,50,174,2631.1160714285716,589370,233.44144144144144,51824.0,206,2.830357142857143,74.77787963234574,4.633928571428571,37.5
PRV53775,34,146,1,22,2,1,0,47,2,45,663.1914893617021,31170,51.40425531914894,2416.0,45,0.574468085106383,75.95211673729739,4.042553191489362,23.404255319148938
PRV53776,98,436,30,10,2,1,1,200,47,153,2859.8,571960,253.68,50736.0,191,2.185,74.23909650924024,4.46,39.5
PRV53779,32,114,0,7,2,1,0,49,0,49,253.6734693877551,12430,2.0408163265306123,100.0,48,2.326530612244898,70.43948092584056,4.0,18.367346938775512
PRV53780,20,63,0,10,1,1,0,26,0,26,195.3846153846154,5080,0.0,0.0,26,1.1153846153846154,73.75875322487232,4.538461538461538,15.384615384615385
PRV53781,288,736,46,33,2,1,1,393,79,314,2450.8651399491096,963190,217.02798982188295,85292.0,371,2.4376590330788805,73.43225125528369,4.681933842239186,36.1323155216285
PRV53782,24,123,0,54,2,1,0,53,0,53,336.22641509433964,17820,0.0,0.0,39,1.2264150943396226,71.09206668991257,3.8679245283018866,15.09433962264151
PRV53783,31,76,0,10,2,1,0,30,0,30,221.33333333333334,6640,0.0,0.0,30,1.5333333333333334,70.73438284280174,4.166666666666667,20.0
PRV53784,36,94,0,10,1,1,0,41,0,41,143.17073170731706,5870,5.121951219512195,210.0,38,1.1219512195121952,75.15627451962405,4.682926829268292,26.82926829268293
PRV53785,98,224,0,10,2,1,0,129,0,129,423.1007751937984,54580,3.10077519379845,400.0,124,0.8604651162790697,75.42509378200128,4.72093023255814,23.25581395348837
PRV53786,21,1493,24,22,2,1,1,1382,36,1346,517.9160636758321,715760,30.613603473227208,42308.0,538,1.4167872648335744,73.32039292715277,4.375542691751085,23.589001447178003
PRV53787,39,256,25,22,2,1,1,74,32,42,4101.081081081081,303480,461.8378378378378,34176.0,74,2.8378378378378377,70.62408198753168,5.121621621621622,56.75675675675676
PRV53788,10,55,0,22,2,1,0,18,0,18,194.44444444444446,3500,0.0,0.0,18,0.7777777777777778,73.87573199482851,4.444444444444445,22.22222222222222
PRV53790,292,788,25,22,2,1,1,493,44,449,1302.6977687626775,642230,97.48884381338742,48062.0,470,2.101419878296146,73.00795115185493,4.387423935091278,25.760649087221093
PRV53791,42,219,5,22,2,1,0,92,6,86,675.9782608695652,62190,73.1304347826087,6728.0,90,1.5,73.65913757700206,4.380434782608695,27.173913043478258
PRV53792,25,212,14,22,2,1,1,53,33,20,5141.698113207547,272510,665.9245283018868,35294.0,52,3.792452830188679,72.05527359136285,5.377358490566038,69.81132075471697
PRV53793,33,109,0,22,2,1,0,45,0,45,571.1111111111111,25700,0.8888888888888888,40.0,37,2.2444444444444445,76.00273785078713,4.911111111111111,22.22222222222222
PRV53794,119,303,0,10,2,1,0,167,0,167,285.2694610778443,47640,3.1736526946107784,530.0,160,1.0,73.35008832437794,4.263473053892215,16.766467065868262
PRV53796,16,58,0,10,2,1,0,28,0,28,212.85714285714286,5960,3.5714285714285716,100.0,27,1.6071428571428572,65.29598122616603,5.178571428571429,7.142857142857142
PRV53797,6,3024,2,22,2,1,1,4739,0,4739,275.0791306182739,1303600,2.958430048533446,14020.0,2020,1.2357037349651825,73.50768688149753,4.3363578814095805,20.53175775480059
PRV53798,18,104,0,22,2,1,0,38,0,38,411.05263157894734,15620,0.0,0.0,38,0.05263157894736842,72.99981987823769,4.947368421052632,31.57894736842105
PRV53799,321,997,8,10,2,1,0,753,14,739,406.95883134130145,306440,23.50863213811421,17702.0,676,1.4223107569721116,74.2489789870861,4.589641434262949,22.974767596281538
PRV53801,51,125,0,22,2,1,0,59,0,59,445.08474576271186,26260,2.3728813559322033,140.0,58,0.4915254237288136,74.26030464390537,3.9661016949152543,18.64406779661017
PRV53802,38,294,27,22,2,1,0,80,46,34,5748.375,459870,604.5128205128206,47152.0,76,3.9625,70.92960301163586,5.15,67.5
PRV53805,43,151,0,10,1,1,0,70,0,70,321.7142857142857,22520,2.0,140.0,69,0.5857142857142857,71.05641928229197,4.3,14.285714285714285
PRV53806,57,296,0,10,2,1,0,173,0,173,290.5780346820809,50270,3.179190751445087,550.0,161,2.2716763005780347,72.34848251059334,4.300578034682081,22.54335260115607
PRV53807,100,363,23,22,2,1,0,158,36,122,2373.6075949367087,375030,245.1139240506329,38728.0,155,1.981012658227848,73.75419991509197,4.80379746835443,37.9746835443038
PRV53808,177,899,78,22,2,1,1,493,195,298,3909.2292089249495,1927250,423.0121951219512,208122.0,468,3.1419878296146044,73.92295976664404,4.789046653144016,53.9553752535497
PRV53812,2,5,0,22,2,1,0,2,0,2,130.0,260,0.0,0.0,2,0.0,81.59069130732375,4.5,50.0
PRV53814,10,129,2,22,2,1,0,53,3,50,566.7924528301887,30040,61.20754716981132,3244.0,52,1.3584905660377358,76.82037374246121,4.830188679245283,26.41509433962264
PRV53815,2,26,0,22,2,1,0,11,0,11,163.63636363636363,1800,0.0,0.0,11,0.0,72.12345218094704,4.090909090909091,0.0
PRV53816,2,326,0,22,2,1,0,194,0,194,294.89690721649487,57210,4.948453608247423,960.0,177,1.4381443298969072,73.12545425037221,4.293814432989691,17.525773195876287
PRV53817,2,32,0,22,2,1,0,21,0,21,246.66666666666666,5180,0.0,0.0,21,1.8095238095238095,75.23014243342784,4.238095238095238,19.047619047619047
PRV53818,1,25,0,22,2,1,0,10,0,10,102.0,1020,0.0,0.0,9,2.0,73.78097193702942,4.4,20.0
PRV53819,1,106,0,22,1,1,0,53,0,53,338.3018867924528,17930,3.7735849056603774,200.0,40,1.6603773584905661,70.77328787467876,4.377358490566038,22.641509433962266
PRV53820,2,45,0,22,2,1,0,15,0,15,163.33333333333334,2450,2.6666666666666665,40.0,15,2.3333333333333335,73.2125028519279,4.333333333333333,13.333333333333334
PRV53821,1,25,0,22,1,1,0,10,0,10,107.0,1070,0.0,0.0,10,3.5,76.38275154004107,5.0,20.0
PRV53824,1,228,0,22,2,1,0,114,0,114,312.10526315789474,35580,3.0701754385964914,350.0,91,0.9035087719298246,74.76064219412324,4.649122807017544,19.298245614035086
PRV53827,1,22,0,22,1,1,0,9,0,9,314.44444444444446,2830,11.11111111111111,100.0,9,4.555555555555555,76.14419347478896,3.7777777777777777,55.55555555555556
PRV53828,1,71,0,22,2,1,0,28,0,28,223.57142857142858,6260,0.0,0.0,24,0.03571428571428571,72.72826830937713,4.714285714285714,21.428571428571427
PRV53829,2,30,0,47,1,1,0,16,0,16,369.375,5910,11.25,180.0,16,1.9375,72.40143737166325,3.0,25.0
PRV53831,2,187,0,22,2,1,0,83,0,83,331.9277108433735,27550,1.2048192771084338,100.0,71,1.4337349397590362,67.95256591045909,4.36144578313253,15.66265060240964
PRV53832,1,42,0,22,2,1,0,12,0,12,409.1666666666667,4910,0.0,0.0,12,2.0833333333333335,71.96828656171571,5.666666666666667,41.66666666666667
PRV53835,2,16,0,22,2,1,0,8,0,8,287.5,2300,0.0,0.0,8,3.5,68.66495550992471,3.0,0.0
PRV53836,1,124,0,22,2,1,0,49,0,49,223.87755102040816,10970,2.0408163265306123,100.0,44,0.42857142857142855,73.30947491933118,5.3061224489795915,28.57142857142857
PRV53837,2,34,0,22,2,1,0,13,0,13,191.53846153846155,2490,6.153846153846154,80.0,13,2.769230769230769,78.10856631390513,3.5384615384615383,30.76923076923077
PRV53838,2,353,0,22,2,1,0,194,0,194,297.9381443298969,57800,1.3917525773195876,270.0,148,0.8298969072164949,74.43799967540944,4.005154639175258,20.618556701030926
PRV53839,1,1,0,54,1,1,0,1,0,1,0.0,0,0.0,0.0,1,0.0,73.83709787816564,6.0,0.0
PRV53840,1,8,0,22,2,1,0,6,0,6,76.66666666666667,460,6.666666666666667,40.0,6,0.0,71.80835044490075,6.0,16.666666666666664
PRV53841,4,57,0,22,2,1,0,22,0,22,153.1818181818182,3370,4.545454545454546,100.0,19,0.0,76.10727397175036,4.636363636363637,9.090909090909092
PRV53842,1,19,0,22,1,1,0,7,0,7,344.2857142857143,2410,0.0,0.0,7,4.0,79.39493497604381,5.571428571428571,28.57142857142857
PRV53843,2,44,0,22,2,1,0,14,0,14,104.28571428571429,1460,0.7142857142857143,10.0,14,1.6428571428571428,82.65258629118999,4.5,14.285714285714285
PRV53844,1,126,0,22,2,1,0,53,0,53,149.24528301886792,7910,0.5660377358490566,30.0,40,0.6037735849056604,75.90897937571836,4.415094339622642,22.641509433962266
PRV53845,1,47,0,22,2,1,0,20,0,20,458.0,9160,17.0,340.0,18,0.4,76.41834360027379,4.65,25.0
PRV53846,1,20,0,7,2,1,0,12,0,12,220.0,2640,0.0,0.0,11,0.0,78.06890257814283,4.666666666666667,16.666666666666664
PRV53848,3,17,0,22,2,1,0,8,0,8,135.0,1080,0.0,0.0,8,0.0,78.06228610540725,2.75,12.5
PRV53849,1,44,0,22,2,1,0,21,0,21,139.52380952380952,2930,0.0,0.0,20,0.09523809523809523,80.86516084873375,4.428571428571429,23.809523809523807
PRV53850,1,45,0,22,1,1,0,10,0,10,172.0,1720,0.0,0.0,10,3.3,70.43066392881587,4.4,0.0
PRV53851,3,113,0,22,2,1,0,48,0,48,439.5833333333333,21100,3.3333333333333335,160.0,47,1.3541666666666667,71.11487565594342,3.5625,22.916666666666664
PRV53855,8,122,10,22,2,1,1,20,20,0,7050.0,141000,1068.0,21360.0,17,4.05,71.28323066392882,5.75,100.0
PRV53857,2,76,10,22,2,1,0,10,10,0,14000.0,140000,1068.0,10680.0,10,6.7,76.1160848733744,5.8,100.0
PRV53859,10,261,0,22,2,1,0,143,0,143,236.43356643356643,33810,4.125874125874126,590.0,134,1.944055944055944,71.57783489611005,4.265734265734266,16.083916083916083
PRV53860,2,2,0,22,1,2,0,1,0,1,100.0,100,0.0,0.0,1,0.0,63.2580424366872,7.0,100.0
PRV53861,3,12,1,22,1,1,0,2,2,0,5500.0,11000,1068.0,2136.0,2,6.0,60.876112251882276,2.0,100.0
PRV53862,3,37,5,22,2,1,0,6,4,2,8350.0,50100,712.0,4272.0,6,4.166666666666667,79.284964636094,4.833333333333333,83.33333333333334
PRV53864,1,9,0,22,1,1,0,2,0,2,230.0,460,0.0,0.0,2,0.5,84.22450376454483,3.5,50.0
PRV53865,1,39,3,22,2,1,0,6,6,0,10000.0,60000,1068.0,6408.0,6,5.166666666666667,77.7659137577002,3.8333333333333335,100.0
PRV53867,13,75,3,23,2,1,0,13,9,4,7174.615384615385,93270,739.3846153846154,9612.0,13,4.923076923076923,72.31948612646764,5.3076923076923075,76.92307692307693
PRV53868,30,108,11,23,2,1,0,28,10,18,5765.0,161420,384.2857142857143,10760.0,27,2.4642857142857144,73.09142466021316,4.964285714285714,46.42857142857143
PRV53871,6,1350,1,23,2,1,0,1220,0,1220,223.54918032786884,272730,2.69672131147541,3290.0,531,1.2254098360655739,72.87437304339043,4.573770491803279,20.245901639344265
PRV53872,27,451,6,23,1,1,0,231,9,222,738.008658008658,170480,43.6017316017316,10072.0,142,1.41991341991342,72.0848733744011,4.70995670995671,17.74891774891775
PRV53873,28,202,6,23,2,1,0,82,14,68,1422.560975609756,116650,185.5121951219512,15212.0,76,1.7439024390243902,76.66877013739337,4.585365853658536,30.48780487804878
PRV53874,18,771,0,23,2,1,0,524,0,524,285.4580152671756,149580,3.263358778625954,1710.0,416,1.4408396946564885,72.31960228014901,4.240458015267175,20.229007633587788
PRV53875,40,88,0,23,2,1,0,41,0,41,226.58536585365854,9290,0.7317073170731707,30.0,35,2.926829268292683,73.83729820871105,4.2682926829268295,17.073170731707318
PRV53876,8,260,0,23,2,1,0,125,0,125,250.48,31310,3.6,450.0,60,1.096,73.15473785078713,4.832,20.8
PRV53877,15,31,0,23,2,1,0,19,0,19,355.2631578947368,6750,0.5263157894736842,10.0,17,2.1578947368421053,74.04041932346267,4.2105263157894735,10.526315789473683
PRV53878,38,122,3,23,2,1,0,46,5,41,1058.0434782608695,48670,122.3913043478261,5630.0,40,2.6956521739130435,70.00440436865756,4.413043478260869,23.91304347826087
PRV53879,9,31,0,23,1,1,0,15,0,15,89.33333333333333,1340,0.0,0.0,15,0.0,75.89030344512891,4.266666666666667,20.0
PRV53880,18,121,0,23,2,1,0,61,0,61,324.42622950819674,19790,2.2950819672131146,140.0,46,0.9508196721311475,74.59507860100314,4.229508196721311,18.0327868852459
PRV53884,84,615,55,23,2,1,1,269,117,152,3866.059479553903,1039970,463.910447761194,124328.0,226,2.7843866171003717,73.36996353773068,4.736059479553903,55.01858736059479
PRV53885,18,54,6,23,2,1,0,12,6,6,4135.833333333333,49630,534.0,6408.0,12,2.8333333333333335,78.59525439196896,4.333333333333333,50.0
PRV53887,6,813,0,23,2,1,1,598,0,598,276.75585284280936,165500,1.6387959866220736,980.0,213,1.2692307692307692,71.54382278139086,4.306020066889632,19.732441471571907
PRV53888,31,147,0,52,2,1,0,70,0,70,277.2857142857143,19410,2.142857142857143,150.0,56,1.7428571428571429,73.86510218050259,4.5,18.571428571428573
PRV53889,151,380,6,23,2,1,0,195,9,186,505.02564102564105,98480,52.06153846153846,10152.0,187,1.1948717948717948,72.76671054248057,4.287179487179487,22.05128205128205
PRV53891,10,43,0,23,1,1,0,22,0,22,478.6363636363636,10530,4.545454545454546,100.0,22,1.7272727272727273,72.94530520813889,3.4545454545454546,22.727272727272727
PRV53892,48,252,8,23,2,1,0,119,8,111,1263.361344537815,150340,74.0672268907563,8814.0,115,1.2773109243697478,73.45025566694851,4.336134453781512,21.84873949579832
PRV53894,9,414,9,23,2,1,1,217,15,202,1235.3917050691243,268080,77.6958525345622,16860.0,97,1.7004608294930876,72.08809066449658,4.299539170506913,26.26728110599078
PRV53895,2,1375,0,23,2,1,1,1273,0,1273,315.30243519245874,401380,2.568735271013354,3270.0,576,1.6087981146897095,72.30411435742502,4.399057344854674,20.502749410840533
PRV53896,33,84,0,23,2,1,0,43,0,43,254.65116279069767,10950,3.255813953488372,140.0,38,1.1627906976744187,73.44730433121627,4.232558139534884,23.25581395348837
PRV53899,3,9,0,23,2,1,0,3,0,3,40.0,120,3.3333333333333335,10.0,3,0.0,61.34428473648186,6.0,0.0
PRV53900,10,985,0,23,2,1,1,789,0,789,255.83016476552598,201850,3.3840304182509504,2670.0,317,1.4955640050697085,73.74870589704952,4.58808618504436,19.64512040557668
PRV53901,15,38,0,23,2,1,0,14,0,14,385.7142857142857,5400,0.0,0.0,14,3.0,73.56820181871517,4.571428571428571,42.857142857142854
PRV53905,45,143,0,23,2,1,0,77,0,77,282.2077922077922,21730,2.857142857142857,220.0,72,1.4415584415584415,75.30181249277759,4.2727272727272725,15.584415584415584
PRV53906,6,16,0,14,2,1,0,4,0,4,120.0,480,0.0,0.0,4,0.75,72.56536618754278,3.25,25.0
PRV53907,85,246,0,33,2,1,0,126,0,126,364.76190476190476,45960,1.5873015873015872,200.0,120,0.8888888888888888,71.16139195810655,4.476190476190476,17.46031746031746
PRV53908,19,38,1,23,1,1,0,15,0,15,567.3333333333334,8510,4.0,60.0,15,4.2,63.962765229295,4.333333333333333,13.333333333333334
PRV53909,29,402,0,23,2,1,0,256,0,256,312.4609375,79990,0.78125,200.0,154,1.578125,73.80304585900069,4.83984375,25.390625
PRV53910,83,248,18,23,1,1,0,96,27,69,2869.5833333333335,275480,289.25531914893617,27190.0,91,3.1666666666666665,74.42824549395391,4.84375,42.70833333333333
PRV53911,64,783,13,23,2,1,1,536,14,522,698.6567164179105,374480,29.83582089552239,15992.0,201,2.074626865671642,74.09770960393107,4.802238805970149,18.65671641791045
PRV53912,44,115,0,15,1,1,0,66,0,66,254.84848484848484,16820,3.1818181818181817,210.0,61,2.0757575757575757,73.86476676415074,3.9242424242424243,15.151515151515152
PRV53913,62,279,1,23,2,1,0,131,0,131,276.1832061068702,36180,1.984732824427481,260.0,129,1.549618320610687,74.19211979664667,4.786259541984733,18.3206106870229
PRV53915,32,753,0,23,2,1,0,545,0,545,280.0,152600,2.770642201834862,1510.0,434,1.2256880733944955,73.05380127975685,4.332110091743119,20.91743119266055
PRV53916,4,341,0,23,2,1,0,192,0,192,224.89583333333334,43180,5.833333333333333,1120.0,109,0.9375,73.74192904403377,4.447916666666667,20.3125
PRV53917,37,384,9,23,2,1,0,200,7,193,611.0,122200,40.23,8046.0,106,1.795,74.33897330595482,4.39,27.0
PRV53918,24,2600,4,23,2,1,1,3588,0,3588,282.75083612040135,1014510,2.536231884057971,9100.0,1709,1.3255295429208473,73.07483611429689,4.367335562987737,20.819397993311036
PRV53919,11,74,7,23,2,1,1,24,6,18,2252.0833333333335,54050,274.9166666666667,6598.0,22,4.875,71.860141455624,4.25,29.166666666666668
PRV53920,25,388,1,23,2,1,0,221,3,218,432.6244343891403,95610,18.11764705882353,4004.0,118,1.2217194570135748,73.12155252244635,4.330316742081448,23.981900452488688
PRV53921,92,965,5,23,2,1,0,768,9,759,419.5703125,322230,14.520833333333334,11152.0,498,1.4036458333333333,73.07226072324892,4.31640625,21.354166666666664
PRV53922,29,130,0,23,2,1,0,55,0,55,246.0,13530,3.6363636363636362,200.0,51,1.7454545454545454,73.93317155124137,4.363636363636363,30.909090909090907
PRV53923,121,330,14,23,2,1,1,155,30,125,1744.516129032258,270400,207.48387096774192,32160.0,139,2.0451612903225804,72.02202645117131,4.316129032258065,34.83870967741935
PRV53924,3,5,0,10,1,3,0,1,0,1,0.0,0,0.0,0.0,1,2.0,44.41615331964408,3.0,0.0
PRV53925,34,205,12,23,1,1,0,61,20,41,2626.2295081967213,160200,351.8032786885246,21460.0,58,2.540983606557377,72.91888556008124,4.80327868852459,45.90163934426229
PRV53926,28,75,0,23,2,1,0,27,0,27,327.4074074074074,8840,4.444444444444445,120.0,26,0.7407407407407407,72.61216315562653,4.333333333333333,14.814814814814813
PRV53927,13,22,0,23,2,1,0,11,0,11,327.27272727272725,3600,0.0,0.0,11,1.9090909090909092,75.9828262086989,4.363636363636363,9.090909090909092
PRV53928,40,93,0,23,1,1,0,41,3,38,579.2682926829268,23750,80.34146341463415,3294.0,41,1.146341463414634,71.41002654379727,4.146341463414634,17.073170731707318
PRV53931,31,115,4,23,2,1,0,55,3,52,734.7272727272727,40410,61.70909090909091,3394.0,48,1.1272727272727272,74.92233215107959,3.8181818181818183,18.181818181818183
PRV53932,251,606,37,23,2,1,0,304,82,222,3026.7763157894738,920140,285.0331125827815,86080.0,283,2.335526315789474,72.78895133109982,4.6381578947368425,42.76315789473684
PRV53933,26,453,0,23,2,1,0,265,0,265,309.39622641509436,81990,1.8867924528301887,500.0,136,1.5320754716981133,74.23496442085417,4.935849056603773,22.264150943396228
PRV53934,77,227,0,23,2,1,0,122,0,122,274.59016393442624,33500,4.344262295081967,530.0,97,1.6721311475409837,75.2002333905589,4.491803278688525,27.86885245901639
PRV53935,12,30,0,23,1,1,0,12,0,12,450.8333333333333,5410,0.0,0.0,12,0.08333333333333333,72.91786447638604,4.833333333333333,33.33333333333333
PRV53937,36,132,15,23,1,1,1,38,17,21,5736.0526315789475,217970,478.8421052631579,18196.0,38,4.131578947368421,71.63622608883605,5.2631578947368425,55.26315789473685
PRV53938,23,368,54,23,2,1,1,111,82,29,5888.918918918919,653670,786.4363636363636,86508.0,89,3.954954954954955,75.7894074772925,5.666666666666667,78.37837837837837
PRV53939,25,515,5,23,1,1,0,304,6,298,636.3157894736842,193440,25.125,7638.0,178,1.2598684210526316,71.48015058179328,4.542763157894737,20.065789473684212
PRV53940,81,203,0,23,2,1,0,97,0,97,225.6701030927835,21890,3.402061855670103,330.0,93,1.6288659793814433,74.5557131466232,4.453608247422681,18.556701030927837
PRV53941,46,182,4,23,2,1,0,77,6,71,1067.012987012987,82160,84.12987012987013,6478.0,72,2.3636363636363638,72.61206965519081,4.571428571428571,28.57142857142857
PRV53942,16,92,7,23,1,1,0,25,8,17,3104.8,77620,347.36,8684.0,24,3.48,74.0547022587269,4.56,40.0
PRV53943,57,240,6,10,1,1,0,109,8,101,842.2018348623853,91800,80.58715596330275,8784.0,103,1.3394495412844036,74.64478897826675,4.495412844036697,30.275229357798167
PRV53944,2,205,0,23,2,1,0,104,0,104,209.03846153846155,21740,4.134615384615385,430.0,55,0.7884615384615384,70.44621702732586,4.538461538461538,20.192307692307693
PRV53945,27,116,0,10,2,1,0,49,0,49,312.2448979591837,15300,3.2653061224489797,160.0,47,1.6938775510204083,75.47399740183548,4.204081632653061,20.408163265306122
PRV53946,16,47,0,23,2,1,0,21,0,21,479.5238095238095,10070,4.761904761904762,100.0,21,0.14285714285714285,75.58384668035592,4.0,14.285714285714285
PRV53947,8,13,0,3,1,1,0,8,0,8,53.75,430,0.0,0.0,8,2.0,73.1047227926078,4.0,25.0
PRV53949,5,12,0,23,2,1,0,5,0,5,142.0,710,6.0,30.0,5,1.8,70.31676933607119,3.8,0.0
PRV53950,17,491,0,23,2,1,0,298,0,298,275.6040268456376,82130,2.651006711409396,790.0,235,2.0671140939597317,72.31546839757637,4.429530201342282,20.469798657718123
PRV53951,37,183,11,23,2,1,1,54,22,32,4141.111111111111,223620,436.22222222222223,23556.0,49,2.0555555555555554,75.17610971683524,4.833333333333333,44.44444444444444
PRV53952,14,29,0,23,2,1,0,15,0,15,305.3333333333333,4580,0.0,0.0,13,1.0,66.06981519507187,4.466666666666667,33.33333333333333
PRV53956,12,708,0,23,2,1,0,526,0,526,299.638783269962,157610,3.2129277566539924,1690.0,454,1.7395437262357414,72.89831174543193,4.29467680608365,20.15209125475285
PRV53957,8,41,0,23,1,1,0,15,0,15,442.6666666666667,6640,0.0,0.0,14,1.6,74.97221081451062,4.6,13.333333333333334
PRV53958,21,939,14,23,2,1,0,713,23,690,666.5638148667601,475260,35.26123595505618,25106.0,340,1.7994389901823282,71.0081108349581,4.4123422159887795,21.87938288920056
PRV53959,132,495,42,23,2,1,1,214,76,138,4190.794392523365,896830,373.35849056603774,79152.0,202,3.2009345794392523,71.6552482936409,4.5327102803738315,47.19626168224299
PRV53960,21,622,0,23,2,1,0,420,0,420,303.23809523809524,127360,2.4523809523809526,1030.0,115,1.7976190476190477,73.71624784068315,4.502380952380952,18.80952380952381
PRV53961,31,397,41,23,2,1,1,129,97,32,6290.387596899225,811460,803.65625,102868.0,124,4.209302325581396,74.5927446954141,5.178294573643411,79.06976744186046
PRV53963,39,95,1,23,1,1,0,39,4,35,1811.7948717948718,70660,110.05128205128206,4292.0,37,2.1025641025641026,74.82918268133874,4.6923076923076925,28.205128205128204
PRV53964,14,282,0,23,1,1,0,146,0,146,279.6575342465753,40830,1.5068493150684932,220.0,81,1.452054794520548,65.32480099012686,4.787671232876712,17.123287671232877
PRV53965,12,225,0,23,2,1,0,110,0,110,291.54545454545456,32070,1.5454545454545454,170.0,33,1.3909090909090909,72.32903988550805,4.918181818181818,18.181818181818183
PRV53966,3,7,0,23,1,1,0,2,0,2,250.0,500,0.0,0.0,2,0.0,65.99041752224502,3.5,0.0
PRV53967,1,5,0,3,1,1,0,2,0,2,50.0,100,0.0,0.0,2,0.0,79.42231348391513,4.0,0.0
PRV53968,9,75,0,23,2,1,0,32,0,32,206.25,6600,4.6875,150.0,30,2.0,72.28114305270363,4.375,21.875
PRV53969,16,252,0,23,2,1,0,118,0,118,305.0,35990,2.457627118644068,290.0,72,1.194915254237288,72.07807515168389,3.805084745762712,14.40677966101695
PRV53970,4,29,2,23,1,1,0,4,3,1,16300.0,65200,801.0,3204.0,4,3.0,79.38056125941137,5.0,75.0
PRV53971,4,194,0,23,2,1,0,102,0,102,217.7450980392157,22210,8.03921568627451,820.0,55,0.6666666666666666,74.1907369381702,3.9313725490196076,16.666666666666664
PRV53972,19,183,4,23,2,1,0,74,6,68,701.6216216216217,51920,88.89189189189189,6578.0,61,1.8918918918918919,70.83145568566513,4.95945945945946,25.675675675675674
PRV53973,13,292,0,23,2,1,0,170,0,170,265.47058823529414,45130,2.2941176470588234,390.0,84,1.723529411764706,73.05674598381447,4.347058823529411,15.294117647058824
PRV53974,14,127,0,23,2,1,0,67,0,67,193.28358208955223,12950,0.8955223880597015,60.0,59,1.2388059701492538,70.99112241666411,3.8955223880597014,22.388059701492537
PRV53975,10,148,0,23,1,1,0,70,0,70,162.71428571428572,11390,6.0,420.0,42,0.5857142857142857,74.52652781851961,4.085714285714285,22.857142857142858
PRV53977,2,125,0,23,2,1,0,65,0,65,340.3076923076923,22120,0.0,0.0,40,1.9230769230769231,72.62292423524457,4.123076923076923,20.0
PRV53978,1,1,0,23,2,1,0,1,0,1,100.0,100,0.0,0.0,1,0.0,85.66735112936345,2.0,0.0
PRV53979,19,163,0,23,2,1,0,77,0,77,339.87012987012986,26170,2.4675324675324677,190.0,38,1.0129870129870129,70.9827995413211,3.7012987012987013,19.480519480519483
PRV53980,11,56,0,23,2,1,0,22,0,22,169.54545454545453,3730,0.0,0.0,15,1.6363636363636365,72.86466305768154,4.7272727272727275,31.818181818181817
PRV53981,13,44,0,23,2,1,0,22,0,22,218.63636363636363,4810,0.0,0.0,22,0.045454545454545456,73.84531143052703,4.0,13.636363636363635
PRV53982,6,23,0,23,2,1,0,9,0,9,108.88888888888889,980,0.0,0.0,9,1.2222222222222223,67.3389611377291,5.111111111111111,22.22222222222222
PRV53983,8,53,0,23,2,1,0,24,0,24,266.6666666666667,6400,0.8333333333333334,20.0,23,0.08333333333333333,69.8952772073922,4.916666666666667,20.833333333333336
PRV53985,9,372,4,23,2,1,1,197,8,189,829.0862944162436,163330,46.263959390862944,9114.0,62,2.0964467005076144,71.85544981707126,4.563451776649746,22.33502538071066
PRV53986,14,132,6,23,2,1,0,45,11,34,2001.3333333333333,90060,264.1777777777778,11888.0,42,3.3777777777777778,75.34236824093087,4.666666666666667,40.0
PRV53988,25,73,0,23,2,1,0,32,0,32,198.75,6360,0.0,0.0,25,0.65625,79.2703627652293,4.65625,21.875
PRV53989,15,67,1,23,2,1,0,27,1,26,819.6296296296297,22130,42.51851851851852,1148.0,22,1.8148148148148149,77.44751185134484,4.185185185185185,22.22222222222222
PRV53990,24,223,4,23,2,1,0,99,5,94,639.89898989899,63350,55.95959595959596,5540.0,56,1.4646464646464648,74.78279025712291,4.5353535353535355,28.28282828282828
PRV53991,11,129,0,23,2,1,0,62,0,62,226.61290322580646,14050,2.5806451612903225,160.0,57,0.9838709677419355,72.60546245390917,4.32258064516129,19.35483870967742
PRV53992,2,434,0,23,2,1,0,244,0,244,359.0983606557377,87620,1.9672131147540983,480.0,101,1.6475409836065573,77.04480425488941,4.651639344262295,16.80327868852459
PRV53993,17,360,0,23,2,1,0,201,0,201,267.5124378109453,53770,2.7860696517412937,560.0,107,1.7313432835820894,72.17445966607755,4.736318407960199,13.930348258706468
PRV53994,2,343,0,23,2,1,0,174,0,174,264.367816091954,46000,2.586206896551724,450.0,62,1.0747126436781609,78.15792993304854,4.448275862068965,24.71264367816092
PRV53995,5,11,0,23,1,1,0,3,0,3,146.66666666666666,440,0.0,0.0,3,0.3333333333333333,76.29842573579741,2.0,0.0
PRV53996,5,21,1,23,2,1,0,5,2,3,2278.0,11390,427.2,2136.0,5,2.0,73.9811088295688,5.0,40.0
PRV53997,2,317,0,23,2,1,0,172,0,172,408.3139534883721,70230,1.802325581395349,310.0,95,2.308139534883721,72.90161246677172,4.872093023255814,23.25581395348837
PRV53999,1,1,0,23,1,1,0,1,0,1,60.0,60,0.0,0.0,1,0.0,65.25667351129364,3.0,0.0
PRV54000,5,364,0,23,2,1,0,206,0,206,204.95145631067962,42220,3.1553398058252426,650.0,95,0.8058252427184466,76.22135390708586,4.441747572815534,23.78640776699029
PRV54001,6,57,5,23,2,1,0,8,8,0,7625.0,61000,1068.0,8544.0,8,4.875,68.35934291581108,5.625,100.0
PRV54002,4,26,0,23,2,1,0,11,0,11,187.27272727272728,2060,0.0,0.0,11,1.8181818181818181,73.68328044303404,4.363636363636363,18.181818181818183
PRV54004,1,21,0,23,2,1,0,8,0,8,136.25,1090,0.0,0.0,8,0.875,75.90622861054072,2.875,37.5
PRV54005,2,16,0,23,2,1,0,8,0,8,225.0,1800,2.5,20.0,8,2.5,74.14647501711157,5.375,25.0
PRV54006,1,3,0,23,1,1,0,1,0,1,90.0,90,0.0,0.0,1,0.0,79.4715947980835,7.0,100.0
PRV54007,2,8,0,23,2,1,0,5,0,5,280.0,1400,8.0,40.0,5,2.8,78.38904859685147,3.4,20.0
PRV54008,2,110,0,23,2,1,0,50,0,50,257.2,12860,5.2,260.0,41,1.68,74.49949349760438,4.5,22.0
PRV54009,1,2,0,23,1,1,0,1,0,1,40.0,40,0.0,0.0,1,0.0,69.24845995893224,3.0,0.0
PRV54011,2,2,0,23,2,1,0,2,0,2,35.0,70,0.0,0.0,2,0.0,69.63723477070499,4.0,0.0
PRV54012,2,25,0,23,2,1,0,8,0,8,475.0,3800,0.0,0.0,8,0.0,65.74640657084188,4.75,25.0
PRV54013,1,9,0,23,2,1,0,1,0,1,100.0,100,0.0,0.0,1,0.0,70.76796714579055,6.0,0.0
PRV54014,2,4,0,23,1,1,0,2,0,2,205.0,410,0.0,0.0,2,0.0,88.31485284052019,5.0,0.0
PRV54016,2,15,0,23,1,1,0,4,0,4,160.0,640,20.0,80.0,4,1.75,77.39082819986311,3.0,25.0
PRV54017,2,31,0,23,1,1,0,13,0,13,200.76923076923077,2610,0.0,0.0,13,0.5384615384615384,67.5316169114937,3.6923076923076925,15.384615384615385
PRV54019,2,10,0,23,2,1,0,4,0,4,225.0,900,0.0,0.0,4,0.0,71.35660506502396,2.0,50.0
PRV54020,1,27,0,23,1,1,0,7,0,7,292.85714285714283,2050,5.714285714285714,40.0,6,5.285714285714286,67.70235650728463,3.2857142857142856,28.57142857142857
PRV54021,2,35,0,23,1,1,0,20,0,20,99.0,1980,9.5,190.0,19,0.0,76.21533196440794,4.6,25.0
PRV54023,1,37,0,23,1,1,0,18,0,18,114.44444444444444,2060,0.0,0.0,14,0.0,77.55312191041145,4.055555555555555,16.666666666666664
PRV54024,2,82,0,23,2,1,0,38,0,38,470.2631578947368,17870,1.0526315789473684,40.0,32,3.4473684210526314,69.78781656399727,4.315789473684211,21.052631578947366
PRV54025,1,52,0,23,2,1,0,20,0,20,449.0,8980,5.0,100.0,18,2.0,69.25927446954141,4.75,25.0
PRV54026,2,4,0,23,2,1,0,3,0,3,806.6666666666666,2420,16.666666666666668,50.0,3,0.0,75.25347935204198,3.3333333333333335,0.0
PRV54027,2,30,0,23,2,1,0,14,0,14,99.28571428571429,1390,0.0,0.0,8,1.0,74.11968319155177,4.5,14.285714285714285
PRV54028,3,20,0,23,1,1,0,6,0,6,120.0,720,0.0,0.0,6,0.0,68.50513347022587,4.333333333333333,16.666666666666664
PRV54029,1,4,0,23,1,1,0,2,0,2,160.0,320,0.0,0.0,2,0.0,75.16084873374402,3.5,0.0
PRV54030,2,43,0,23,2,1,0,14,0,14,201.42857142857142,2820,0.0,0.0,14,2.0,68.922069032952,4.785714285714286,14.285714285714285
PRV54031,2,10,0,23,2,1,0,5,0,5,454.0,2270,20.0,100.0,5,0.2,72.68227241615332,3.4,40.0
PRV54033,1,2,0,23,1,1,0,1,0,1,30.0,30,0.0,0.0,1,0.0,54.217659137577,5.0,0.0
PRV54034,1,2,0,23,1,2,0,1,0,1,70.0,70,100.0,100.0,1,0.0,80.73100616016427,3.0,0.0
PRV54036,3,187,0,23,2,1,0,100,0,100,258.9,25890,3.4,340.0,97,1.06,71.657659137577,4.42,18.0
PRV54037,4,62,0,23,2,1,0,17,0,17,618.2352941176471,10510,0.0,0.0,16,1.5294117647058822,68.33691669686355,5.294117647058823,52.94117647058824
PRV54038,2,39,0,23,1,1,0,19,0,19,307.36842105263156,5840,4.2105263157894735,80.0,15,2.4210526315789473,80.52177672106343,5.842105263157895,26.31578947368421
PRV54039,1,57,0,23,2,1,0,28,0,28,170.35714285714286,4770,1.7857142857142858,50.0,18,0.14285714285714285,75.71233010658061,5.535714285714286,21.428571428571427
PRV54040,1,9,0,23,2,1,0,2,0,2,125.0,250,0.0,0.0,2,0.0,65.9876796714579,4.0,50.0
PRV54041,5,130,0,23,1,1,0,65,0,65,543.5384615384615,35330,3.076923076923077,200.0,32,2.4153846153846152,77.08296740904544,5.323076923076923,20.0
PRV54043,1,6,0,23,2,1,0,3,0,3,1846.6666666666667,5540,0.0,0.0,3,12.666666666666666,69.63997262149213,5.0,0.0
PRV54044,7,14,0,23,2,1,0,6,0,6,136.66666666666666,820,0.0,0.0,6,0.0,73.1708875199635,4.333333333333333,16.666666666666664
PRV54045,1,10,0,23,1,1,0,3,0,3,80.0,240,0.0,0.0,2,6.333333333333333,61.81793292265572,3.3333333333333335,0.0
PRV54046,2,1,0,23,2,1,0,1,0,1,0.0,0,0.0,0.0,1,20.0,77.60438056125942,5.0,0.0
PRV54048,1,9,0,23,2,1,0,4,0,4,207.5,830,0.0,0.0,4,0.0,74.5763175906913,3.25,0.0
PRV54049,5,261,0,23,2,1,0,132,0,132,262.1212121212121,34600,2.5,330.0,37,1.1818181818181819,70.44201771306494,4.393939393939394,25.0
PRV54050,1,3,0,23,2,1,0,1,0,1,500.0,500,0.0,0.0,1,2.0,84.41615331964408,2.0,0.0
PRV54051,2,36,4,23,2,1,0,5,5,0,7600.0,38000,1068.0,5340.0,5,4.2,76.22450376454483,5.0,100.0
PRV54052,2,48,5,23,1,1,0,6,6,0,12500.0,75000,1068.0,6408.0,6,8.333333333333334,76.36276522929501,4.166666666666667,100.0
PRV54053,2,1,0,23,1,1,0,1,0,1,10.0,10,0.0,0.0,1,0.0,83.97809719370294,1.0,0.0
PRV54054,1,9,0,23,2,1,0,1,1,0,5000.0,5000,1068.0,1068.0,1,5.0,83.21971252566735,10.0,100.0
PRV54055,5,131,13,23,2,1,0,25,25,0,8560.0,214000,1068.0,25632.0,25,3.6,74.65932922655716,5.96,100.0
PRV54056,3,129,15,23,1,1,1,21,21,0,9380.952380952382,197000,1068.0,20292.0,15,5.142857142857143,69.50503568984061,6.190476190476191,100.0
PRV54057,1,4,0,23,2,1,0,1,0,1,0.0,0,0.0,0.0,1,0.0,72.74469541409994,3.0,0.0
PRV54058,3,176,16,23,2,1,0,35,35,0,8114.285714285715,284000,1068.0,37380.0,34,6.571428571428571,67.6519800528014,6.114285714285714,100.0
PRV54059,7,107,12,23,2,1,0,18,18,0,9555.555555555555,172000,1068.0,19224.0,18,5.5,69.72241235074911,5.111111111111111,100.0
PRV54060,3,103,10,23,2,1,0,16,16,0,10250.0,164000,1068.0,17088.0,16,5.875,70.13090349075975,5.3125,100.0
PRV54061,12,40,3,24,2,1,0,11,4,7,2770.0,30470,389.27272727272725,4282.0,10,4.545454545454546,69.3813701698712,5.636363636363637,54.54545454545454
PRV54062,7,39,0,16,1,1,0,11,2,9,1611.8181818181818,17730,198.72727272727272,2186.0,10,2.0,78.31497728828323,5.2727272727272725,36.36363636363637
PRV54063,15,49,0,52,1,1,0,17,1,16,507.05882352941177,8620,65.76470588235294,1118.0,13,1.1176470588235294,72.91862946410596,3.588235294117647,17.647058823529413
PRV54064,15,284,14,24,2,1,0,122,16,106,1821.311475409836,222200,146.70491803278688,17898.0,72,3.377049180327869,76.47544349816542,4.89344262295082,30.327868852459016
PRV54065,24,264,18,24,1,1,1,94,24,70,2730.0,256620,273.8510638297872,25742.0,71,3.25531914893617,71.37163411828098,4.5,39.361702127659576
PRV54066,12,278,0,24,2,1,0,148,0,148,281.8243243243243,41710,4.864864864864865,720.0,110,1.777027027027027,73.3320569028988,4.581081081081081,20.27027027027027
PRV54068,7,23,0,24,1,1,0,7,0,7,81.42857142857143,570,0.0,0.0,7,0.0,72.51628043414492,5.142857142857143,42.857142857142854
PRV54070,282,1490,0,24,2,1,1,1467,0,1467,268.56850715746424,393990,2.576687116564417,3780.0,1177,1.3340149965916837,73.88921595661243,4.246762099522836,19.972733469665986
PRV54071,33,622,4,24,2,1,0,436,8,428,525.2752293577981,229020,21.75229357798165,9484.0,325,2.415137614678899,73.59627375996082,4.293577981651376,18.11926605504587
PRV54072,16,101,3,24,2,1,0,30,6,24,3521.3333333333335,105640,213.6,6408.0,26,2.9,68.93616244581337,4.433333333333334,40.0
PRV54073,24,115,6,24,2,1,0,44,7,37,2645.2272727272725,116390,173.0909090909091,7616.0,28,1.5227272727272727,73.34926264700393,4.5,29.545454545454547
PRV54074,100,283,20,24,2,1,1,113,23,90,3034.424778761062,342890,212.64285714285714,23816.0,109,2.3185840707964602,74.05874264808321,4.628318584070796,36.283185840707965
PRV54075,55,1537,21,24,2,1,1,1519,32,1487,459.1968400263331,697520,24.88010540184453,37768.0,910,1.532587228439763,74.1346061906249,4.264647794601712,21.658986175115206
PRV54076,36,150,7,24,2,1,0,52,9,43,1768.6538461538462,91970,187.53846153846155,9752.0,50,1.8653846153846154,73.35149792028642,3.8461538461538463,28.846153846153843
PRV54077,25,264,29,24,2,1,1,76,52,24,7070.0,537320,721.6216216216217,53400.0,70,5.578947368421052,72.75031521308404,5.092105263157895,72.36842105263158
PRV54078,90,298,10,24,1,1,0,119,20,99,1801.5126050420167,214380,176.45762711864407,20822.0,109,3.0504201680672267,70.32625288308341,4.369747899159663,27.73109243697479
PRV54080,5,802,1,24,2,1,0,573,0,573,307.80104712041884,176370,2.181500872600349,1250.0,261,1.5340314136125655,73.81998272717173,4.630017452006981,19.895287958115183
PRV54081,11,80,10,24,2,1,0,14,11,3,9657.142857142857,135200,839.1428571428571,11748.0,13,3.9285714285714284,74.39855285029823,4.0,78.57142857142857
PRV54082,16,42,4,24,2,1,0,11,5,6,3222.7272727272725,35450,485.45454545454544,5340.0,11,2.6363636363636362,76.68844502520068,4.909090909090909,54.54545454545454
PRV54083,16,484,5,24,2,1,0,279,8,271,479.4982078853047,133780,33.562724014336915,9364.0,173,1.6129032258064515,74.52141337866979,4.265232974910394,24.731182795698924
PRV54084,58,125,7,24,2,1,0,49,8,41,1679.795918367347,82310,176.81632653061226,8664.0,43,1.7755102040816326,71.18406459092877,4.326530612244898,38.775510204081634
PRV54085,214,509,37,24,2,1,0,234,58,176,2573.119658119658,602110,267.1111111111111,62504.0,197,2.3290598290598292,72.66757928359571,4.089743589743589,40.17094017094017
PRV54086,43,144,0,52,2,1,0,66,0,66,190.15151515151516,12550,4.242424242424242,280.0,60,1.4090909090909092,77.48453736544086,4.0606060606060606,18.181818181818183
PRV54089,34,149,5,24,2,1,0,41,7,34,2225.121951219512,91230,189.17073170731706,7756.0,41,2.8048780487804876,70.95587719737567,4.609756097560975,41.46341463414634
PRV54090,21,395,16,24,2,1,0,190,32,158,1688.1052631578948,320740,183.03157894736842,34776.0,123,2.2473684210526317,75.09952087611225,4.510526315789473,37.89473684210527
PRV54091,4,217,0,24,2,1,0,112,0,112,203.75,22820,1.1607142857142858,130.0,76,1.4732142857142858,77.91268211596754,3.9732142857142856,16.071428571428573
PRV54092,184,676,0,24,2,1,0,481,0,481,294.28274428274426,141550,3.6590436590436592,1760.0,401,1.3513513513513513,74.0847282284654,4.3118503118503115,20.582120582120584
PRV54093,95,275,24,24,2,1,1,89,41,48,5786.29213483146,514980,487.5,42900.0,86,3.5842696629213484,73.43949426666359,4.707865168539326,59.55056179775281
PRV54096,5,18,0,24,2,1,0,7,0,7,131.42857142857142,920,0.0,0.0,7,0.0,65.6290212183436,3.857142857142857,28.57142857142857
PRV54098,27,435,4,24,2,1,1,256,9,247,470.3125,120400,35.46666666666667,9044.0,96,1.25,75.38017624914443,4.20703125,23.046875
PRV54099,13,384,7,24,2,1,0,217,14,203,865.7142857142857,187860,71.80645161290323,15582.0,97,1.3410138248847927,73.48052120099547,3.9953917050691246,22.119815668202765
PRV54101,34,98,7,24,2,1,0,29,11,18,2268.6206896551726,65790,405.1034482758621,11748.0,28,2.5517241379310347,75.00587693832755,5.0,51.724137931034484
PRV54102,16,111,4,24,1,1,0,23,9,14,4379.130434782609,100720,390.6363636363636,8594.0,18,2.347826086956522,74.60917180013689,4.565217391304348,56.52173913043478
PRV54103,8,343,4,24,1,1,1,187,8,179,561.1229946524064,104930,47.24064171122995,8834.0,82,0.8021390374331551,71.13855794324449,3.9411764705882355,21.390374331550802
PRV54106,32,109,6,24,2,1,0,39,5,34,1792.5641025641025,69910,140.51282051282053,5480.0,37,2.3846153846153846,71.08710226574702,4.256410256410256,23.076923076923077
PRV54107,89,269,0,3,2,1,0,147,0,147,299.86394557823127,44080,1.4965986394557824,220.0,129,1.163265306122449,72.53959872792376,3.9659863945578233,18.367346938775512
PRV54109,2,35,0,24,1,1,0,16,0,16,309.375,4950,1.875,30.0,14,4.125,76.09034907597535,4.375,37.5
PRV54110,9,9,0,24,1,1,0,7,0,7,64.28571428571429,450,2.857142857142857,20.0,7,2.857142857142857,73.73071281900852,4.428571428571429,42.857142857142854
PRV54111,28,524,28,24,2,1,1,249,54,195,2369.4779116465866,590000,233.7429718875502,58202.0,176,1.7429718875502007,74.01827982704259,4.2730923694779115,38.152610441767074
PRV54112,12,69,0,43,2,1,0,31,0,31,212.58064516129033,6590,1.2903225806451613,40.0,18,1.5483870967741935,67.27932701861297,3.903225806451613,25.806451612903224
PRV54113,1,2,0,3,1,1,0,1,0,1,60.0,60,0.0,0.0,1,0.0,77.87816563997262,2.0,0.0
PRV54114,7,45,3,24,2,1,0,11,3,8,2071.818181818182,22790,304.0,3344.0,9,3.5454545454545454,68.83728454981022,4.181818181818182,63.63636363636363
PRV54115,3,12,0,24,2,1,0,4,0,4,42.5,170,0.0,0.0,4,0.0,76.3305954825462,4.75,0.0
PRV54116,2,40,0,24,2,1,0,16,0,16,80.0,1280,0.625,10.0,4,1.25,58.95277207392197,6.1875,18.75
PRV54117,5,9,0,24,1,1,0,6,0,6,53.333333333333336,320,0.0,0.0,6,0.0,78.18297969427333,4.0,50.0
PRV54118,6,16,0,24,1,1,0,8,0,8,58.75,470,12.5,100.0,8,2.5,77.22039698836413,3.5,0.0
PRV54119,12,39,0,24,2,1,0,14,0,14,141.42857142857142,1980,4.285714285714286,60.0,12,0.0,74.6465239073042,5.285714285714286,7.142857142857142
PRV54120,2,11,0,52,1,1,0,2,0,2,500.0,1000,0.0,0.0,2,0.0,68.54620123203284,4.0,50.0
PRV54121,5,120,0,24,2,1,0,48,0,48,320.2083333333333,15370,2.9166666666666665,140.0,19,1.5,79.10614875655943,4.541666666666667,25.0
PRV54122,5,9,0,24,2,1,0,4,0,4,127.5,510,0.0,0.0,4,0.0,84.94934976043805,3.75,25.0
PRV54123,2,6,0,24,1,1,0,2,0,2,55.0,110,30.0,60.0,2,0.0,75.83162217659138,6.0,0.0
PRV54124,6,15,0,24,1,1,0,5,0,5,140.0,700,0.0,0.0,5,0.0,67.33141683778234,3.4,40.0
PRV54125,5,30,0,24,2,1,0,11,0,11,652.7272727272727,7180,0.0,0.0,10,2.909090909090909,77.00404455229918,5.454545454545454,18.181818181818183
PRV54127,10,51,0,24,1,1,0,28,0,28,325.0,9100,0.0,0.0,25,2.5714285714285716,72.95414099931554,4.714285714285714,17.857142857142858
PRV54128,9,68,0,24,1,1,0,27,0,27,386.6666666666667,10440,0.0,0.0,9,1.8148148148148149,70.43283392906939,3.888888888888889,25.925925925925924
PRV54129,5,9,0,24,2,1,0,5,0,5,624.0,3120,0.0,0.0,5,0.0,78.53360711841205,4.2,60.0
PRV54130,16,140,0,24,1,1,0,64,0,64,143.90625,9210,3.4375,220.0,36,1.359375,74.61400581793292,5.0,26.5625
PRV54131,8,63,0,24,2,1,0,24,0,24,167.08333333333334,4010,0.4166666666666667,10.0,12,0.2916666666666667,74.88911704312115,4.083333333333333,20.833333333333336
PRV54132,4,18,0,24,2,1,0,5,0,5,106.0,530,0.0,0.0,5,0.0,64.13141683778234,2.0,20.0
PRV54133,8,63,0,24,1,1,0,25,0,25,142.4,3560,0.0,0.0,24,0.08,75.77954825462012,4.0,32.0
PRV54134,28,108,1,24,2,1,0,44,2,42,619.3181818181819,27250,50.13636363636363,2206.0,36,0.3409090909090909,75.07553979217224,4.340909090909091,20.454545454545457
PRV54135,2,12,0,24,2,3,0,3,0,3,86.66666666666667,260,0.0,0.0,2,7.0,47.964407939767284,3.3333333333333335,0.0
PRV54136,7,60,0,24,2,1,0,30,0,30,252.33333333333334,7570,4.0,120.0,16,1.3666666666666667,71.50627424138719,4.466666666666667,16.666666666666664
PRV54139,13,213,3,24,2,1,0,99,5,94,621.010101010101,61480,55.75757575757576,5520.0,52,1.0808080808080809,68.82282095423778,4.353535353535354,24.242424242424242
PRV54140,4,14,0,24,2,1,0,6,0,6,38.333333333333336,230,0.0,0.0,6,0.0,71.32785763175907,5.5,0.0
PRV54141,11,52,0,24,1,1,0,31,0,31,293.5483870967742,9100,0.3225806451612903,10.0,11,1.3870967741935485,74.48508533704268,4.419354838709677,22.58064516129032
PRV54142,15,72,0,24,1,1,0,28,0,28,355.0,9940,3.5714285714285716,100.0,7,1.9285714285714286,71.11479417228904,6.285714285714286,17.857142857142858
PRV54144,11,461,0,24,2,1,1,294,0,294,248.74149659863946,73130,2.82312925170068,830.0,103,1.3503401360544218,73.58503866981427,4.479591836734694,22.448979591836736
PRV54145,8,13,0,24,1,1,0,6,0,6,1053.3333333333333,6320,3.3333333333333335,20.0,5,3.5,76.1866301619895,4.666666666666667,33.33333333333333
PRV54146,3,8,0,43,2,1,0,5,0,5,48.0,240,0.0,0.0,3,0.0,80.26338124572212,2.4,20.0
PRV54148,1,1,0,24,1,1,0,1,0,1,90.0,90,0.0,0.0,1,0.0,77.34154688569473,5.0,0.0
PRV54149,15,54,0,24,2,1,1,16,5,11,2168.75,34700,333.75,5340.0,14,1.25,70.79808350444901,3.75,43.75
PRV54150,6,64,0,24,2,1,0,25,0,25,440.8,11020,6.8,170.0,24,0.8,73.45577002053388,5.16,8.0
PRV54153,8,47,4,24,1,1,0,14,3,11,2957.8571428571427,41410,228.85714285714286,3204.0,11,2.642857142857143,70.32834653368533,4.571428571428571,42.857142857142854
PRV54154,10,28,0,24,2,1,0,12,0,12,136.66666666666666,1640,0.0,0.0,11,1.75,74.93178188455396,4.666666666666667,16.666666666666664
PRV54155,12,93,1,24,2,1,0,51,1,50,479.2156862745098,24440,25.254901960784313,1288.0,29,1.6862745098039216,76.17753083437344,4.666666666666667,19.607843137254903
PRV54156,1,238,0,24,2,1,0,121,0,121,251.900826446281,30480,1.9008264462809918,230.0,46,1.0495867768595042,78.56226630689949,4.413223140495868,22.31404958677686
PRV54157,10,258,0,24,1,1,0,130,0,130,215.23076923076923,27980,1.3846153846153846,180.0,51,1.1846153846153846,71.3884904964987,4.638461538461539,15.384615384615385
PRV54158,5,14,0,24,2,1,0,9,0,9,262.22222222222223,2360,0.0,0.0,9,0.6666666666666666,72.0456308464522,3.7777777777777777,22.22222222222222
PRV54159,6,77,0,35,1,1,0,34,0,34,423.52941176470586,14400,2.9411764705882355,100.0,22,2.3529411764705883,76.65861416435158,4.705882352941177,23.52941176470588
PRV54160,10,17,0,24,1,1,0,9,0,9,485.55555555555554,4370,0.0,0.0,9,4.444444444444445,73.21317210434253,3.2222222222222223,22.22222222222222
PRV54162,7,63,0,24,2,1,0,32,0,32,255.0,8160,1.25,40.0,18,0.6875,78.26129363449692,4.46875,15.625
PRV54163,1,96,0,24,2,1,0,41,0,41,215.1219512195122,8820,3.1707317073170733,130.0,24,0.0975609756097561,71.22345202918149,4.2439024390243905,21.951219512195124
PRV54164,1,6,0,24,2,1,0,2,1,1,2050.0,4100,534.0,1068.0,2,2.5,79.79466119096509,4.0,100.0
PRV54166,1,53,0,24,1,1,0,20,0,20,325.0,6500,0.0,0.0,17,0.9,71.90485968514716,4.3,10.0
PRV54167,7,31,0,24,2,1,0,9,0,9,204.44444444444446,1840,11.11111111111111,100.0,8,0.0,73.0653281618374,4.0,0.0
PRV54168,16,143,0,35,1,1,0,67,1,66,512.6865671641791,34350,21.16417910447761,1418.0,39,1.9104477611940298,75.2272722629154,4.626865671641791,26.865671641791046
PRV54171,4,164,0,24,2,1,0,72,0,72,288.05555555555554,20740,4.583333333333333,330.0,27,0.9722222222222222,75.85747965624762,4.569444444444445,13.88888888888889
PRV54172,3,6,0,24,1,1,0,2,0,2,70.0,140,0.0,0.0,2,0.0,69.54688569472964,5.0,50.0
PRV54173,6,11,0,24,1,1,0,7,0,7,91.42857142857143,640,0.0,0.0,7,0.0,77.47413708810014,4.428571428571429,42.857142857142854
PRV54175,1,1,0,24,2,1,0,1,0,1,80.0,80,0.0,0.0,1,0.0,79.6249144421629,4.0,100.0
PRV54176,1,26,0,24,1,1,0,10,0,10,167.0,1670,0.0,0.0,10,0.0,72.81943874058864,4.5,10.0
PRV54177,2,2,0,24,1,1,0,2,0,2,550.0,1100,0.0,0.0,2,0.0,80.11498973305955,7.0,0.0
PRV54178,1,2,0,24,1,1,0,2,0,2,45.0,90,0.0,0.0,2,0.0,56.68856947296372,3.5,0.0
PRV54179,1,1,0,24,2,1,0,1,0,1,0.0,0,0.0,0.0,1,0.0,67.74537987679672,4.0,0.0
PRV54180,1,5,0,24,2,1,0,2,0,2,75.0,150,0.0,0.0,2,0.0,58.970568104038335,5.5,0.0
PRV54181,1,9,0,24,1,1,0,4,0,4,47.5,190,0.0,0.0,4,0.25,75.5482546201232,4.5,25.0
PRV54182,2,22,0,24,1,1,0,4,0,4,437.5,1750,0.0,0.0,4,5.25,75.18001368925394,5.5,50.0
PRV54183,1,5,0,24,1,1,0,2,0,2,2200.0,4400,0.0,0.0,2,0.0,70.5366187542779,5.5,50.0
PRV54184,1,31,0,24,1,1,0,10,0,10,356.0,3560,0.0,0.0,8,4.0,76.62642026009583,2.7,20.0
PRV54185,2,5,0,24,1,1,0,2,0,2,175.0,350,0.0,0.0,2,10.5,74.78439425051334,2.5,0.0
PRV54186,3,35,0,24,1,1,0,11,0,11,157.27272727272728,1730,0.0,0.0,7,0.0,72.46369236512975,5.2727272727272725,18.181818181818183
PRV54187,1,5,0,24,2,1,0,1,0,1,200.0,200,0.0,0.0,1,0.0,66.48049281314168,4.0,0.0
PRV54188,1,6,0,24,1,1,0,4,0,4,765.0,3060,0.0,0.0,4,5.0,66.3347022587269,6.0,75.0
PRV54191,1,4,0,24,1,1,0,2,0,2,180.0,360,0.0,0.0,2,0.0,75.78918548939083,2.5,0.0
PRV54192,2,8,0,24,2,1,0,2,0,2,445.0,890,0.0,0.0,2,0.0,80.02600958247776,6.0,0.0
PRV54193,1,58,0,24,2,1,0,24,0,24,167.91666666666666,4030,0.0,0.0,12,0.20833333333333334,76.89162673967603,4.083333333333333,16.666666666666664
PRV54194,1,19,0,24,2,1,0,7,0,7,518.5714285714286,3630,0.0,0.0,7,0.14285714285714285,72.75330008800235,3.0,14.285714285714285
PRV54196,2,24,0,24,1,1,0,10,0,10,432.0,4320,0.0,0.0,10,2.1,72.13223819301848,4.3,0.0
PRV54197,6,29,0,24,1,1,0,14,0,14,60.714285714285715,850,0.0,0.0,12,0.0,76.45663439913953,4.214285714285714,21.428571428571427
PRV54198,6,16,0,24,1,1,0,6,0,6,81.66666666666667,490,0.0,0.0,6,3.3333333333333335,68.78758840976501,4.166666666666667,33.33333333333333
PRV54199,2,1,0,24,2,1,0,1,0,1,40.0,40,0.0,0.0,1,0.0,56.48186173853525,5.0,0.0
PRV54200,5,81,8,24,2,1,0,13,13,0,13314.615384615385,173090,1068.0,13884.0,13,4.769230769230769,74.98552098141421,5.0,100.0
PRV54201,3,20,0,24,1,1,0,4,4,0,4900.0,19600,1068.0,4272.0,4,5.25,73.14989733059548,4.5,100.0
PRV54202,6,65,8,24,2,1,0,10,10,0,13700.0,137000,1068.0,9612.0,10,5.3,77.25749486652977,4.3,100.0
PRV54203,2,106,0,24,1,1,0,51,0,51,253.52941176470588,12930,3.1372549019607843,160.0,45,1.3529411764705883,76.54338285622258,4.137254901960785,23.52941176470588
PRV54204,2,28,4,24,1,1,0,4,4,0,15550.0,62200,1068.0,4272.0,4,9.0,72.19233401779603,5.0,100.0
PRV54205,3,59,6,24,2,1,0,9,9,0,7222.222222222223,65000,1068.0,9612.0,8,4.666666666666667,73.25880295079475,5.666666666666667,100.0
PRV54206,18,89,2,25,2,1,0,44,1,43,486.3636363636364,21400,25.40909090909091,1118.0,41,1.75,74.2108767344907,4.636363636363637,15.909090909090908
PRV54207,28,88,0,1,2,1,0,41,0,41,169.5121951219512,6950,2.4390243902439024,100.0,32,0.7560975609756098,71.71606484031986,4.365853658536586,12.195121951219512
PRV54208,24,107,5,25,2,1,0,27,10,17,4228.148148148148,114160,395.55555555555554,10680.0,24,3.5555555555555554,71.56782518315715,4.851851851851852,44.44444444444444
PRV54209,112,331,13,25,2,1,1,151,20,131,1184.76821192053,178900,144.56953642384107,21830.0,139,1.390728476821192,73.61094415056367,4.6490066225165565,31.125827814569533
PRV54210,5,32,0,25,2,1,0,20,0,20,230.5,4610,5.0,100.0,18,2.25,74.49062286105408,4.65,25.0
PRV54212,8,107,0,25,2,1,0,54,0,54,220.74074074074073,11920,0.0,0.0,32,1.0925925925925926,74.35734022866124,4.018518518518518,20.37037037037037
PRV54213,27,214,14,25,2,1,0,67,21,46,2527.1641791044776,169320,336.089552238806,22518.0,61,2.328358208955224,70.6283776190914,5.17910447761194,46.26865671641791
PRV54215,19,127,11,25,2,1,0,31,14,17,4657.096774193548,144370,444.0,12876.0,26,3.7096774193548385,72.42569163851537,5.741935483870968,61.29032258064516
PRV54216,40,157,8,25,2,1,0,49,10,39,3333.469387755102,163340,217.9591836734694,10680.0,43,1.8775510204081634,70.85529899844948,4.775510204081633,28.57142857142857
PRV54217,7,65,0,25,1,1,0,30,0,30,175.33333333333334,5260,3.3333333333333335,100.0,14,1.0,76.88313940223591,5.0,20.0
PRV54219,5,212,1,25,1,1,0,101,0,101,185.44554455445544,18730,0.8910891089108911,90.0,33,1.386138613861386,68.69058897676216,4.198019801980198,15.841584158415841
PRV54220,19,130,7,25,2,1,0,32,8,24,5785.625,185140,241.16129032258064,7476.0,29,3.6875,76.22749828884326,5.03125,37.5
PRV54222,3,46,0,25,2,1,0,19,0,19,164.73684210526315,3130,0.0,0.0,11,0.3684210526315789,72.43243632695702,4.578947368421052,15.789473684210526
PRV54223,5,171,0,25,2,1,0,74,0,74,222.7027027027027,16480,2.1621621621621623,160.0,25,1.1486486486486487,66.00887951606637,5.054054054054054,35.13513513513514
PRV54224,6,90,0,25,2,1,0,43,0,43,359.5348837209302,15460,0.6976744186046512,30.0,23,0.8604651162790697,74.62502586632284,4.0,6.976744186046512
PRV54225,1,214,0,25,2,1,1,104,0,104,515.5769230769231,53620,5.096153846153846,530.0,59,2.0,66.51184646975202,5.009615384615385,22.115384615384613
PRV54226,8,27,0,25,1,1,0,13,0,13,58.46153846153846,760,0.0,0.0,11,1.0769230769230769,80.57895013952508,4.076923076923077,30.76923076923077
PRV54227,28,105,0,25,2,1,0,53,0,53,143.96226415094338,7630,0.5660377358490566,30.0,47,1.830188679245283,74.56577944803895,4.452830188679245,16.9811320754717
PRV54228,75,589,23,25,2,1,0,352,41,311,1153.409090909091,406000,123.01994301994301,43180.0,198,1.9943181818181819,70.32885321386348,4.551136363636363,31.25
PRV54230,102,343,23,25,2,1,1,126,44,82,3243.253968253968,408650,376.8412698412698,47482.0,113,2.619047619047619,72.60773768781984,5.142857142857143,53.17460317460318
PRV54231,23,324,0,25,2,1,0,190,0,190,357.2631578947368,67880,1.736842105263158,330.0,64,2.3947368421052633,69.04222774595627,4.663157894736842,20.0
PRV54232,25,136,3,25,2,1,0,42,8,34,2565.4761904761904,107750,203.42857142857142,8544.0,34,2.4285714285714284,73.191812522408,5.5,30.952380952380953
PRV54233,8,22,0,25,2,1,0,7,1,6,907.1428571428571,6350,152.57142857142858,1068.0,7,0.2857142857142857,80.3003813435025,4.428571428571429,14.285714285714285
PRV54235,10,34,0,19,2,1,0,16,0,16,267.5,4280,0.0,0.0,13,1.0625,70.37748117727584,3.8125,12.5
PRV54237,15,364,0,25,2,1,0,234,0,234,224.6153846153846,52560,3.9316239316239314,920.0,119,0.9102564102564102,73.29173906175959,4.6752136752136755,20.51282051282051
PRV54238,4,545,0,25,2,1,0,348,0,348,266.92528735632186,92890,2.586206896551724,900.0,153,1.235632183908046,72.8284988238256,5.103448275862069,21.839080459770116
PRV54239,2,146,0,25,2,1,0,62,0,62,338.38709677419354,20980,2.903225806451613,180.0,44,1.4838709677419355,72.82109028283766,4.758064516129032,24.193548387096776
PRV54240,13,140,0,25,2,1,0,72,0,72,200.0,14400,4.027777777777778,290.0,37,0.5833333333333334,73.26359418967222,5.111111111111111,19.444444444444446
PRV54242,62,206,5,25,2,1,0,88,4,84,605.3409090909091,53270,49.90909090909091,4392.0,74,0.7613636363636364,71.99013751477817,4.454545454545454,18.181818181818183
PRV54244,122,507,30,25,2,1,0,231,49,182,2495.1082251082253,576370,220.85589519650654,50576.0,189,2.4372294372294374,72.1633821346347,4.645021645021645,35.93073593073593
PRV54245,64,358,7,25,2,1,0,173,14,159,910.1156069364162,157450,90.99421965317919,15742.0,104,1.5144508670520231,74.83264689242066,5.086705202312139,30.63583815028902
PRV54246,23,96,0,25,2,1,0,43,0,43,230.2325581395349,9900,2.7906976744186047,120.0,27,1.8604651162790697,69.39509415341514,4.441860465116279,30.23255813953488
PRV54247,14,152,1,25,2,1,0,70,4,66,671.8571428571429,47030,63.02857142857143,4412.0,48,1.4285714285714286,74.48776767380463,4.614285714285714,21.428571428571427
PRV54250,49,113,0,1,2,1,0,62,0,62,363.38709677419354,22530,3.5483870967741935,220.0,61,0.6451612903225806,70.53410169790908,4.193548387096774,17.741935483870968
PRV54251,5,136,4,25,2,1,0,47,6,41,1650.8510638297873,77590,138.46808510638297,6508.0,32,3.723404255319149,68.71574409832962,4.297872340425532,19.148936170212767
PRV54252,7,44,0,25,2,1,0,17,0,17,354.70588235294116,6030,0.0,0.0,16,1.5294117647058822,68.17973185167291,5.0,29.411764705882355
PRV54253,13,54,2,25,2,1,0,14,4,10,5917.857142857143,82850,305.14285714285717,4272.0,13,3.5714285714285716,73.3865258629119,4.785714285714286,28.57142857142857
PRV54254,18,210,0,25,2,1,0,104,0,104,222.5,23140,2.7884615384615383,290.0,44,1.5192307692307692,70.79989996314431,5.201923076923077,22.115384615384613
PRV54255,7,419,0,25,2,1,0,232,0,232,462.19827586206895,107230,0.6896551724137931,160.0,154,1.5086206896551724,70.69952087611226,4.663793103448276,20.689655172413794
PRV54256,26,421,4,25,2,1,0,262,5,257,446.8702290076336,117080,22.633587786259543,5930.0,100,1.4122137404580153,70.00823445198573,4.125954198473282,17.938931297709924
PRV54257,2,446,0,25,2,1,0,282,0,282,246.59574468085106,69540,2.198581560283688,620.0,134,1.7836879432624113,68.54026922199407,4.340425531914893,23.404255319148938
PRV54258,102,558,62,25,2,1,1,238,118,120,5114.495798319328,1217250,516.448275862069,119816.0,201,3.226890756302521,72.24845420714486,5.151260504201681,60.08403361344538
PRV54259,13,101,8,25,2,1,0,29,12,17,3100.0,89900,441.9310344827586,12816.0,26,2.9655172413793105,68.62196417191814,5.413793103448276,51.724137931034484
PRV54261,47,143,1,25,2,1,0,75,0,75,339.8666666666667,25490,5.066666666666666,380.0,66,2.4,75.58994296144193,4.6,17.333333333333336
PRV54262,1,6,0,25,2,1,0,1,1,0,3000.0,3000,1068.0,1068.0,1,4.0,78.64202600958248,5.0,100.0
PRV54263,6,21,0,19,2,1,0,6,1,5,810.0,4860,194.66666666666666,1168.0,6,0.16666666666666666,65.60301163586585,4.666666666666667,50.0
PRV54265,14,637,0,25,1,1,0,406,0,406,278.1527093596059,112930,3.3497536945812807,1360.0,197,1.2635467980295567,70.43728736980879,4.399014778325123,22.413793103448278
PRV54266,20,199,17,25,2,1,0,65,21,44,5218.153846153846,339180,335.15625,21450.0,59,2.3846153846153846,71.94966566629812,4.753846153846154,49.23076923076923
PRV54267,2,396,0,25,2,1,0,226,0,226,349.3805309734513,78960,2.433628318584071,550.0,84,1.0663716814159292,71.30616076999024,4.367256637168142,24.778761061946902
PRV54269,16,214,0,25,2,1,0,118,0,118,277.45762711864404,32740,2.457627118644068,290.0,26,0.8813559322033898,76.1035278831541,4.059322033898305,24.576271186440678
PRV54270,5,73,0,25,2,1,0,34,0,34,332.94117647058823,11320,4.411764705882353,150.0,27,1.1764705882352942,68.33868824737287,3.4705882352941178,17.647058823529413
PRV54271,9,70,0,25,2,1,0,29,0,29,215.17241379310346,6240,4.482758620689655,130.0,12,1.4137931034482758,65.90752672944842,4.862068965517241,27.586206896551722
PRV54273,6,402,0,25,2,1,0,234,0,234,307.77777777777777,72020,3.9743589743589745,930.0,108,1.5683760683760684,72.84019258557247,4.918803418803419,18.803418803418804
PRV54274,9,114,0,25,2,1,0,47,0,47,356.17021276595744,16740,0.851063829787234,40.0,17,2.0425531914893615,73.47640059999708,4.702127659574468,21.27659574468085
PRV54275,1,1,0,25,2,1,0,1,0,1,50.0,50,0.0,0.0,1,4.0,81.85626283367556,5.0,0.0
PRV54276,13,153,4,25,2,1,0,77,4,73,1309.2207792207791,100810,59.63636363636363,4592.0,35,1.0909090909090908,68.95380321253012,4.415584415584416,29.87012987012987
PRV54278,7,149,0,25,2,1,0,61,0,61,322.78688524590166,19690,2.2950819672131146,140.0,27,2.3114754098360657,67.26926313663446,4.819672131147541,16.39344262295082
PRV54280,1,36,0,25,1,1,0,20,0,20,351.5,7030,0.0,0.0,15,0.5,70.59931553730323,3.25,15.0
PRV54282,1,49,0,25,2,1,0,19,0,19,344.2105263157895,6540,3.6842105263157894,70.0,11,1.105263157894737,66.31838322706149,2.4210526315789473,15.789473684210526
PRV54283,4,17,0,25,2,1,0,5,0,5,110.0,550,0.0,0.0,5,0.0,57.852977412731,5.0,20.0
PRV54284,7,262,6,25,2,1,0,113,8,105,850.4424778761062,96100,77.64601769911505,8774.0,43,2.0973451327433628,68.87419817920808,4.477876106194691,22.123893805309734
PRV54285,14,48,0,25,2,1,0,20,0,20,127.5,2550,10.0,200.0,16,1.55,75.82600958247775,4.3,10.0
PRV54287,9,264,0,25,2,1,0,155,0,155,244.51612903225808,37900,4.645161290322581,720.0,67,0.9870967741935484,72.1192996401051,4.109677419354838,21.29032258064516
PRV54288,9,36,0,25,2,1,0,15,0,15,273.3333333333333,4100,0.0,0.0,13,1.1333333333333333,68.28309377138946,6.2,26.666666666666668
PRV54289,2,134,0,25,1,1,0,56,0,56,316.42857142857144,17720,3.0357142857142856,170.0,28,1.9107142857142858,74.36540529969689,4.910714285714286,17.857142857142858
PRV54290,2,13,0,25,2,1,0,6,0,6,550.0,3300,0.0,0.0,6,0.0,71.7659137577002,4.333333333333333,0.0
PRV54291,5,16,0,25,2,1,0,10,0,10,171.0,1710,6.0,60.0,9,0.0,70.11252566735114,3.3,10.0
PRV54293,1,5,0,25,1,1,0,2,0,2,1260.0,2520,0.0,0.0,2,0.0,70.91991786447639,6.0,0.0
PRV54294,2,8,0,25,1,1,0,1,0,1,60.0,60,0.0,0.0,1,0.0,75.98631074606433,5.0,0.0
PRV54295,1,2,0,25,1,1,0,1,0,1,3300.0,3300,0.0,0.0,1,7.0,89.13347022587268,6.0,100.0
PRV54296,1,119,0,25,2,1,0,54,0,54,193.7037037037037,10460,3.7037037037037037,200.0,18,0.9444444444444444,75.42936091464496,4.537037037037037,20.37037037037037
PRV54297,6,60,11,25,2,1,1,8,8,0,21000.0,168000,1068.0,8544.0,7,6.875,76.78986995208761,4.875,100.0
PRV54298,5,24,3,25,2,1,0,3,3,0,12666.666666666666,38000,1068.0,3204.0,3,5.333333333333333,68.06935888660735,5.0,100.0
PRV54299,1,14,0,25,2,1,0,5,0,5,360.0,1800,0.0,0.0,5,5.4,71.65886379192334,4.2,20.0
PRV54300,2,17,0,25,2,1,0,6,0,6,248.33333333333334,1490,46.666666666666664,280.0,6,2.0,69.26260552133242,3.8333333333333335,16.666666666666664
PRV54301,1,27,0,25,2,1,0,13,0,13,283.84615384615387,3690,0.0,0.0,11,2.6923076923076925,71.92039172326646,5.3076923076923075,15.384615384615385
PRV54302,1,1,0,25,1,2,0,1,0,1,3300.0,3300,0.0,0.0,1,0.0,81.77686516084873,5.0,100.0
PRV54303,1,41,0,25,2,1,0,16,0,16,322.5,5160,0.0,0.0,14,2.5625,67.63774811772758,5.3125,31.25
PRV54304,1,4,0,25,1,2,0,1,0,1,50.0,50,0.0,0.0,1,0.0,76.02190280629706,0.0,100.0
PRV54305,1,18,0,25,2,1,0,6,0,6,443.3333333333333,2660,1.6666666666666667,10.0,5,1.6666666666666667,69.7056810403833,3.6666666666666665,0.0
PRV54306,3,100,0,25,2,1,0,33,0,33,403.030303030303,13300,12.121212121212121,400.0,28,4.757575757575758,68.84342397278742,5.484848484848484,21.21212121212121
PRV54307,1,4,0,25,1,1,0,2,0,2,200.0,400,0.0,0.0,2,0.0,58.506502395619435,3.0,50.0
PRV54308,1,3,0,25,1,1,0,1,0,1,70.0,70,0.0,0.0,1,0.0,84.77481177275838,3.0,0.0
PRV54309,1,60,0,25,2,1,0,29,0,29,212.41379310344828,6160,7.586206896551724,220.0,18,2.413793103448276,75.49869008001133,4.655172413793103,37.93103448275862
PRV54310,1,12,0,25,2,2,0,7,0,7,42.857142857142854,300,0.0,0.0,3,5.285714285714286,67.55373032169747,5.714285714285714,14.285714285714285
PRV54311,1,5,0,25,2,1,0,3,0,3,33.333333333333336,100,0.0,0.0,3,6.666666666666667,85.46931325576088,7.0,33.33333333333333
PRV54312,3,9,0,25,1,1,0,4,0,4,87.5,350,7.5,30.0,4,0.0,76.76112251882273,2.5,25.0
PRV54313,4,50,0,25,2,1,0,16,0,16,441.875,7070,5.0,80.0,16,3.875,67.97775496235455,4.8125,31.25
PRV54315,2,209,0,25,2,1,0,103,0,103,366.6990291262136,37770,2.4271844660194173,250.0,41,2.3592233009708736,68.67893383305756,5.310679611650485,33.00970873786408
PRV54316,1,3,0,25,2,1,0,2,0,2,125.0,250,0.0,0.0,1,0.0,87.75222450376455,7.0,50.0
PRV54317,1,62,0,25,2,1,0,25,0,25,146.0,3650,1.6,40.0,22,0.88,69.20542094455851,5.08,28.000000000000004
PRV54319,1,9,0,25,2,1,0,1,0,1,100.0,100,0.0,0.0,1,0.0,84.48186173853524,5.0,0.0
PRV54320,1,215,0,25,2,1,0,102,0,102,213.33333333333334,21760,1.7647058823529411,180.0,44,1.7254901960784315,75.00720698957201,4.745098039215686,14.705882352941178
PRV54323,5,93,0,25,1,1,1,51,0,51,203.52941176470588,10380,6.078431372549019,310.0,30,2.196078431372549,70.4592878903786,3.4313725490196076,15.686274509803921
PRV54324,3,173,22,25,2,1,0,32,32,0,8312.5,266000,1068.0,34176.0,28,5.8125,74.09154688569473,5.59375,100.0
PRV54325,2,91,15,25,2,1,0,15,15,0,9466.666666666666,142000,1068.0,16020.0,15,4.533333333333333,68.22705909194616,4.866666666666666,100.0
PRV54326,3,41,3,25,2,1,0,5,5,0,4000.0,20000,1068.0,5340.0,4,5.2,78.55715263518138,7.4,100.0
PRV54327,40,199,9,26,2,1,1,70,13,57,2791.1428571428573,195380,200.4857142857143,14034.0,43,2.642857142857143,78.06735112936344,4.614285714285714,40.0
PRV54328,37,295,16,26,2,1,0,117,17,100,1675.042735042735,195980,148.77586206896552,17258.0,99,2.5384615384615383,74.65976353861365,4.162393162393163,33.33333333333333
PRV54330,119,723,11,4,2,1,0,472,18,454,593.4745762711865,280120,40.69214437367304,19166.0,372,1.38135593220339,74.38428520052437,4.639830508474576,22.66949152542373
PRV54332,3,1152,0,26,2,1,0,995,0,995,334.84422110552765,333170,2.371859296482412,2360.0,531,1.3809045226130654,72.36162193582561,4.402010050251256,20.301507537688444
PRV54333,118,664,32,3,2,1,1,360,50,310,1748.4166666666667,629430,150.38888888888889,54140.0,291,1.5583333333333333,71.87906304661952,4.402777777777778,30.0
PRV54334,12,194,0,26,1,1,0,105,0,105,215.14285714285714,22590,2.5714285714285716,270.0,49,0.9428571428571428,73.51616961637495,5.0095238095238095,22.857142857142858
PRV54335,137,407,12,26,2,1,0,219,19,200,1121.8721461187215,245690,94.5296803652968,20702.0,187,1.1598173515981736,72.41357798967994,4.538812785388128,25.11415525114155
PRV54336,32,422,9,26,1,1,1,232,14,218,1000.2586206896551,232060,65.74137931034483,15252.0,103,1.1810344827586208,73.45344473553779,4.448275862068965,25.0
PRV54337,97,377,30,26,2,1,0,149,64,85,4298.724832214765,640510,453.3741496598639,66646.0,132,3.3959731543624163,76.25006316350391,5.389261744966443,53.691275167785236
PRV54339,34,266,6,26,2,1,0,123,11,112,1169.6747967479675,143870,97.0569105691057,11938.0,68,1.975609756097561,72.93042408863514,4.666666666666667,26.01626016260163
PRV54340,41,196,2,4,2,1,0,96,3,93,728.125,69900,39.9375,3834.0,54,1.6979166666666667,70.8189596167009,5.041666666666667,25.0
PRV54341,11,111,0,26,2,1,0,55,1,54,435.8181818181818,23970,22.145454545454545,1218.0,34,1.5272727272727273,76.35602016053761,4.5636363636363635,23.636363636363637
PRV54342,21,102,2,26,2,1,0,35,7,28,1265.142857142857,44280,218.74285714285713,7656.0,34,0.8571428571428571,69.67611225188227,3.8857142857142857,31.428571428571427
PRV54343,19,25,0,26,2,1,0,17,0,17,182.94117647058823,3110,5.882352941176471,100.0,16,0.29411764705882354,67.73942102508354,4.294117647058823,11.76470588235294
PRV54344,37,108,0,26,2,1,0,51,0,51,336.6666666666667,17170,3.9215686274509802,200.0,42,1.6666666666666667,69.34857940438324,4.509803921568627,21.568627450980394
PRV54345,92,281,0,10,2,1,0,167,0,167,283.1137724550898,47280,2.9940119760479043,500.0,139,1.3712574850299402,74.44752384348347,4.706586826347305,18.562874251497004
PRV54347,22,52,0,26,2,1,0,26,0,26,251.15384615384616,6530,0.0,0.0,25,0.6923076923076923,72.18122466171748,4.269230769230769,30.76923076923077
PRV54348,119,492,51,26,2,1,0,217,91,126,4423.410138248848,959880,443.68372093023254,95392.0,203,3.410138248847926,73.69725300201554,4.880184331797235,52.995391705069125
PRV54349,10,166,0,26,2,1,0,77,0,77,231.8181818181818,17850,7.142857142857143,550.0,27,0.7142857142857143,70.79939909508698,3.7142857142857144,18.181818181818183
PRV54350,92,1589,61,26,2,1,1,1495,105,1390,953.2240802675585,1425070,77.30341594105828,115414.0,530,1.534448160535117,72.61589739011397,4.4454849498327755,24.816053511705686
PRV54352,2,23,0,26,1,1,0,12,0,12,139.16666666666666,1670,0.0,0.0,7,0.0,62.78416609628109,3.3333333333333335,25.0
PRV54353,28,66,0,26,2,1,0,32,0,32,206.875,6620,7.8125,250.0,31,1.125,73.24914442162903,4.90625,18.75
PRV54354,42,233,16,26,2,1,1,100,25,75,2596.2,259620,267.7,26770.0,89,3.01,74.29571526351815,4.73,41.0
PRV54355,15,50,0,26,1,1,0,16,2,14,877.5,14040,146.0,2336.0,10,1.25,70.69592744695414,3.9375,43.75
PRV54356,23,120,12,26,2,1,0,31,15,16,6302.258064516129,195370,498.4,14952.0,24,3.5483870967741935,69.6471263606456,5.709677419354839,58.06451612903226
PRV54357,9,32,0,17,2,1,0,10,0,10,219.0,2190,0.0,0.0,9,0.3,79.1917864476386,4.7,10.0
PRV54358,21,80,0,26,2,1,0,43,0,43,305.8139534883721,13150,0.6976744186046512,30.0,30,1.813953488372093,68.87904111551502,3.4186046511627906,11.627906976744185
PRV54359,64,781,32,26,2,1,1,490,44,446,1192.265306122449,584210,97.73877551020408,47892.0,152,1.4653061224489796,70.97386469988406,4.889795918367347,29.38775510204082
PRV54360,36,72,0,26,2,1,0,37,0,37,245.94594594594594,9100,5.405405405405405,200.0,32,1.6216216216216217,79.1289934698559,4.54054054054054,37.83783783783784
PRV54361,18,120,5,26,2,1,1,40,7,33,2091.0,83640,164.82051282051282,6428.0,27,2.55,71.26481861738536,5.6,35.0
PRV54362,27,106,0,26,2,1,0,50,0,50,290.2,14510,8.2,410.0,38,0.24,73.59052703627653,3.72,30.0
PRV54363,31,178,9,26,2,1,0,64,12,52,2135.9375,136700,204.46875,13086.0,47,2.28125,74.01715434633813,4.671875,39.0625
PRV54365,18,237,0,26,2,1,0,115,0,115,271.2173913043478,31190,3.3043478260869565,380.0,61,1.208695652173913,76.65815552182842,3.9391304347826086,26.08695652173913
PRV54367,188,1048,128,26,2,1,1,636,322,314,4927.4842767295595,3133880,534.9186602870814,335394.0,558,3.5267295597484276,73.46180138528362,5.047169811320755,59.43396226415094
PRV54368,42,216,0,26,2,1,0,110,4,106,412.1818181818182,45340,41.92727272727273,4612.0,98,1.309090909090909,72.2691556219277,4.781818181818182,22.727272727272727
PRV54370,83,303,0,26,2,1,0,181,0,181,233.53591160220995,42270,2.707182320441989,490.0,113,0.47513812154696133,72.70455035338696,4.4088397790055245,19.88950276243094
PRV54371,28,74,0,26,1,1,0,31,0,31,267.0967741935484,8280,1.6129032258064515,50.0,30,2.2903225806451615,73.37095670221457,4.612903225806452,19.35483870967742
PRV54372,79,1680,19,26,2,1,1,1617,21,1596,416.20284477427333,673000,16.46134817563389,26618.0,805,1.3129251700680271,72.72066937658019,4.66295609152752,21.830550401978975
PRV54373,6,18,1,26,2,1,0,8,1,7,728.75,5830,133.5,1068.0,8,0.375,74.44558521560575,3.0,62.5
PRV54374,11,1082,2,26,2,1,0,854,0,854,327.89227166276345,280020,2.65807962529274,2270.0,455,1.5011709601873535,73.36148446654389,4.531615925058548,21.662763466042154
PRV54375,51,170,12,26,2,1,0,56,16,40,2571.25,143990,291.45454545454544,16030.0,48,3.7857142857142856,72.75765131514619,4.625,41.07142857142857
PRV54377,28,55,2,26,1,1,0,20,2,18,1655.5,33110,111.3,2226.0,19,2.7,64.08952772073921,3.0,30.0
PRV54378,62,214,13,26,2,1,0,79,18,61,2538.1012658227846,200510,248.40506329113924,19624.0,58,2.7088607594936707,73.21293721137768,4.949367088607595,40.50632911392405
PRV54379,47,284,17,26,2,1,0,116,28,88,2419.5689655172414,280670,245.7719298245614,28018.0,96,2.956896551724138,70.33335693549529,4.931034482758621,40.51724137931034
PRV54380,12,34,1,26,2,1,0,12,2,10,1411.6666666666667,16940,178.0,2136.0,11,1.6666666666666667,71.54620123203286,4.0,33.33333333333333
PRV54381,113,273,7,26,2,1,0,129,13,116,1266.7441860465117,163410,109.64341085271317,14144.0,124,1.0852713178294573,73.64621237444884,4.829457364341085,29.457364341085274
PRV54382,113,527,38,26,2,1,1,257,66,191,2742.5291828793775,704830,266.31496062992125,67644.0,214,2.4396887159533076,73.74907118145718,4.832684824902723,40.07782101167315
PRV54383,18,47,0,26,2,1,0,29,0,29,188.6206896551724,5470,0.0,0.0,22,0.6896551724137931,78.02195001062097,4.620689655172414,31.03448275862069
PRV54384,32,68,2,26,2,1,0,28,2,26,1581.4285714285713,44280,76.28571428571429,2136.0,27,1.0714285714285714,74.09064241713112,4.214285714285714,32.142857142857146
PRV54387,3,638,1,26,2,1,0,415,0,415,274.0,113710,3.108433734939759,1290.0,235,2.1156626506024097,72.4719658923167,4.493975903614458,20.240963855421686
PRV54388,35,194,4,3,2,1,1,76,6,70,642.6315789473684,48840,85.23684210526316,6478.0,73,2.526315789473684,75.67567275478224,4.223684210526316,22.36842105263158
PRV54389,55,107,0,26,2,1,0,56,0,56,456.9642857142857,25590,1.7857142857142858,100.0,44,1.5892857142857142,72.69512075877579,4.428571428571429,12.5
PRV54390,63,291,24,26,2,1,0,95,38,57,3713.2631578947367,352760,427.93684210526317,40654.0,86,4.063157894736842,74.04923808494543,5.515789473684211,53.68421052631579
PRV54391,175,526,10,26,2,1,1,318,21,297,746.0062893081761,237230,68.5173501577287,21720.0,222,1.6918238993710693,73.05576864299888,4.468553459119497,25.157232704402517
PRV54392,35,85,0,26,2,1,0,35,0,35,138.85714285714286,4860,0.5714285714285714,20.0,33,0.2857142857142857,67.52048499071086,4.457142857142857,22.857142857142858
PRV54393,47,187,2,26,2,1,0,75,5,70,641.2,48090,76.93333333333334,5770.0,63,1.5466666666666666,68.89213780515628,4.48,21.333333333333336
PRV54396,23,105,0,26,2,1,0,44,1,43,610.0,26840,25.636363636363637,1128.0,32,3.0454545454545454,74.83498226619376,5.386363636363637,18.181818181818183
PRV54399,29,565,6,26,2,1,1,349,13,336,753.6962750716332,263040,42.24641833810888,14744.0,144,1.9226361031518624,72.76558623543555,4.418338108882521,23.78223495702006
PRV54400,3,181,0,26,2,1,0,96,0,96,291.9791666666667,28030,0.20833333333333334,20.0,88,2.21875,73.44661190965093,4.520833333333333,20.833333333333336
PRV54401,23,49,0,26,2,1,0,22,0,22,137.27272727272728,3020,0.0,0.0,22,1.8181818181818181,72.86391637110323,4.5,18.181818181818183
PRV54402,33,124,2,26,2,1,0,56,6,50,1330.7142857142858,74520,116.39285714285714,6518.0,50,1.3214285714285714,72.52136501417816,4.535714285714286,17.857142857142858
PRV54403,12,35,0,26,1,1,0,12,0,12,156.66666666666666,1880,8.333333333333334,100.0,11,0.6666666666666666,64.87383070955967,3.6666666666666665,25.0
PRV54404,27,414,0,26,2,1,0,266,2,264,312.3308270676692,83080,11.902255639097744,3166.0,188,1.3270676691729324,72.63799128210671,4.2105263157894735,21.428571428571427
PRV54407,8,33,0,26,2,1,0,19,0,19,133.68421052631578,2540,1.0526315789473684,20.0,16,1.7894736842105263,73.64688929716488,4.0,15.789473684210526
PRV54408,14,207,0,26,1,1,0,106,2,104,501.3207547169811,53140,20.528301886792452,2176.0,28,2.4056603773584904,69.03617320780546,4.971698113207547,15.09433962264151
PRV54409,10,61,2,26,2,1,0,19,5,14,1850.5263157894738,35160,281.05263157894734,5340.0,16,3.1052631578947367,76.88691955762096,5.631578947368421,36.84210526315789
PRV54410,4,73,0,26,2,1,0,37,0,37,279.72972972972974,10350,1.3513513513513513,50.0,20,0.7567567567567568,63.122555820707774,4.324324324324325,24.324324324324326
PRV54411,8,55,1,26,1,1,0,22,1,21,366.8181818181818,8070,56.27272727272727,1238.0,16,1.6363636363636365,70.7301350258229,4.818181818181818,27.27272727272727
PRV54412,5,122,0,26,1,1,0,70,0,70,175.42857142857142,12280,0.42857142857142855,30.0,43,0.7142857142857143,70.5968514715948,4.042857142857143,18.571428571428573
PRV54413,5,43,0,26,2,1,0,20,0,20,157.5,3150,2.0,40.0,14,0.05,73.22190280629705,5.2,30.0
PRV54414,6,68,1,26,1,1,0,30,1,29,1059.3333333333333,31780,42.93333333333333,1288.0,18,2.533333333333333,72.50257814282456,4.433333333333334,20.0
PRV54415,9,63,0,26,2,1,0,27,0,27,264.0740740740741,7130,7.777777777777778,210.0,16,0.0,72.9554085228281,5.2592592592592595,18.51851851851852
PRV54416,9,38,0,26,2,1,0,17,0,17,463.52941176470586,7880,0.0,0.0,16,0.058823529411764705,71.27108749043767,4.882352941176471,35.294117647058826
PRV54419,11,63,0,26,2,1,0,28,0,28,177.5,4970,0.0,0.0,27,1.4642857142857142,73.93468270264985,4.178571428571429,21.428571428571427
PRV54420,1,2,0,26,1,1,0,1,0,1,300.0,300,0.0,0.0,1,5.0,46.81177275838467,1.0,0.0
PRV54421,7,115,0,26,1,1,0,65,0,65,223.53846153846155,14530,1.5384615384615385,100.0,31,1.7692307692307692,67.48279892592008,3.6769230769230767,15.384615384615385
PRV54422,5,34,0,26,1,1,0,15,0,15,183.33333333333334,2750,0.0,0.0,12,0.0,70.12183436002738,3.7333333333333334,6.666666666666667
PRV54423,12,190,0,26,2,1,0,93,0,93,241.72043010752688,22480,4.193548387096774,390.0,51,0.5806451612903226,74.46736290506577,4.559139784946237,13.978494623655912
PRV54424,2,6,0,26,2,1,0,2,0,2,75.0,150,0.0,0.0,2,10.0,69.76317590691306,7.0,100.0
PRV54425,15,68,3,17,2,1,0,18,4,14,4127.777777777777,74300,237.33333333333334,4272.0,13,2.111111111111111,72.52323370598525,5.666666666666667,38.88888888888889
PRV54426,13,98,6,26,2,1,0,24,9,15,4182.916666666667,100390,400.5,9612.0,20,3.2083333333333335,73.17339721651837,5.25,45.83333333333333
PRV54427,14,143,0,26,2,1,0,62,0,62,189.3548387096774,11740,4.67741935483871,290.0,20,2.1451612903225805,71.66395089532136,4.854838709677419,24.193548387096776
PRV54429,11,140,3,26,2,1,0,65,3,62,787.2307692307693,51170,36.96875,2366.0,27,1.9384615384615385,65.4566629810983,4.7846153846153845,21.53846153846154
PRV54430,5,143,0,26,2,1,0,64,0,64,201.5625,12900,6.875,440.0,30,1.21875,71.31990075290896,3.5625,20.3125
PRV54431,8,17,0,26,2,1,0,9,0,9,175.55555555555554,1580,0.0,0.0,9,4.0,67.24222374325043,4.888888888888889,11.11111111111111
PRV54432,8,12,0,26,1,1,0,5,0,5,222.0,1110,0.0,0.0,5,0.0,70.95523613963039,1.6,20.0
PRV54433,10,31,0,26,2,1,0,14,0,14,288.57142857142856,4040,0.0,0.0,12,1.2142857142857142,71.58208663342134,5.214285714285714,14.285714285714285
PRV54434,30,110,0,26,2,1,0,42,2,40,686.4285714285714,28830,54.904761904761905,2306.0,31,1.5238095238095237,75.85828362830416,5.166666666666667,26.190476190476193
PRV54435,4,19,0,26,1,1,0,11,0,11,389.09090909090907,4280,0.0,0.0,8,0.18181818181818182,69.98419513409247,3.5454545454545454,36.36363636363637
PRV54436,2,6,0,26,2,1,0,2,0,2,1100.0,2200,0.0,0.0,2,3.5,76.40520191649554,3.0,50.0
PRV54437,7,27,0,26,2,1,0,14,0,14,230.71428571428572,3230,0.0,0.0,14,1.7857142857142858,71.73951305368143,4.5,14.285714285714285
PRV54438,1,461,0,26,2,1,0,272,0,272,226.5808823529412,61630,2.610294117647059,710.0,98,1.2941176470588236,67.74912429037323,4.591911764705882,25.735294117647058
PRV54439,1,6,0,26,2,1,0,3,0,3,63.333333333333336,190,0.0,0.0,3,0.0,83.72165183664157,5.0,0.0
PRV54441,1,14,0,26,2,1,0,4,0,4,120.0,480,0.0,0.0,4,0.0,80.90622861054072,4.75,25.0
PRV54442,2,155,0,26,2,1,0,68,0,68,372.05882352941177,25300,1.0294117647058822,70.0,56,2.2058823529411766,74.6104602005073,4.514705882352941,25.0
PRV54443,2,127,0,26,2,1,0,61,0,61,445.9016393442623,27200,5.081967213114754,310.0,51,2.8360655737704916,75.76081955992414,5.754098360655738,16.39344262295082
PRV54444,3,67,0,26,2,1,0,27,0,27,361.85185185185185,9770,5.185185185185185,140.0,25,1.5925925925925926,74.39683626131264,4.481481481481482,11.11111111111111
PRV54448,5,42,0,26,2,1,0,23,0,23,292.17391304347825,6720,2.608695652173913,60.0,23,1.1304347826086956,70.16290212183436,3.8260869565217392,21.73913043478261
PRV54449,1,2,0,26,1,1,0,1,0,1,50.0,50,0.0,0.0,1,0.0,71.4798083504449,1.0,0.0
PRV54450,1,27,0,26,1,1,0,10,0,10,579.0,5790,0.0,0.0,10,3.0,66.38959616700889,4.6,0.0
PRV54451,2,30,0,26,2,1,0,13,0,13,639.2307692307693,8310,5.384615384615385,70.0,13,1.6153846153846154,76.02885273521824,4.076923076923077,46.15384615384615
PRV54452,2,15,0,26,2,1,0,5,0,5,104.0,520,18.0,90.0,5,0.0,75.66105407255304,3.2,20.0
PRV54454,1,301,0,26,2,1,0,171,0,171,263.39181286549706,45040,2.456140350877193,420.0,138,1.4795321637426901,72.16103686091797,4.684210526315789,14.035087719298245
PRV54455,1,13,0,26,1,1,0,6,0,6,231.66666666666666,1390,0.0,0.0,6,0.0,75.7262149212868,4.166666666666667,0.0
PRV54456,3,14,0,26,1,1,0,8,0,8,171.25,1370,0.0,0.0,6,0.0,73.25667351129363,6.25,25.0
PRV54457,1,43,0,26,1,1,0,16,0,16,138.75,2220,0.0,0.0,8,1.25,68.34000684462697,3.6875,25.0
PRV54459,2,21,0,26,2,1,0,9,0,9,342.22222222222223,3080,0.0,0.0,9,2.2222222222222223,70.31013765305346,5.666666666666667,11.11111111111111
PRV54460,5,40,3,14,1,1,0,5,5,0,9400.0,47000,1068.0,5340.0,5,4.4,65.4981519507187,5.2,100.0
PRV54461,5,81,13,26,2,1,0,12,12,0,12666.666666666666,152000,1068.0,11748.0,12,5.583333333333333,72.98494182067077,5.0,100.0
PRV54462,2,153,0,26,2,1,0,80,0,80,204.125,16330,1.5,120.0,75,1.2875,70.66960985626284,4.35,23.75
PRV54463,3,11,0,26,1,1,0,3,0,3,670.0,2010,0.0,0.0,3,0.0,59.01984941820671,5.0,0.0
PRV54465,1,18,0,26,1,1,0,9,0,9,401.1111111111111,3610,15.555555555555555,140.0,5,0.0,72.34983648946688,5.333333333333333,0.0
PRV54466,2,11,0,26,2,1,0,3,0,3,40.0,120,0.0,0.0,3,0.0,78.2715035363906,5.0,33.33333333333333
PRV54467,2,15,0,26,2,1,0,7,0,7,197.14285714285714,1380,0.0,0.0,5,0.0,69.53515204849907,6.285714285714286,0.0
PRV54468,4,61,0,26,2,1,0,21,0,21,81.42857142857143,1710,0.0,0.0,19,0.0,71.9876144845344,4.333333333333333,23.809523809523807
PRV54469,3,32,0,26,2,1,0,11,0,11,299.09090909090907,3290,0.0,0.0,10,0.09090909090909091,68.93086926762491,3.8181818181818183,9.090909090909092
PRV54471,1,100,0,26,2,1,0,46,0,46,363.04347826086956,16700,0.21739130434782608,10.0,23,1.3043478260869565,72.66273844597208,4.695652173913044,23.91304347826087
PRV54472,1,75,0,26,2,1,0,32,0,32,509.375,16300,5.0,160.0,19,2.0625,72.16615331964408,4.34375,25.0
PRV54473,3,42,0,26,2,1,0,19,0,19,580.0,11020,0.0,0.0,8,5.2631578947368425,71.56770777045283,4.7368421052631575,15.789473684210526
PRV54475,2,285,0,26,2,1,0,151,0,151,285.5629139072848,43120,2.3178807947019866,350.0,60,1.6688741721854305,71.3872653675474,4.549668874172186,27.81456953642384
PRV54477,11,189,0,26,2,1,0,100,0,100,343.1,34310,5.5,550.0,60,1.76,70.03386721423682,4.86,18.0
PRV54478,3,139,0,26,2,1,0,64,0,64,337.34375,21590,0.0,0.0,47,0.609375,78.2963295687885,3.859375,18.75
PRV54479,4,38,0,26,2,1,0,17,0,17,508.2352941176471,8640,0.0,0.0,9,1.1764705882352942,76.53194830293513,4.823529411764706,23.52941176470588
PRV54480,1,39,6,26,2,1,0,6,6,0,6666.666666666667,40000,1068.0,6408.0,6,3.5,75.40862422997947,6.666666666666667,100.0
PRV54481,2,28,0,26,2,1,0,8,0,8,236.25,1890,12.5,100.0,8,0.0,73.07494866529774,4.375,0.0
PRV54482,3,14,0,26,1,1,0,6,0,6,61.666666666666664,370,0.0,0.0,6,0.0,73.12616929044033,3.3333333333333335,33.33333333333333
PRV54483,1,36,0,26,2,1,0,13,0,13,90.0,1170,10.76923076923077,140.0,11,0.23076923076923078,75.14031485284052,5.461538461538462,30.76923076923077
PRV54486,2,54,0,26,2,1,0,28,0,28,286.07142857142856,8010,0.0,0.0,19,2.0,74.57524200645351,5.0,17.857142857142858
PRV54489,4,31,0,26,1,1,0,14,0,14,450.0,6300,0.0,0.0,14,1.6428571428571428,72.85127603402758,4.285714285714286,42.857142857142854
PRV54490,2,55,0,26,2,1,0,23,0,23,93.91304347826087,2160,3.9130434782608696,90.0,19,0.0,77.56236050352648,4.826086956521739,17.391304347826086
PRV54491,2,35,0,26,2,1,0,14,0,14,623.5714285714286,8730,6.428571428571429,90.0,10,1.5,72.62638114794173,5.071428571428571,14.285714285714285
PRV54496,1,15,0,26,2,1,0,8,0,8,295.0,2360,12.5,100.0,7,3.0,74.87816563997262,6.125,12.5
PRV54497,3,44,3,26,1,1,0,5,5,0,10200.0,51000,1068.0,4272.0,5,4.2,69.13237508555784,6.4,100.0
PRV54498,1,10,1,26,2,1,0,1,1,0,12000.0,12000,1068.0,1068.0,1,6.0,97.6810403832991,5.0,100.0
PRV54499,1,4,3,26,1,1,0,1,1,0,11000.0,11000,1068.0,1068.0,1,1.0,68.05201916495551,2.0,100.0
PRV54500,2,20,2,26,1,1,0,2,2,0,12500.0,25000,1068.0,2136.0,2,13.5,77.00752908966462,5.5,100.0
PRV54501,2,25,4,26,1,1,0,3,3,0,13333.333333333334,40000,1068.0,3204.0,3,3.0,84.61510381017568,4.0,100.0
PRV54502,1,21,2,26,2,1,0,3,3,0,18333.333333333332,55000,1068.0,3204.0,3,11.333333333333334,61.27310061601643,5.666666666666667,100.0
PRV54503,1,10,0,14,1,1,0,1,1,0,8000.0,8000,1068.0,1068.0,1,8.0,72.66255989048597,2.0,100.0
PRV54504,45,322,19,27,2,1,1,120,44,76,3624.3333333333335,434920,392.26666666666665,47072.0,103,2.1166666666666667,75.49584759297285,4.833333333333333,42.5
PRV54505,24,108,4,27,2,1,1,38,5,33,1451.0526315789473,55140,143.1578947368421,5440.0,24,0.868421052631579,74.95788753197162,5.394736842105263,34.21052631578947
PRV54506,48,282,1,27,2,1,0,134,3,131,422.1641791044776,56570,27.119402985074625,3634.0,75,0.8731343283582089,72.17736778121711,4.619402985074627,27.611940298507463
PRV54507,72,302,25,27,2,1,0,109,39,70,3333.119266055046,363310,370.4299065420561,39636.0,73,1.7155963302752293,74.1000822611131,4.651376146788991,47.706422018348626
PRV54508,61,189,0,27,2,1,0,90,0,90,366.77777777777777,33010,4.0,360.0,75,1.511111111111111,72.36547265951783,4.333333333333333,16.666666666666664
PRV54509,2,8,0,27,2,1,0,4,0,4,62.5,250,0.0,0.0,4,3.75,73.80698151950719,6.5,0.0
PRV54510,29,265,0,27,1,1,0,149,0,149,276.8456375838926,41250,3.422818791946309,510.0,75,1.308724832214765,72.34566744300355,3.6711409395973154,22.818791946308725
PRV54511,30,67,0,27,1,1,0,32,0,32,271.5625,8690,0.0,0.0,30,1.4375,71.70268651608487,3.78125,12.5
PRV54514,176,685,30,27,2,1,1,387,48,339,1664.108527131783,644010,134.27390180878552,51964.0,305,1.5348837209302326,74.73427106491431,4.397932816537468,28.165374677002585
PRV54515,35,138,0,27,2,1,0,67,0,67,339.55223880597015,22750,2.6865671641791047,180.0,66,0.8955223880597015,74.54759058914871,4.955223880597015,20.8955223880597
PRV54517,10,81,0,27,1,1,0,45,0,45,125.77777777777777,5660,1.7777777777777777,80.0,16,0.06666666666666667,79.34011711917256,3.8222222222222224,24.444444444444443
PRV54519,5,37,0,27,1,1,0,15,0,15,302.6666666666667,4540,10.0,150.0,10,1.3333333333333333,74.59310974218572,3.8,33.33333333333333
PRV54520,8,32,0,27,2,1,0,15,0,15,538.6666666666666,8080,8.0,120.0,11,4.6,77.44010951403149,5.6,26.666666666666668
PRV54521,10,135,0,27,1,1,0,64,0,64,497.5,31840,4.375,280.0,39,1.734375,69.29923853524983,3.546875,23.4375
PRV54522,2,6,0,27,1,1,0,2,0,2,1015.0,2030,0.0,0.0,2,0.5,66.43258042436688,4.0,50.0
PRV54523,1,5,0,27,2,1,0,1,0,1,90.0,90,0.0,0.0,1,0.0,83.1047227926078,6.0,0.0
PRV54524,9,42,0,27,2,1,0,21,0,21,135.23809523809524,2840,0.0,0.0,16,0.09523809523809523,69.87842638766664,5.238095238095238,33.33333333333333
PRV54526,8,97,0,27,1,1,0,46,0,46,222.3913043478261,10230,1.7391304347826086,80.0,17,0.15217391304347827,63.23977025860786,4.043478260869565,15.217391304347828
PRV54528,2,41,0,27,2,1,0,23,0,23,248.2608695652174,5710,0.0,0.0,9,0.8695652173913043,77.66830342528941,4.304347826086956,30.434782608695656
PRV54529,6,9,0,27,2,1,0,5,0,5,32.0,160,14.0,70.0,5,0.0,83.32703627652293,4.4,20.0
PRV54530,3,28,0,27,2,1,0,13,0,13,198.46153846153845,2580,3.8461538461538463,50.0,4,3.076923076923077,76.72005475701575,2.5384615384615383,0.0
PRV54531,19,71,0,27,1,1,0,30,1,29,467.6666666666667,14030,38.93333333333333,1168.0,26,1.1333333333333333,74.96527492584987,4.833333333333333,20.0
PRV54535,18,63,0,27,2,1,0,34,0,34,208.52941176470588,7090,2.9411764705882355,100.0,29,2.235294117647059,68.9120264122076,4.647058823529412,14.705882352941178
PRV54536,6,47,0,27,1,1,0,13,0,13,376.15384615384613,4890,0.0,0.0,11,0.8461538461538461,71.97114726478176,3.5384615384615383,23.076923076923077
PRV54537,1,140,0,27,2,1,0,60,0,60,374.5,22470,3.3333333333333335,200.0,20,2.316666666666667,72.4364590463153,4.9,23.333333333333332
PRV54538,15,120,0,27,1,1,0,48,0,48,444.375,21330,10.0,480.0,32,1.3333333333333333,75.96452201688341,3.6666666666666665,22.916666666666664
PRV54539,16,148,0,27,1,1,0,69,0,69,262.7536231884058,18130,4.492753623188406,310.0,43,0.463768115942029,73.90594093781309,4.565217391304348,18.84057971014493
PRV54540,12,35,0,27,2,1,1,20,0,20,484.5,9690,5.0,100.0,19,0.0,75.90239561943875,3.75,10.0
PRV54541,5,25,2,27,1,1,0,7,2,5,864.2857142857143,6050,305.14285714285717,2136.0,6,0.7142857142857143,77.02082722205925,2.5714285714285716,28.57142857142857
PRV54542,6,67,2,27,2,1,0,20,5,15,1771.0,35420,271.0,5420.0,14,2.35,73.04298425735797,5.4,55.00000000000001
PRV54543,11,58,4,27,2,1,1,17,3,14,2441.176470588235,41500,203.76470588235293,3464.0,15,3.0,71.00664331440996,5.235294117647059,35.294117647058826
PRV54544,2,63,0,27,1,1,0,28,0,28,187.5,5250,3.5714285714285716,100.0,8,1.4285714285714286,76.18324044196734,5.285714285714286,25.0
PRV54545,1,4,0,27,2,1,0,2,0,2,90.0,180,0.0,0.0,1,0.0,96.99247091033538,2.0,0.0
PRV54546,2,16,0,27,1,1,0,6,0,6,151.66666666666666,910,16.666666666666668,100.0,6,0.0,65.18777093315082,3.0,0.0
PRV54547,2,12,0,27,1,1,0,3,0,3,180.0,540,0.0,0.0,3,0.0,70.5306867442391,2.0,0.0
PRV54548,2,30,0,27,1,1,0,12,0,12,157.5,1890,0.0,0.0,7,0.08333333333333333,67.33744010951403,3.4166666666666665,25.0
PRV54549,1,2,0,27,2,1,0,1,0,1,40.0,40,0.0,0.0,1,0.0,66.64750171115674,0.0,0.0
PRV54550,1,39,0,27,1,1,0,21,0,21,264.2857142857143,5550,0.0,0.0,13,2.4285714285714284,73.39982399530655,4.666666666666667,38.095238095238095
PRV54551,2,30,0,27,2,1,0,7,0,7,280.0,1960,0.0,0.0,5,1.4285714285714286,77.70528991884228,3.7142857142857144,0.0
PRV54552,3,112,0,27,2,1,0,45,0,45,252.66666666666666,11370,4.444444444444445,200.0,28,0.8,76.92283823864932,4.4222222222222225,17.77777777777778
PRV54553,3,47,0,27,2,1,0,18,0,18,207.77777777777777,3740,0.0,0.0,12,0.0,75.49486652977413,3.2222222222222223,27.77777777777778
PRV54554,2,72,0,27,1,1,0,26,0,26,268.84615384615387,6990,0.0,0.0,8,0.46153846153846156,78.77754962354553,6.038461538461538,0.0
PRV54555,6,46,2,27,2,1,0,6,6,0,8500.0,51000,1068.0,6408.0,6,7.0,77.08327629477527,5.166666666666667,100.0
PRV54557,40,769,0,28,2,1,1,564,0,564,279.9468085106383,157890,3.0673758865248226,1730.0,263,1.5407801418439717,73.33911000432037,4.388297872340425,19.858156028368796
PRV54558,68,217,10,28,2,1,0,73,15,58,2711.917808219178,197970,220.41095890410958,16090.0,69,2.1506849315068495,74.28696801777727,4.205479452054795,30.136986301369863
PRV54559,63,219,16,28,2,1,0,66,24,42,3872.121212121212,255560,378.2153846153846,24584.0,57,3.5,71.07755169767489,4.651515151515151,46.96969696969697
PRV54560,60,265,20,28,2,1,1,98,40,58,4827.34693877551,473080,435.9183673469388,42720.0,87,3.520408163265306,74.31854055790694,4.948979591836735,51.02040816326531
PRV54561,47,396,12,28,2,1,0,186,25,161,1449.8387096774193,269670,145.48387096774192,27060.0,102,2.510752688172043,76.55919866345779,4.67741935483871,36.55913978494624
PRV54562,8,368,0,28,2,1,0,206,0,206,279.1747572815534,57510,2.1359223300970873,440.0,75,1.1990291262135921,77.42596838181058,4.635922330097087,12.135922330097088
PRV54563,43,431,0,28,2,1,0,267,0,267,296.14232209737827,79070,4.082397003745318,1090.0,172,1.6666666666666667,72.13682076049702,4.01123595505618,16.10486891385768
PRV54564,74,984,0,28,2,1,0,803,0,803,286.1519302615193,229780,2.8019925280199254,2250.0,330,1.7048567870485678,73.4488720003614,3.9452054794520546,18.80448318804483
PRV54565,93,349,19,28,2,1,0,130,39,91,3170.230769230769,412130,316.15503875968994,40784.0,106,2.669230769230769,76.10306955194018,4.584615384615384,47.69230769230769
PRV54566,194,555,29,28,2,1,1,308,40,268,2453.4415584415583,755660,137.04234527687296,42072.0,247,2.477272727272727,73.43862503000081,4.392857142857143,31.16883116883117
PRV54567,31,123,7,28,2,1,0,57,6,51,1977.017543859649,112690,114.17543859649123,6508.0,34,1.6140350877192982,76.00965452645988,4.280701754385965,35.08771929824561
PRV54568,30,151,3,28,2,1,0,56,5,51,957.8571428571429,53640,95.35714285714286,5340.0,46,1.3214285714285714,72.71951696489684,4.178571428571429,19.642857142857142
PRV54569,35,166,9,28,1,1,0,63,12,51,3323.0158730158732,209350,204.85714285714286,12906.0,42,1.9365079365079365,72.81787860021946,5.031746031746032,42.857142857142854
PRV54571,6,52,3,28,2,1,0,17,4,13,2977.0588235294117,50610,251.2941176470588,4272.0,17,4.176470588235294,70.33136047026613,4.705882352941177,52.94117647058824
PRV54572,39,272,0,28,2,1,0,146,0,146,363.7671232876712,53110,1.8493150684931507,270.0,117,1.773972602739726,75.83299110198494,4.157534246575342,19.17808219178082
PRV54573,10,46,0,28,2,1,0,22,0,22,270.90909090909093,5960,5.454545454545454,120.0,14,0.9545454545454546,74.34870263207019,5.409090909090909,18.181818181818183
PRV54574,12,59,0,28,2,1,0,35,0,35,222.85714285714286,7800,3.7142857142857144,130.0,24,0.9428571428571428,70.14225090446857,4.057142857142857,20.0
PRV54575,69,526,21,28,2,1,0,273,33,240,1846.4468864468865,504080,124.01476014760148,33608.0,155,2.3003663003663,75.33800171993191,4.344322344322344,31.135531135531135
PRV54576,18,86,7,28,2,1,0,16,14,2,7068.75,113100,915.4285714285714,12816.0,16,6.75,76.709787816564,5.75,93.75
PRV54577,30,242,26,28,2,1,0,61,45,16,8098.524590163935,494010,778.3728813559322,45924.0,56,4.737704918032787,76.35443946993414,4.885245901639344,77.04918032786885
PRV54578,30,155,0,28,2,1,0,77,0,77,313.3766233766234,24130,5.064935064935065,390.0,37,0.5194805194805194,75.2304505897935,4.51948051948052,19.480519480519483
PRV54579,2,2,0,28,1,1,0,2,0,2,645.0,1290,0.0,0.0,2,0.0,48.37645448323067,3.5,50.0
PRV54580,17,66,0,28,2,1,0,30,0,30,242.66666666666666,7280,2.0,60.0,19,1.3666666666666667,73.51749942961442,4.266666666666667,26.666666666666668
PRV54581,5,17,0,28,2,1,0,11,0,11,196.36363636363637,2160,0.0,0.0,9,0.0,74.76821604131666,4.545454545454546,36.36363636363637
PRV54582,17,133,0,28,2,1,0,71,0,71,267.0422535211268,18960,4.225352112676056,300.0,35,0.6056338028169014,77.14430594518514,4.267605633802817,15.492957746478872
PRV54585,16,154,0,28,1,1,0,75,0,75,301.6,22620,4.266666666666667,320.0,34,2.013333333333333,71.53263061829797,4.306666666666667,16.0
PRV54587,3,6,0,43,2,1,0,3,0,3,50.0,150,0.0,0.0,2,0.0,94.98425735797399,4.0,0.0
PRV54588,5,122,0,28,2,1,0,63,0,63,273.3333333333333,17220,1.9047619047619047,120.0,47,1.2063492063492063,74.62881479308584,4.492063492063492,20.634920634920633
PRV54589,7,28,0,28,2,1,0,11,0,11,154.54545454545453,1700,0.0,0.0,5,0.0,67.55721485906291,5.0,36.36363636363637
PRV54590,7,143,1,28,1,1,0,66,1,65,434.8484848484849,28700,18.90909090909091,1248.0,34,1.5,78.6935059008981,4.075757575757576,13.636363636363635
PRV54591,8,98,0,28,2,1,0,45,0,45,184.0,8280,1.7777777777777777,80.0,14,1.2444444444444445,73.37653053464142,5.088888888888889,24.444444444444443
PRV54593,1,83,0,28,1,1,0,35,0,35,313.14285714285717,10960,0.8571428571428571,30.0,22,0.9714285714285714,70.4188520582771,3.2857142857142856,17.142857142857142
PRV54595,5,24,0,28,2,1,0,11,0,11,692.7272727272727,7620,0.0,0.0,9,3.6363636363636362,75.16022649492875,4.909090909090909,18.181818181818183
PRV54596,1,164,0,28,2,1,0,64,0,64,257.65625,16490,2.34375,150.0,20,1.125,77.73164784394251,4.4375,18.75
PRV54597,3,39,0,53,1,1,0,15,0,15,333.3333333333333,5000,0.6666666666666666,10.0,10,0.0,72.02591832078484,3.7333333333333334,20.0
PRV54598,8,24,0,28,1,1,0,9,0,9,112.22222222222223,1010,0.0,0.0,7,0.1111111111111111,67.22975131188683,3.888888888888889,11.11111111111111
PRV54599,6,37,0,28,1,1,0,17,0,17,224.7058823529412,3820,3.5294117647058822,60.0,11,1.1764705882352942,73.63481902001047,3.0588235294117645,29.411764705882355
PRV54601,3,24,0,28,1,1,0,11,0,11,64.54545454545455,710,5.454545454545454,60.0,6,1.8181818181818181,70.72241926451373,6.363636363636363,9.090909090909092
PRV54602,5,28,0,28,1,1,0,14,0,14,122.14285714285714,1710,2.142857142857143,30.0,13,2.857142857142857,71.92021120563216,5.071428571428571,42.857142857142854
PRV54603,9,109,0,28,2,1,0,57,0,57,283.859649122807,16180,4.912280701754386,280.0,32,1.9824561403508771,75.77083708587006,4.543859649122807,8.771929824561402
PRV54604,3,96,1,28,2,1,0,38,0,38,216.8421052631579,8240,1.8421052631578947,70.0,15,0.5789473684210527,72.09294282935264,4.052631578947368,23.684210526315788
PRV54606,5,24,0,28,1,1,0,8,0,8,188.75,1510,0.0,0.0,8,2.5,67.34086242299794,4.125,50.0
PRV54608,2,65,0,28,2,1,0,33,0,33,322.72727272727275,10650,0.0,0.0,10,2.515151515151515,74.97148072096736,3.515151515151515,12.121212121212121
PRV54609,4,99,0,28,1,1,0,45,0,45,381.3333333333333,17160,3.7777777777777777,170.0,14,0.6666666666666666,67.72791847288767,4.266666666666667,37.77777777777778
PRV54610,3,94,0,28,2,1,0,45,0,45,321.55555555555554,14470,4.222222222222222,190.0,21,2.688888888888889,77.35620959768804,5.377777777777778,11.11111111111111
PRV54611,8,15,0,28,1,1,0,6,1,5,793.3333333333334,4760,194.66666666666666,1168.0,6,0.3333333333333333,69.53821583390372,2.1666666666666665,16.666666666666664
PRV54612,4,25,0,28,2,1,0,12,0,12,93.33333333333333,1120,7.5,90.0,4,0.0,71.53547798311659,4.0,25.0
PRV54614,4,46,0,28,2,1,0,15,0,15,96.0,1440,2.6666666666666665,40.0,8,0.6,60.59447866757929,4.4,13.333333333333334
PRV54615,1,7,0,28,1,1,0,5,0,5,62.0,310,0.0,0.0,2,0.0,80.98179329226556,3.6,0.0
PRV54616,5,20,2,28,2,1,0,5,2,3,4662.0,23310,427.2,2136.0,5,1.6,78.24777549623545,4.4,60.0
PRV54618,2,72,0,28,1,1,0,32,0,32,318.75,10200,5.625,180.0,18,0.0625,69.42111567419576,3.40625,25.0
PRV54619,2,83,0,28,2,1,0,33,0,33,294.24242424242425,9710,0.0,0.0,21,1.0303030303030303,79.74761993653165,4.2727272727272725,15.151515151515152
PRV54620,6,72,7,28,2,1,0,13,7,6,5732.307692307692,74520,575.0769230769231,7476.0,12,2.923076923076923,72.39340809772021,5.461538461538462,53.84615384615385
PRV54621,1,1,0,28,2,1,0,1,0,1,900.0,900,0.0,0.0,1,0.0,79.34839151266256,5.0,100.0
PRV54622,6,23,0,28,2,1,0,10,0,10,89.0,890,3.0,30.0,8,1.8,74.48870636550308,3.1,10.0
PRV54623,2,93,0,28,1,1,0,43,0,43,186.74418604651163,8030,6.976744186046512,300.0,11,0.8837209302325582,76.06889196631806,4.627906976744186,32.55813953488372
PRV54624,8,26,0,28,1,1,0,10,0,10,1018.0,10180,0.0,0.0,8,4.0,67.78343600273784,3.9,40.0
PRV54625,2,31,0,28,2,1,0,16,0,16,455.625,7290,0.0,0.0,7,1.875,74.45482546201232,2.3125,18.75
PRV54627,6,68,0,28,1,1,0,26,0,26,212.69230769230768,5530,0.0,0.0,13,0.8076923076923077,79.95808982256621,4.423076923076923,34.61538461538461
PRV54628,2,8,0,28,2,1,0,4,0,4,385.0,1540,0.0,0.0,4,0.75,75.08966461327859,4.25,50.0
PRV54629,2,6,0,28,1,1,0,3,0,3,193.33333333333334,580,0.0,0.0,3,0.0,79.51448779374857,3.6666666666666665,0.0
PRV54630,4,173,0,28,2,1,0,85,0,85,302.11764705882354,25680,1.1764705882352942,100.0,23,1.576470588235294,77.78121351209889,4.929411764705883,12.941176470588237
PRV54633,7,22,0,28,2,1,0,12,0,12,119.16666666666667,1430,2.5,30.0,6,3.25,66.14487793748573,3.25,0.0
PRV54634,12,79,0,28,2,1,0,32,0,32,190.9375,6110,5.9375,190.0,23,0.71875,72.36841204654347,4.71875,28.125
PRV54635,1,88,0,28,2,1,0,33,0,33,199.6969696969697,6590,7.2727272727272725,240.0,11,2.121212121212121,76.42079936946467,5.2727272727272725,33.33333333333333
PRV54636,2,149,0,28,1,1,0,76,0,76,348.6842105263158,26500,1.0526315789473684,80.0,51,2.039473684210526,75.25447602579344,4.25,19.736842105263158
PRV54637,5,89,12,28,2,1,0,13,13,0,17384.615384615383,226000,1068.0,12816.0,12,7.3076923076923075,67.85341968093509,6.153846153846154,100.0
PRV54638,4,50,4,28,2,1,0,6,6,0,13666.666666666666,82000,1068.0,6408.0,6,3.5,80.98516997490303,5.666666666666667,100.0
PRV54639,7,80,7,28,2,1,0,13,13,0,8461.538461538461,110000,1068.0,12816.0,12,4.0,78.90422787342706,5.769230769230769,100.0
PRV54640,20,76,7,5,2,1,0,19,7,12,3908.4210526315787,74260,395.57894736842104,7516.0,19,3.6842105263157894,69.17093555243343,4.7894736842105265,42.10526315789473
PRV54642,32,98,0,3,2,1,0,49,0,49,287.9591836734694,14110,4.8979591836734695,240.0,46,2.2653061224489797,75.1543952283172,4.204081632653061,10.204081632653061
PRV54643,19,40,0,5,1,1,0,18,0,18,465.55555555555554,8380,0.0,0.0,18,0.0,71.27781580348316,4.5,11.11111111111111
PRV54644,71,216,17,5,2,1,1,68,22,46,3123.0882352941176,212370,345.8235294117647,23516.0,66,2.0588235294117645,72.64065708418892,4.75,45.588235294117645
PRV54645,2,6,0,29,2,2,0,2,0,2,505.0,1010,30.0,60.0,2,0.0,85.13757700205338,6.0,0.0
PRV54646,1,48,0,29,1,1,0,23,0,23,486.0869565217391,11180,0.0,0.0,13,2.4782608695652173,63.85798887004136,5.217391304347826,8.695652173913043
PRV54649,64,214,15,5,2,1,1,75,22,53,4201.066666666667,315080,307.0,22718.0,73,3.16,76.65949349760439,4.973333333333334,42.66666666666667
PRV54651,80,238,16,5,2,1,1,91,21,70,3206.153846153846,291760,238.55555555555554,21470.0,87,2.208791208791209,71.86437108408361,5.0989010989010985,39.56043956043956
PRV54652,2,117,0,29,2,1,0,38,0,38,316.3157894736842,12020,2.1052631578947367,80.0,33,1.2105263157894737,74.14784394250513,4.394736842105263,21.052631578947366
PRV54653,45,252,27,29,2,1,0,70,40,30,5396.285714285715,377740,610.2857142857143,42720.0,61,3.1285714285714286,74.68227241615332,5.328571428571428,65.71428571428571
PRV54656,24,76,0,5,2,1,0,35,0,35,325.14285714285717,11380,0.8571428571428571,30.0,35,0.7714285714285715,72.75173560183828,3.7714285714285714,25.71428571428571
PRV54657,50,149,16,5,2,1,0,46,17,29,6352.608695652174,292220,394.69565217391306,18156.0,46,2.3260869565217392,74.11177573430943,5.1521739130434785,50.0
PRV54658,84,263,18,5,2,1,0,85,27,58,2265.6470588235293,192580,322.89156626506025,26800.0,85,2.3411764705882354,73.08570278213955,5.1647058823529415,45.88235294117647
PRV54660,21,53,0,54,2,1,0,24,0,24,212.91666666666666,5110,1.25,30.0,21,1.3333333333333333,69.77629477526808,3.4583333333333335,20.833333333333336
PRV54661,13,58,2,29,2,1,0,19,3,16,4642.105263157895,88200,168.6315789473684,3204.0,19,0.9473684210526315,73.40494974602831,4.7368421052631575,31.57894736842105
PRV54662,28,124,2,5,2,1,0,45,3,42,568.6666666666666,25590,73.64444444444445,3314.0,44,3.533333333333333,72.85402692219941,4.622222222222222,22.22222222222222
PRV54664,3,8,0,29,1,1,0,2,0,2,600.0,1200,50.0,100.0,2,0.0,71.77823408624229,3.5,0.0
PRV54666,4,18,0,29,1,1,0,5,1,4,2262.0,11310,231.6,1158.0,5,2.0,72.75893223819301,5.0,40.0
PRV54667,15,352,7,29,1,1,0,166,9,157,823.433734939759,136690,52.99393939393939,8744.0,66,3.1325301204819276,68.74538812333523,4.680722891566265,26.506024096385545
PRV54668,27,470,0,29,2,1,0,306,1,305,313.8888888888889,96050,5.222222222222222,1598.0,261,1.2581699346405228,73.08675676522034,4.300653594771242,16.666666666666664
PRV54670,13,260,0,29,2,1,0,159,0,159,247.61006289308176,39370,1.509433962264151,240.0,115,1.9119496855345912,74.023392266002,4.647798742138365,19.49685534591195
PRV54671,2,3,0,29,2,1,0,3,0,3,306.6666666666667,920,0.0,0.0,1,0.0,74.5763175906913,1.0,66.66666666666666
PRV54672,5,30,0,29,1,1,0,10,0,10,420.0,4200,0.0,0.0,7,3.4,59.79876796714579,4.6,20.0
PRV54673,2,9,1,29,2,3,0,1,1,0,6000.0,6000,,0.0,1,13.0,66.53798767967146,7.0,100.0
PRV54674,1,26,2,29,2,1,0,3,3,0,9000.0,27000,1068.0,3204.0,3,10.0,86.10540725530457,5.333333333333333,100.0
PRV54675,5,188,25,29,1,1,1,37,37,0,11405.405405405405,422000,1068.0,39516.0,34,5.054054054054054,72.54882808886916,6.324324324324325,100.0
PRV54676,4,169,26,29,1,1,1,40,40,0,9380.0,375200,1068.0,40584.0,36,5.125,73.93011635865845,5.825,100.0
PRV54677,2,65,0,29,2,1,0,27,0,27,602.5925925925926,16270,4.074074074074074,110.0,15,4.962962962962963,73.35635156032146,4.666666666666667,18.51851851851852
PRV54678,3,35,0,29,2,1,0,15,0,15,456.6666666666667,6850,4.666666666666667,70.0,7,0.0,69.88546657540498,3.2666666666666666,13.333333333333334
PRV54679,1,10,1,29,2,1,0,1,1,0,7000.0,7000,1068.0,1068.0,1,5.0,71.20328542094455,2.0,100.0
PRV54680,6,111,17,29,1,1,1,18,18,0,14277.777777777777,257000,1068.0,19224.0,17,7.277777777777778,69.9627348087307,5.944444444444445,100.0
PRV54681,162,514,0,10,2,1,0,301,0,301,211.9269102990033,63790,1.9601328903654485,590.0,285,1.1295681063122924,74.54823870238607,4.368770764119601,25.91362126245847
PRV54682,59,203,4,22,2,1,0,96,6,90,600.9375,57690,60.421052631578945,5740.0,88,1.3854166666666667,70.19182067077345,4.6875,27.083333333333332
PRV54683,157,676,0,10,2,1,0,462,0,462,268.0735930735931,123850,2.3376623376623376,1080.0,406,1.2878787878787878,74.0311593494345,4.365800865800866,21.645021645021643
PRV54684,50,252,0,10,2,1,0,133,0,133,326.01503759398497,43360,1.8045112781954886,240.0,128,2.0,73.95665755765182,4.330827067669173,20.30075187969925
PRV54685,52,281,0,5,2,1,0,145,0,145,276.8965517241379,40150,1.793103448275862,260.0,139,2.3241379310344827,76.21368453350327,4.537931034482758,17.93103448275862
PRV54686,64,317,8,54,2,1,0,157,14,143,927.515923566879,145620,97.97452229299363,15382.0,125,1.5541401273885351,71.16915819807566,4.477707006369426,26.751592356687897
PRV54687,17,44,0,10,1,1,0,18,0,18,521.6666666666666,9390,3.888888888888889,70.0,18,1.1111111111111112,74.02448855426267,4.277777777777778,5.555555555555555
PRV54688,49,1251,8,30,2,1,1,1032,11,1021,389.20542635658916,401660,14.503875968992247,14968.0,481,1.193798449612403,71.8970732587322,4.179263565891473,20.058139534883722
PRV54689,20,30,0,10,2,1,0,20,0,20,103.5,2070,0.0,0.0,20,0.1,77.36536618754278,4.6,25.0
PRV54690,12,1010,0,20,2,1,0,840,0,840,267.8095238095238,224960,2.0952380952380953,1760.0,366,1.2738095238095237,72.30273133209478,4.3654761904761905,20.476190476190474
PRV54691,40,146,1,10,2,1,0,67,7,60,1467.313432835821,98310,106.78787878787878,7048.0,66,0.9850746268656716,72.31338175651517,4.701492537313433,20.8955223880597
PRV54692,23,264,26,30,2,1,1,72,48,24,5220.555555555556,375880,712.0,51264.0,62,3.8194444444444446,78.70149821279185,5.0,70.83333333333334
PRV54693,30,129,2,22,2,1,0,52,2,50,767.8846153846154,39930,41.07692307692308,2136.0,51,3.0576923076923075,73.07908176696677,4.826923076923077,13.461538461538462
PRV54694,17,544,0,30,2,1,0,330,0,330,275.030303030303,90760,1.303030303030303,430.0,155,1.396969696969697,72.0824590877979,3.860606060606061,14.545454545454545
PRV54695,28,130,0,10,2,1,0,53,0,53,297.1698113207547,15750,4.90566037735849,260.0,53,1.7735849056603774,77.01326307904898,4.471698113207547,22.641509433962266
PRV54696,32,176,5,7,1,1,0,71,6,65,1959.8591549295775,139150,95.74647887323944,6798.0,63,2.6901408450704225,71.54069660949956,3.676056338028169,21.12676056338028
PRV54697,7,22,1,10,1,1,0,8,1,7,1360.0,10880,133.5,1068.0,8,3.125,76.04072553045859,3.5,37.5
PRV54699,5,5,0,20,2,1,0,4,0,4,90.0,360,25.0,100.0,4,0.0,77.18891170431212,5.75,0.0
PRV54701,6,7,0,47,2,1,0,6,0,6,218.33333333333334,1310,0.0,0.0,5,0.0,82.15605749486653,2.6666666666666665,33.33333333333333
PRV54703,13,28,0,47,2,1,0,11,0,11,60.0,660,0.0,0.0,11,0.0,75.68763611474084,3.8181818181818183,9.090909090909092
PRV54704,21,267,0,30,2,1,0,161,0,161,277.70186335403724,44710,1.0559006211180124,170.0,115,1.1055900621118013,74.28988058039036,4.403726708074534,16.149068322981368
PRV54705,19,469,7,30,2,1,0,257,20,237,855.0194552529183,219740,80.75,20672.0,119,1.5330739299610896,74.30834911326127,4.182879377431907,25.291828793774318
PRV54707,1,19,0,30,2,1,0,9,0,9,142.22222222222223,1280,0.0,0.0,8,0.0,64.85025477222602,4.555555555555555,33.33333333333333
PRV54708,2,23,0,20,2,1,0,8,0,8,335.0,2680,0.0,0.0,8,0.125,74.8264887063655,4.75,25.0
PRV54710,2,2,0,30,1,1,0,2,0,2,430.0,860,0.0,0.0,2,0.0,61.728952772073924,6.0,100.0
PRV54711,1,5,0,30,2,1,0,2,0,2,20.0,40,0.0,0.0,2,0.0,81.51540041067761,5.5,0.0
PRV54712,1,43,0,30,2,1,0,14,0,14,532.8571428571429,7460,0.0,0.0,13,1.4285714285714286,68.81705289918843,3.642857142857143,28.57142857142857
PRV54713,1,44,0,30,2,1,0,17,0,17,104.11764705882354,1770,11.764705882352942,200.0,17,1.2941176470588236,69.89266014413978,4.352941176470588,11.76470588235294
PRV54714,1,22,0,30,1,1,0,10,0,10,248.0,2480,0.0,0.0,10,0.3,78.547022587269,3.4,10.0
PRV54715,2,42,0,30,2,1,0,19,0,19,362.63157894736844,6890,5.2631578947368425,100.0,18,2.0526315789473686,77.38275874491156,4.7894736842105265,15.789473684210526
PRV54716,2,265,0,30,2,1,0,141,0,141,278.29787234042556,39240,4.822695035460993,680.0,55,0.8014184397163121,74.55699729612964,4.964539007092198,18.439716312056735
PRV54717,2,4,0,30,1,1,0,3,0,3,800.0,2400,0.0,0.0,3,0.0,59.48984713666439,4.333333333333333,33.33333333333333
PRV54718,3,169,17,30,2,1,1,29,29,0,10413.793103448275,302000,1068.0,30972.0,24,6.137931034482759,75.24416436545587,5.793103448275862,100.0
PRV54720,3,69,9,30,1,1,0,9,9,0,14111.111111111111,127000,1068.0,8544.0,9,3.888888888888889,76.70423606357897,4.111111111111111,100.0
PRV54723,40,181,0,31,2,1,0,90,0,90,270.55555555555554,24350,1.8888888888888888,170.0,86,1.5444444444444445,74.5262453418511,4.733333333333333,16.666666666666664
PRV54724,14,255,29,31,2,1,0,71,48,23,6980.985915492958,495650,718.0857142857143,50266.0,67,4.295774647887324,78.12098601189616,4.915492957746479,70.4225352112676
PRV54725,88,225,0,7,2,1,0,116,0,116,299.13793103448273,34700,1.293103448275862,150.0,112,2.0344827586206895,77.02003823550237,4.620689655172414,18.96551724137931
PRV54726,32,66,2,31,2,1,0,34,2,32,979.1176470588235,33290,67.23529411764706,2286.0,34,1.8823529411764706,73.94838346016024,4.617647058823529,23.52941176470588
PRV54727,67,137,0,31,2,1,0,59,0,59,411.35593220338984,24270,6.271186440677966,370.0,59,1.7118644067796611,77.84127426072229,4.203389830508475,23.728813559322035
PRV54728,11,33,2,31,1,1,0,11,2,9,1244.5454545454545,13690,194.1818181818182,2136.0,11,3.1818181818181817,76.41341546885695,5.454545454545454,27.27272727272727
PRV54730,24,89,0,33,2,1,0,40,0,40,236.25,9450,0.0,0.0,39,1.875,72.06789869952088,4.625,22.5
PRV54734,50,261,0,31,2,1,0,138,0,138,310.6521739130435,42870,2.8260869565217392,390.0,127,1.108695652173913,73.67207292999633,4.543478260869565,18.84057971014493
PRV54735,39,119,4,31,2,1,0,38,5,33,1571.3157894736842,59710,147.3684210526316,5600.0,38,2.473684210526316,75.84055621600203,4.7368421052631575,36.84210526315789
PRV54737,31,132,11,31,2,1,0,35,13,22,4843.142857142857,169510,396.6857142857143,13884.0,35,4.228571428571429,77.20786154297448,4.6571428571428575,60.0
PRV54739,46,424,31,31,2,1,1,186,45,141,3401.3440860215055,632650,246.59016393442624,45126.0,180,2.3118279569892475,74.39926990645677,4.795698924731183,42.473118279569896
PRV54741,106,336,0,10,2,1,0,177,0,177,269.2090395480226,47650,5.423728813559322,960.0,171,0.8361581920903954,74.02246739134638,4.418079096045198,20.903954802259886
PRV54742,18,1866,109,31,2,1,1,1892,231,1661,1569.5190274841439,2969530,129.8664546899841,245058.0,989,1.885306553911205,74.70293016599305,4.513742071881607,28.541226215644823
PRV54743,79,178,7,31,2,1,1,80,7,73,1093.375,87470,82.75949367088607,6538.0,77,2.075,72.27819986310746,4.8625,25.0
PRV54745,35,1098,9,31,2,1,0,828,10,818,357.17391304347825,295740,15.809178743961352,13090.0,502,1.2330917874396135,75.13695205785197,4.48792270531401,20.41062801932367
PRV54747,21,49,0,31,2,1,0,21,0,21,258.0952380952381,5420,7.619047619047619,160.0,20,1.0476190476190477,73.49669176363221,4.761904761904762,28.57142857142857
PRV54748,47,162,0,10,2,1,0,85,0,85,377.7647058823529,32110,3.411764705882353,290.0,83,2.1176470588235294,76.21780408261867,4.882352941176471,16.470588235294116
PRV54753,10,37,0,31,2,1,0,16,0,16,486.25,7780,0.0,0.0,16,1.9375,75.51659822039699,4.8125,31.25
PRV54756,17,54,0,31,2,1,0,19,3,16,915.2631578947369,17390,171.26315789473685,3254.0,19,2.473684210526316,70.13350625022515,4.7368421052631575,15.789473684210526
PRV54757,72,177,10,10,2,1,0,65,15,50,1804.4615384615386,117290,220.6984126984127,13904.0,65,2.0923076923076924,77.67350076343916,4.492307692307692,43.07692307692308
PRV54758,90,184,0,33,2,1,0,95,0,95,270.42105263157896,25690,4.421052631578948,420.0,93,1.6526315789473685,74.5485356100724,4.252631578947368,16.842105263157894
PRV54759,33,122,3,31,2,1,0,44,5,39,1025.909090909091,45140,122.27272727272727,5380.0,44,1.5,71.98550183560451,4.9772727272727275,25.0
PRV54760,14,147,18,31,2,1,0,31,24,7,6293.225806451613,195090,826.8387096774194,25632.0,29,3.967741935483871,78.2828376498642,5.580645161290323,83.87096774193549
PRV54761,8,974,0,31,2,1,0,822,0,822,262.82238442822387,216040,2.7858880778588806,2290.0,483,1.6313868613138687,74.0905988798793,4.418491484184915,17.761557177615572
PRV54763,26,71,0,31,2,1,0,34,0,34,346.1764705882353,11770,0.0,0.0,33,1.5588235294117647,73.35950396585739,4.411764705882353,29.411764705882355
PRV54764,51,146,13,31,2,1,0,51,13,38,3178.0392156862745,162080,275.7647058823529,14064.0,48,1.7450980392156863,74.31799331642307,5.235294117647059,39.21568627450981
PRV54765,46,604,89,31,2,1,1,239,196,43,8370.292887029289,2000500,872.9191489361702,205136.0,201,4.510460251046025,74.26286231417123,5.330543933054393,84.51882845188284
PRV54767,51,159,2,31,2,1,0,63,8,55,985.3968253968254,62080,136.88888888888889,8624.0,62,1.0634920634920635,74.66623208717664,4.746031746031746,31.746031746031743
PRV54768,34,93,3,31,2,1,0,32,7,25,2481.875,79420,208.96774193548387,6478.0,31,3.34375,69.9154688569473,4.96875,34.375
PRV54771,63,212,10,31,2,1,1,85,12,73,2018.3529411764705,171560,151.83529411764707,12906.0,80,1.4470588235294117,73.84015782904538,4.423529411764706,28.235294117647058
PRV54772,67,2013,65,31,2,1,1,2115,109,2006,828.0472813238771,1751320,57.15421002838222,120824.0,1061,1.7546099290780142,74.58548259474469,4.556501182033097,24.728132387706854
PRV54773,28,126,9,31,2,1,0,34,10,24,4712.058823529412,160210,297.6363636363636,9822.0,34,4.088235294117647,74.54330233119943,5.0588235294117645,44.11764705882353
PRV54774,23,720,4,31,2,1,0,488,5,483,416.33196721311475,203170,13.62704918032787,6650.0,264,1.7336065573770492,73.50083594214607,4.254098360655738,20.081967213114755
PRV54776,42,104,4,31,2,1,0,37,5,32,1012.1621621621622,37450,144.32432432432432,5340.0,37,1.8108108108108107,74.07425495310505,4.5675675675675675,37.83783783783784
PRV54778,9,1639,31,31,2,1,1,1672,64,1608,596.9856459330143,998160,43.22800718132854,72234.0,857,1.8026315789473684,75.39541475491978,4.471291866028708,23.863636363636363
PRV54779,35,105,7,31,2,1,0,31,9,22,3892.9032258064517,120680,310.06451612903226,9612.0,31,1.935483870967742,71.80764390276214,4.67741935483871,35.483870967741936
PRV54780,10,43,0,31,2,1,0,21,0,21,235.71428571428572,4950,2.380952380952381,50.0,21,1.9047619047619047,78.36015775235488,4.380952380952381,19.047619047619047
PRV54781,52,485,36,31,2,1,1,205,71,134,3788.0975609756097,776560,367.9901960784314,75070.0,189,3.029268292682927,74.94929300011685,4.7560975609756095,49.75609756097561
PRV54783,14,54,0,31,2,1,0,28,0,28,733.2142857142857,20530,6.428571428571429,180.0,26,2.892857142857143,75.36335191160653,4.892857142857143,25.0
PRV54784,5,14,0,31,2,1,0,9,0,9,168.88888888888889,1520,0.0,0.0,9,0.7777777777777778,76.6093239029584,4.0,22.22222222222222
PRV54785,10,32,1,31,1,1,0,8,2,6,3291.25,26330,279.5,2236.0,8,4.25,69.2864476386037,4.5,37.5
PRV54786,10,1433,0,31,2,1,1,1316,0,1316,316.03343465045594,415900,2.5835866261398177,3400.0,697,1.7765957446808511,74.05107880891008,4.47112462006079,18.99696048632219
PRV54787,67,224,20,31,2,1,0,77,24,53,3867.7922077922076,297820,325.3157894736842,24724.0,76,2.0259740259740258,72.44481186164964,4.740259740259741,46.75324675324675
PRV54789,3,21,1,31,1,1,0,3,3,0,10000.0,30000,1068.0,3204.0,3,4.333333333333333,74.3874058863792,5.333333333333333,100.0
PRV54790,2,24,0,31,2,1,0,8,0,8,445.0,3560,0.0,0.0,8,3.0,75.25496235455168,3.75,25.0
PRV54792,2,44,0,31,1,1,0,22,0,22,245.0,5390,2.727272727272727,60.0,22,1.0909090909090908,75.76143363823036,3.8636363636363638,22.727272727272727
PRV54793,3,19,0,54,2,1,0,10,0,10,382.0,3820,0.0,0.0,5,2.8,67.49678302532513,2.1,20.0
PRV54794,3,9,0,31,2,1,0,3,0,3,150.0,450,0.0,0.0,3,0.0,74.63107460643396,3.0,33.33333333333333
PRV54795,6,50,0,31,2,1,0,21,0,21,357.6190476190476,7510,2.857142857142857,60.0,21,0.9523809523809523,79.19611485935921,3.857142857142857,9.523809523809524
PRV54796,2,5,0,31,2,1,0,2,0,2,850.0,1700,0.0,0.0,2,0.0,51.017111567419576,2.5,0.0
PRV54798,1,21,0,31,1,1,0,5,0,5,58.0,290,0.0,0.0,5,4.0,83.81546885694729,4.4,0.0
PRV54799,1,3,0,31,1,1,0,1,0,1,100.0,100,0.0,0.0,1,0.0,66.54346338124572,2.0,0.0
PRV54800,2,5,0,31,1,1,0,2,0,2,250.0,500,0.0,0.0,2,0.0,66.31211498973306,2.0,50.0
PRV54802,4,46,0,31,1,1,0,17,0,17,104.11764705882354,1770,0.0,0.0,17,1.5294117647058822,77.52305028787696,4.235294117647059,17.647058823529413
PRV54803,2,8,0,31,1,1,0,3,0,3,626.6666666666666,1880,0.0,0.0,3,0.0,70.32991101984942,1.6666666666666667,33.33333333333333
PRV54805,1,9,0,31,1,1,0,5,0,5,54.0,270,0.0,0.0,5,4.0,75.66050650239562,4.4,0.0
PRV54806,1,142,0,31,2,1,0,75,0,75,177.33333333333334,13300,6.8,510.0,56,1.1866666666666668,75.46228610540726,3.8,22.666666666666664
PRV54808,3,69,0,31,2,1,1,32,0,32,473.125,15140,3.4375,110.0,32,0.03125,69.97869609856264,4.40625,18.75
PRV54809,4,136,0,31,2,1,0,55,0,55,384.90909090909093,21170,2.909090909090909,160.0,53,0.8909090909090909,75.70904112998568,3.9454545454545453,16.363636363636363
PRV54810,2,15,0,31,2,1,0,7,0,7,542.8571428571429,3800,5.714285714285714,40.0,7,2.857142857142857,71.17864476386038,4.285714285714286,28.57142857142857
PRV54812,3,79,12,31,2,1,0,12,12,0,13000.0,156000,1068.0,12816.0,12,5.833333333333333,77.1825233858088,5.583333333333333,100.0
PRV54813,1,1234,2,31,2,1,0,1056,0,1056,284.1193181818182,300030,3.484848484848485,3680.0,711,1.4583333333333333,74.65590193516272,4.476325757575758,21.022727272727273
PRV54814,3,167,0,31,2,1,0,82,0,82,253.53658536585365,20790,2.5609756097560976,210.0,72,1.2926829268292683,72.41829017879502,4.719512195121951,19.51219512195122
PRV54817,2,9,2,31,2,1,0,1,1,0,7000.0,7000,1068.0,1068.0,1,19.0,99.1731690622861,7.0,100.0
PRV54818,4,34,2,31,1,1,0,5,5,0,9200.0,46000,1068.0,5340.0,5,3.0,70.66502395619439,6.6,100.0
PRV54819,7,136,18,31,2,1,0,25,23,2,6324.4,158110,975.1304347826087,22428.0,23,4.36,75.30447638603695,5.72,92.0
PRV54820,1,9,0,31,2,1,0,1,1,0,12000.0,12000,1068.0,1068.0,1,2.0,96.30937713894593,7.0,100.0
PRV54821,1,44,7,31,2,1,0,7,7,0,5571.428571428572,39000,1068.0,7476.0,7,4.571428571428571,74.7253348978195,4.142857142857143,100.0
PRV54822,4,103,11,31,2,1,1,16,16,0,8500.0,136000,1068.0,17088.0,16,6.125,68.6574264202601,5.375,100.0
PRV54824,1,73,9,31,1,1,0,10,10,0,10000.0,100000,1068.0,10680.0,10,6.5,72.18370978781657,6.1,100.0
PRV54827,1,38,0,32,1,1,0,17,0,17,151.1764705882353,2570,0.0,0.0,12,1.2941176470588236,75.92237387768249,4.117647058823529,23.52941176470588
PRV54828,18,130,2,32,2,1,1,60,3,57,1860.1666666666667,111610,56.4,3384.0,22,2.0,69.52475473420031,4.366666666666666,20.0
PRV54829,37,132,0,3,2,1,0,75,0,75,281.8666666666667,21140,2.6666666666666665,200.0,55,1.3333333333333333,75.06737850787133,4.6,12.0
PRV54830,8,29,1,32,2,1,0,11,1,10,1255.4545454545455,13810,97.0909090909091,1068.0,11,2.5454545454545454,73.58173106838404,3.272727272727273,36.36363636363637
PRV54831,14,61,1,32,2,1,0,17,4,13,2002.3529411764705,34040,251.2941176470588,4272.0,17,0.8235294117647058,69.70036638885533,4.294117647058823,29.411764705882355
PRV54832,24,144,5,5,2,1,1,60,5,55,1587.3333333333333,95240,90.83333333333333,5450.0,58,1.9,73.23376682637463,5.15,20.0
PRV54833,3,175,0,32,1,1,0,88,0,88,215.9090909090909,19000,3.8636363636363638,340.0,48,1.3068181818181819,69.61489639723726,4.375,14.772727272727273
PRV54834,9,71,5,32,1,1,0,16,6,10,3706.25,59300,413.0,6608.0,15,3.4375,72.76078028747433,4.8125,50.0
PRV54836,8,17,0,45,2,1,0,8,0,8,425.0,3400,3.75,30.0,8,0.125,71.11054072553046,3.625,0.0
PRV54837,17,1687,1,32,2,1,1,1843,0,1843,284.35160065111234,524060,3.038524145415084,5600.0,728,1.6006511123168747,73.13682160480691,3.9907759088442756,19.696147585458494
PRV54838,1,133,0,32,2,1,0,58,0,58,186.20689655172413,10800,2.9310344827586206,170.0,31,0.6896551724137931,74.46807807595175,4.310344827586207,29.310344827586203
PRV54840,12,64,0,32,2,1,0,26,0,26,250.76923076923077,6520,0.0,0.0,21,1.3846153846153846,71.37461169904701,4.730769230769231,15.384615384615385
PRV54841,6,27,2,32,2,1,0,6,3,3,8375.0,50250,534.0,3204.0,5,1.5,78.0351357517682,5.666666666666667,50.0
PRV54842,19,276,2,32,1,1,0,130,3,127,480.15384615384613,62420,27.184615384615384,3534.0,59,1.1076923076923078,74.08885378823777,4.7153846153846155,16.153846153846153
PRV54845,21,105,8,3,2,1,1,41,8,33,2445.8536585365855,100280,216.6829268292683,8884.0,36,2.048780487804878,69.8407706048313,4.780487804878049,39.02439024390244
PRV54846,33,133,7,32,2,1,0,42,9,33,2807.8571428571427,117930,230.28571428571428,9672.0,40,0.8333333333333334,72.90916202209837,4.285714285714286,42.857142857142854
PRV54847,67,480,3,32,2,1,0,296,10,286,433.1081081081081,128200,40.4054054054054,11960.0,135,1.2905405405405406,70.0960930129308,4.054054054054054,22.635135135135133
PRV54848,5,126,19,32,1,1,0,28,24,4,8545.357142857143,239270,917.1851851851852,24764.0,26,6.785714285714286,73.42378018969394,4.75,85.71428571428571
PRV54849,10,22,0,32,1,1,0,12,0,12,132.5,1590,0.0,0.0,12,0.0,72.04814054300708,4.5,8.333333333333332
PRV54852,2,340,0,32,2,1,0,180,0,180,285.6666666666667,51420,2.5,450.0,82,1.9444444444444444,75.83407103201763,4.683333333333334,16.11111111111111
PRV54854,3,232,0,32,2,1,0,131,0,131,302.7480916030534,39660,3.3587786259541983,440.0,55,1.6870229007633588,70.02107727113605,4.412213740458015,16.793893129770993
PRV54855,3,361,0,32,2,1,0,212,0,212,268.5377358490566,56930,2.311320754716981,490.0,129,1.5943396226415094,72.59386824738806,4.122641509433962,22.169811320754718
PRV54856,1,1,0,32,2,1,0,1,0,1,40.0,40,0.0,0.0,1,0.0,65.85352498288843,6.0,100.0
PRV54859,4,47,0,32,2,1,0,25,0,25,490.0,12250,11.2,280.0,6,1.16,69.21856262833676,5.24,24.0
PRV54860,1,58,0,32,1,1,0,21,0,21,670.4761904761905,14080,13.333333333333334,280.0,8,3.0476190476190474,69.91923340177961,3.7142857142857144,14.285714285714285
PRV54861,13,92,0,32,2,1,0,43,0,43,150.0,6450,4.186046511627907,180.0,32,1.4186046511627908,67.23811342979481,3.604651162790698,9.30232558139535
PRV54862,2,16,0,32,2,1,0,7,0,7,504.2857142857143,3530,0.0,0.0,1,0.14285714285714285,86.06355725041557,4.0,28.57142857142857
PRV54863,2,13,0,32,2,1,0,6,0,6,190.0,1140,0.0,0.0,6,0.6666666666666666,69.15400410677618,3.0,33.33333333333333
PRV54864,2,7,0,32,2,1,0,5,0,5,172.0,860,0.0,0.0,5,2.8,69.17672826830938,4.4,40.0
PRV54865,2,14,0,32,1,1,0,6,0,6,101.66666666666667,610,8.333333333333334,50.0,6,0.0,75.51540041067763,3.1666666666666665,33.33333333333333
PRV54866,1,2,0,32,1,1,0,2,0,2,20.0,40,45.0,90.0,2,0.0,52.98151950718686,4.5,0.0
PRV54867,1,12,0,32,1,1,0,3,0,3,1183.3333333333333,3550,6.666666666666667,20.0,3,6.666666666666667,76.94364590463154,6.0,66.66666666666666
PRV54868,1,211,0,5,2,1,0,105,0,105,240.1904761904762,25220,2.4761904761904763,260.0,91,1.6,72.49346501091881,3.961904761904762,12.380952380952381
PRV54869,1,17,0,32,2,1,0,8,0,8,118.75,950,0.0,0.0,8,0.0,69.70978781656399,3.125,0.0
PRV54870,1,17,0,32,1,1,0,8,0,8,135.0,1080,0.0,0.0,8,0.0,80.17556468172485,3.75,0.0
PRV54871,2,33,0,32,2,1,0,10,0,10,326.0,3260,0.0,0.0,8,0.0,74.08815879534566,4.6,50.0
PRV54873,3,18,0,32,1,1,0,8,0,8,52.5,420,0.0,0.0,8,0.0,64.0927446954141,3.125,25.0
PRV54875,3,125,15,32,2,1,1,20,20,0,8600.0,172000,1068.0,20292.0,19,9.15,69.28008213552361,4.95,100.0
PRV54876,2,24,4,32,2,1,1,3,3,0,19333.333333333332,58000,1068.0,2136.0,3,10.666666666666666,70.65845311430526,4.333333333333333,100.0
PRV54877,22,152,1,33,2,1,0,70,0,70,375.57142857142856,26290,2.5714285714285716,180.0,63,1.8285714285714285,74.11545907890877,4.757142857142857,18.571428571428573
PRV54878,9,40,1,33,2,1,0,16,1,15,577.5,9240,72.375,1158.0,15,2.125,73.57529089664614,5.1875,31.25
PRV54879,40,489,36,33,2,1,1,245,60,185,2627.4285714285716,643720,256.641975308642,62364.0,197,2.2816326530612243,73.32687424045594,5.1020408163265305,42.857142857142854
PRV54881,12,170,16,33,1,1,0,39,33,6,7551.538461538462,294510,903.6923076923077,35244.0,39,5.538461538461538,73.17839905930256,5.538461538461538,84.61538461538461
PRV54882,163,507,24,33,2,1,1,253,32,221,1461.1857707509882,369680,138.12648221343875,34946.0,220,2.067193675889328,74.38781710507449,4.612648221343873,30.8300395256917
PRV54883,1,9,0,33,1,1,0,1,1,0,13000.0,13000,1068.0,1068.0,1,7.0,80.98288843258042,6.0,100.0
PRV54885,235,567,23,31,2,1,0,316,36,280,1301.8987341772151,411400,123.0,38868.0,289,2.0348101265822787,73.21959122848058,4.563291139240507,28.164556962025316
PRV54886,10,36,0,33,2,1,0,9,0,9,882.2222222222222,7940,0.0,0.0,9,3.4444444444444446,78.16807361776561,4.777777777777778,22.22222222222222
PRV54887,84,245,0,33,2,1,0,143,0,143,341.1188811188811,48780,3.006993006993007,430.0,126,1.3006993006993006,75.13060792732252,4.468531468531468,24.475524475524477
PRV54888,180,598,0,33,2,1,0,413,0,413,292.6876513317191,120880,1.7191283292978208,710.0,324,1.74818401937046,74.9232689142897,4.530266343825666,21.54963680387409
PRV54889,40,148,7,33,1,1,0,56,7,49,1796.0714285714287,100580,134.03571428571428,7506.0,48,1.625,74.48098171506795,5.160714285714286,30.357142857142854
PRV54890,59,189,3,33,2,1,0,77,4,73,965.1948051948052,74320,60.675324675324674,4672.0,77,2.5064935064935066,74.18203152084055,4.636363636363637,28.57142857142857
PRV54891,22,130,3,33,2,1,0,50,6,44,1667.6,83380,111.42857142857143,5460.0,44,0.52,73.60388774811773,4.88,36.0
PRV54892,37,117,0,33,2,1,0,49,0,49,217.75510204081633,10670,0.0,0.0,46,1.6122448979591837,70.43612845548897,4.163265306122449,14.285714285714285
PRV54893,7,15,0,33,2,1,0,8,0,8,228.75,1830,0.0,0.0,8,3.875,66.64442162902122,4.875,0.0
PRV54894,79,580,74,33,2,1,1,229,138,91,7672.751091703057,1757060,634.5714285714286,142144.0,209,4.471615720524017,74.5112069558148,5.065502183406114,68.12227074235808
PRV54895,32,2483,8,33,2,1,1,3436,3,3433,307.80267753201394,1057610,4.355064027939465,14964.0,1469,1.3780558789289872,73.48366333359628,4.486903376018626,21.47846332945285
PRV54896,70,395,33,33,2,1,1,159,56,103,3879.622641509434,616860,380.49056603773585,60498.0,152,3.0377358490566038,74.2971256871532,4.635220125786163,49.056603773584904
PRV54898,1,62,7,33,2,1,0,9,9,0,8000.0,72000,1068.0,9612.0,9,5.444444444444445,71.86919157350368,4.555555555555555,100.0
PRV54900,20,45,0,33,2,1,0,14,0,14,249.28571428571428,3490,7.142857142857143,100.0,14,1.3571428571428572,72.22997946611909,4.928571428571429,42.857142857142854
PRV54901,32,79,5,33,1,1,0,25,8,17,4158.4,103960,315.6666666666667,7576.0,25,2.84,74.97593429158111,4.28,44.0
PRV54902,12,38,1,33,2,1,0,16,1,15,615.0,9840,66.75,1068.0,15,1.375,69.86875427789185,5.125,25.0
PRV54903,1,41,1,33,2,1,0,7,7,0,8142.857142857143,57000,1068.0,7476.0,6,2.142857142857143,70.56732179524786,6.428571428571429,100.0
PRV54904,10,45,0,33,2,1,0,19,0,19,419.4736842105263,7970,5.2631578947368425,100.0,19,1.0,73.97528729421089,6.2105263157894735,10.526315789473683
PRV54905,47,284,4,33,2,1,0,149,4,145,534.3624161073825,79620,31.221476510067113,4652.0,114,0.7516778523489933,76.56456688211163,4.456375838926174,22.14765100671141
PRV54906,20,81,5,33,1,1,0,22,8,14,5779.545454545455,127150,388.3636363636364,8544.0,22,4.045454545454546,74.55926824715326,4.954545454545454,50.0
PRV54907,22,318,0,33,2,1,0,170,0,170,352.47058823529414,59920,3.0588235294117645,520.0,120,1.4058823529411764,75.38205097233966,4.694117647058824,25.294117647058822
PRV54908,45,212,0,31,2,1,0,115,0,115,297.6521739130435,34230,0.8695652173913043,100.0,109,1.2434782608695651,74.49665803648485,4.139130434782609,20.869565217391305
PRV54909,29,89,7,33,2,1,0,27,8,19,3328.1481481481483,89860,287.53846153846155,7476.0,27,2.4814814814814814,75.61680229168252,4.37037037037037,44.44444444444444
PRV54910,87,367,2,33,2,1,0,215,3,212,376.1860465116279,80880,15.413953488372092,3314.0,152,0.6558139534883721,74.10759753593429,4.367441860465116,22.790697674418606
PRV54911,38,159,0,33,2,1,0,85,0,85,300.2352941176471,25520,3.176470588235294,270.0,82,0.9529411764705882,73.65160043483513,4.035294117647059,15.294117647058824
PRV54914,17,638,4,33,2,1,0,402,14,388,529.6766169154229,212930,40.22885572139303,16172.0,220,1.256218905472637,75.4580213239075,4.380597014925373,23.134328358208954
PRV54916,15,263,11,33,2,1,0,107,16,91,1717.2897196261683,183750,162.13084112149534,17348.0,99,2.3551401869158877,73.2807768331766,4.4766355140186915,41.1214953271028
PRV54917,7,129,8,33,2,1,0,37,15,22,3039.189189189189,112450,433.2432432432432,16030.0,36,3.5405405405405403,75.15400410677617,4.783783783783784,59.45945945945946
PRV54918,61,415,36,33,2,1,1,166,71,95,5270.240963855422,874860,458.2409638554217,76068.0,139,2.9397590361445785,75.87610400534376,4.801204819277109,54.21686746987952
PRV54919,65,306,0,33,2,1,0,178,4,174,375.1123595505618,66770,24.730337078651687,4402.0,155,1.2134831460674158,75.88070353536519,4.46067415730337,17.97752808988764
PRV54923,21,149,0,33,2,1,0,79,0,79,384.8101265822785,30400,0.25316455696202533,20.0,57,1.3164556962025316,70.10849166948249,4.367088607594937,18.9873417721519
PRV54924,59,360,19,33,2,1,0,173,21,152,1613.9884393063585,279220,132.64739884393063,22948.0,144,1.7341040462427746,75.29994896203013,4.526011560693641,28.901734104046245
PRV54925,30,342,21,33,2,1,1,122,39,83,3925.1639344262294,478870,336.64462809917353,40734.0,97,2.6557377049180326,72.99877694370575,4.704918032786885,43.44262295081967
PRV54926,24,136,6,33,2,1,0,47,8,39,1821.7021276595744,85620,183.27659574468086,8614.0,45,2.25531914893617,69.2391396158271,4.702127659574468,44.680851063829785
PRV54927,40,185,0,33,2,1,0,102,0,102,221.5686274509804,22600,0.49019607843137253,50.0,94,1.588235294117647,75.30692112573983,4.509803921568627,19.607843137254903
PRV54929,33,130,9,33,2,1,1,26,15,11,7601.153846153846,197630,616.1538461538462,16020.0,26,5.5,73.95903754014637,5.346153846153846,57.692307692307686
PRV54930,58,395,4,33,2,1,0,211,5,206,443.45971563981044,93570,29.95260663507109,6320.0,186,1.872037914691943,74.47780686473914,4.459715639810427,23.22274881516588
PRV54931,57,181,17,33,2,1,1,52,24,28,4779.615384615385,248540,492.9230769230769,25632.0,50,4.346153846153846,75.10693413362819,5.5,53.84615384615385
PRV54932,48,135,1,33,2,1,0,59,1,58,358.64406779661016,21160,2.9310344827586206,170.0,59,0.8983050847457628,73.28962052924048,5.203389830508475,28.8135593220339
PRV54933,18,213,24,33,2,1,1,64,29,35,4268.75,273200,467.19354838709677,28966.0,53,3.34375,72.26112251882273,5.234375,57.8125
PRV54934,39,214,13,33,2,1,0,71,18,53,2520.1408450704225,178930,261.51428571428573,18306.0,57,2.183098591549296,74.22255641997089,4.563380281690141,39.436619718309856
PRV54935,39,188,3,33,2,1,0,89,3,86,261.23595505617976,23250,39.59550561797753,3524.0,77,0.7640449438202247,73.92910812203432,4.01123595505618,26.96629213483146
PRV54936,65,545,63,33,2,1,1,221,131,90,5157.149321266968,1139730,615.688679245283,130526.0,209,3.981900452488688,72.91791093313016,5.167420814479638,66.9683257918552
PRV54937,31,108,2,33,2,1,0,36,3,33,1007.2222222222222,36260,90.94444444444444,3274.0,36,2.888888888888889,69.72712753821583,4.75,19.444444444444446
PRV54938,69,181,0,31,2,1,0,86,0,86,296.86046511627904,25530,3.13953488372093,270.0,86,1.1162790697674418,74.19104468108813,4.674418604651163,18.6046511627907
PRV54939,276,1436,0,33,2,1,1,1380,0,1380,295.5072463768116,407800,2.550724637681159,3520.0,1163,1.267391304347826,74.09248975785891,4.484057971014493,21.086956521739133
PRV54941,11,38,0,33,2,1,0,18,0,18,277.22222222222223,4990,0.0,0.0,18,1.8888888888888888,72.76583770628946,5.111111111111111,16.666666666666664
PRV54942,73,299,9,33,2,1,1,130,20,110,2815.153846153846,365970,161.48837209302326,20832.0,119,1.8846153846153846,76.06916232296109,4.6692307692307695,31.538461538461537
PRV54943,17,63,1,33,2,1,0,23,2,21,1019.5652173913044,23450,92.8695652173913,2136.0,21,0.30434782608695654,68.44519834538583,3.9565217391304346,30.434782608695656
PRV54944,100,214,0,10,2,1,0,120,0,120,321.8333333333333,38620,2.5833333333333335,310.0,115,0.8916666666666667,74.50609171800137,4.325,20.0
PRV54945,18,87,0,33,2,1,0,37,0,37,160.8108108108108,5950,2.7027027027027026,100.0,36,1.2162162162162162,72.10500027748488,3.972972972972973,24.324324324324326
PRV54946,83,171,0,33,2,1,0,91,0,91,370.7692307692308,33740,1.3186813186813187,120.0,91,0.9120879120879121,72.77487194530316,4.252747252747253,19.78021978021978
PRV54947,16,50,0,33,2,1,0,26,0,26,293.46153846153845,7630,1.9230769230769231,50.0,24,0.8461538461538461,72.29589848891698,3.6923076923076925,23.076923076923077
PRV54949,167,715,25,33,2,1,0,412,42,370,1274.611650485437,525140,106.78048780487805,43780.0,375,2.383495145631068,74.39529382056445,4.572815533980583,27.9126213592233
PRV54950,22,66,5,33,2,1,1,18,5,13,4188.888888888889,75400,301.6666666666667,5430.0,18,3.4444444444444446,77.6414936497072,4.777777777777778,38.88888888888889
PRV54952,98,314,6,31,2,1,1,149,12,137,1219.1275167785234,181650,81.47297297297297,12058.0,147,2.1073825503355703,74.80594793489794,5.046979865771812,27.516778523489933
PRV54953,40,214,0,33,2,1,0,102,0,102,276.47058823529414,28200,2.3529411764705883,240.0,84,1.2352941176470589,72.365073613292,4.980392156862745,22.54901960784314
PRV54954,55,137,0,33,2,1,0,71,0,71,254.64788732394365,18080,1.1267605633802817,80.0,71,1.7605633802816902,73.56940548148576,4.225352112676056,29.577464788732392
PRV54955,86,691,85,33,2,1,1,314,205,109,6799.012738853503,2134890,686.8459016393442,209488.0,300,4.308917197452229,74.15760952493056,5.197452229299363,71.97452229299363
PRV54959,67,233,8,33,2,1,0,95,7,88,910.6315789473684,86510,81.01052631578948,7696.0,92,1.8736842105263158,73.46443315681401,4.494736842105263,35.78947368421053
PRV54960,87,340,0,33,2,1,0,193,0,193,266.32124352331607,51400,0.31088082901554404,60.0,187,1.6424870466321244,76.10830824227853,4.492227979274611,21.243523316062177
PRV54963,52,154,1,33,1,1,0,67,1,66,444.32835820895525,29770,17.432835820895523,1168.0,67,1.2537313432835822,73.8699929510558,3.925373134328358,23.88059701492537
PRV54965,98,253,6,33,2,1,0,107,9,98,1415.7009345794393,151480,91.70093457943925,9812.0,105,2.074766355140187,75.6009390572326,4.5607476635514015,28.971962616822427
PRV54966,11,1660,1,33,2,1,1,1796,0,1796,279.51559020044544,502010,3.329621380846325,5980.0,1289,1.2733853006681515,74.53115372361427,4.612472160356347,21.714922048997774
PRV54967,26,115,0,33,2,1,0,51,0,51,429.80392156862746,21920,1.7647058823529411,90.0,51,1.196078431372549,74.38590275261372,4.431372549019608,23.52941176470588
PRV54968,31,148,6,33,2,1,0,49,10,39,2608.5714285714284,127820,221.83673469387756,10870.0,41,2.36734693877551,68.97663048792413,4.795918367346939,28.57142857142857
PRV54970,51,402,3,33,2,1,0,233,6,227,455.6652360515021,106170,31.278969957081546,7288.0,180,1.4334763948497855,73.9619697250105,4.339055793991417,19.742489270386265
PRV54971,18,690,33,33,2,1,0,429,52,377,1261.1421911421912,541030,127.23653395784544,54330.0,189,1.8484848484848484,71.94262000832842,4.505827505827506,31.7016317016317
PRV54972,34,133,0,33,2,1,0,62,0,62,273.38709677419354,16950,2.903225806451613,180.0,56,1.032258064516129,74.02119626415843,4.5,20.967741935483872
PRV54973,85,270,6,33,2,1,0,129,9,120,533.953488372093,68880,76.52713178294573,9872.0,123,2.3255813953488373,77.16511468729605,4.503875968992248,26.356589147286826
PRV54975,49,255,0,10,1,1,0,132,0,132,276.2121212121212,36460,1.8181818181818181,240.0,122,0.7651515151515151,74.87387219214735,4.833333333333333,21.96969696969697
PRV54976,27,110,0,33,2,1,0,55,0,55,362.54545454545456,19940,3.272727272727273,180.0,53,1.8181818181818181,75.19527098500404,4.381818181818182,16.363636363636363
PRV54977,36,115,2,33,2,1,0,53,5,48,1681.8867924528302,89140,100.75471698113208,5340.0,41,1.6603773584905661,76.31521444345434,5.339622641509434,30.18867924528302
PRV54978,15,422,0,33,2,1,0,265,0,265,327.39622641509436,86760,1.8867924528301887,500.0,126,1.1622641509433962,74.87779112264798,4.479245283018868,21.88679245283019
PRV54981,22,343,50,33,2,1,0,95,81,14,8597.157894736842,816730,907.2258064516129,84372.0,90,5.768421052631579,74.50452826110451,5.536842105263158,87.36842105263159
PRV54982,18,92,0,33,2,1,0,37,0,37,320.5405405405405,11860,1.6216216216216217,60.0,33,0.7837837837837838,76.9353090256581,4.945945945945946,29.72972972972973
PRV54983,56,243,0,33,2,1,0,126,0,126,334.44444444444446,42140,1.3492063492063493,170.0,116,1.3571428571428572,72.68594026704909,4.666666666666667,20.634920634920633
PRV54985,114,368,0,33,2,1,0,223,0,223,284.0358744394619,63340,3.8565022421524664,860.0,203,1.6771300448430493,75.11657044287499,4.641255605381166,23.318385650224215
PRV54986,126,976,80,33,2,1,1,618,153,465,2740.145631067961,1693410,259.0457516339869,158536.0,542,2.598705501618123,72.93599055485781,4.7459546925566345,37.86407766990291
PRV54988,30,100,0,10,2,1,0,41,0,41,349.0243902439024,14310,0.0,0.0,41,1.6097560975609757,70.85791556067511,3.4146341463414633,24.390243902439025
PRV54990,25,70,2,10,2,1,0,20,4,16,2330.0,46600,213.6,4272.0,20,1.05,74.85503080082135,5.15,40.0
PRV54991,64,211,0,7,1,1,0,130,0,130,162.92307692307693,21180,5.076923076923077,660.0,125,1.0153846153846153,74.26420260095826,4.538461538461538,16.153846153846153
PRV54992,15,39,0,33,2,1,0,18,0,18,650.5555555555555,11710,0.0,0.0,17,2.6666666666666665,72.38679747509316,4.722222222222222,11.11111111111111
PRV54993,37,134,8,33,2,1,0,53,8,45,3507.9245283018868,185920,161.96226415094338,8584.0,48,3.1132075471698113,73.78471711027598,5.113207547169812,39.62264150943396
PRV54995,9,35,0,33,2,1,0,16,0,16,378.75,6060,8.125,130.0,16,0.6875,77.04551676933607,4.4375,12.5
PRV54997,19,96,3,54,2,1,0,34,5,29,1169.7058823529412,39770,158.52941176470588,5390.0,22,1.6470588235294117,74.38120545959657,3.764705882352941,23.52941176470588
PRV54998,30,467,30,33,2,1,1,207,59,148,2722.415458937198,563540,302.8349514563107,62384.0,130,2.7246376811594204,76.36904112397372,5.048309178743962,39.61352657004831
PRV54999,14,38,2,33,2,1,0,10,3,7,4094.0,40940,320.4,3204.0,10,4.0,75.62655715263517,2.8,30.0
PRV55000,162,1059,49,33,2,1,0,764,86,678,1526.2041884816754,1166020,120.02887139107611,91462.0,707,1.9921465968586387,74.44583248223444,4.455497382198953,27.486910994764397
PRV55001,79,274,0,33,2,1,0,158,0,158,262.0253164556962,41400,2.3417721518987342,370.0,153,1.1265822784810127,73.4337327476412,4.2405063291139244,18.9873417721519
PRV55002,51,181,0,33,1,1,0,100,0,100,270.6,27060,4.4,440.0,93,1.26,71.49960301163587,4.71,18.0
PRV55003,38,182,4,33,2,1,0,76,5,71,1024.342105263158,77850,70.39473684210526,5350.0,73,2.1710526315789473,75.51709355524335,4.223684210526316,30.263157894736842
PRV55004,28,2069,7,33,2,1,1,2399,3,2396,293.29303876615256,703610,3.95162635529608,9476.0,992,1.4651938307628178,73.72261599987904,4.626511046269279,20.883701542309296
PRV55005,53,367,27,33,2,1,0,130,56,74,3975.230769230769,516780,455.8914728682171,58810.0,128,2.8923076923076922,75.0241036171221,4.930769230769231,58.46153846153847
PRV55006,25,91,1,33,2,1,0,41,3,38,908.5365853658536,37250,81.5609756097561,3344.0,41,2.4146341463414633,72.19291831522011,4.560975609756097,36.58536585365854
PRV55007,10,37,0,33,2,1,0,14,0,14,237.85714285714286,3330,0.0,0.0,13,1.4285714285714286,78.36941429549233,4.357142857142857,28.57142857142857
PRV55010,28,463,0,33,2,1,1,289,0,289,229.75778546712803,66400,2.041522491349481,590.0,143,1.1038062283737025,76.50681502217991,4.595155709342561,23.52941176470588
PRV55011,30,115,0,33,2,1,0,56,0,56,245.53571428571428,13750,4.464285714285714,250.0,54,0.5,74.33587562334995,4.410714285714286,25.0
PRV55012,29,136,0,10,1,1,0,73,0,73,271.2328767123288,19800,4.52054794520548,330.0,69,0.9178082191780822,75.09763438440551,4.027397260273973,12.32876712328767
PRV55013,65,164,0,33,2,1,0,83,0,83,214.4578313253012,17800,6.626506024096385,550.0,78,2.3734939759036147,72.41315157962445,4.734939759036145,15.66265060240964
PRV55016,29,277,0,39,2,1,0,146,0,146,261.2328767123288,38140,3.493150684931507,510.0,86,0.9178082191780822,72.57922421310231,4.691780821917808,17.80821917808219
PRV55018,12,311,41,33,2,1,1,75,63,12,8212.533333333333,615940,897.12,67284.0,72,4.666666666666667,74.91438740588639,5.293333333333333,89.33333333333333
PRV55019,59,633,81,33,2,1,1,285,158,127,6515.859649122807,1857020,590.9366197183099,167826.0,221,3.6912280701754385,74.38495623041176,5.028070175438597,64.21052631578948
PRV55022,38,424,38,33,2,1,1,137,76,61,5232.481751824817,716850,590.7352941176471,80340.0,123,3.4963503649635035,76.18035841864136,5.124087591240876,63.503649635036496
PRV55023,16,229,23,33,2,1,0,64,34,30,6564.84375,420150,551.2258064516129,34176.0,52,5.09375,72.1469455852156,5.25,62.5
PRV55024,49,116,2,33,2,1,0,46,3,43,716.9565217391304,32980,73.34782608695652,3374.0,45,2.0434782608695654,73.64705532244145,5.282608695652174,28.26086956521739
PRV55026,156,468,0,33,2,1,0,272,0,272,282.75735294117646,76910,2.9779411764705883,810.0,239,1.3419117647058822,73.16927366429117,4.518382352941177,18.014705882352942
PRV55027,88,315,9,33,2,1,1,156,13,143,1230.7051282051282,191990,91.88461538461539,14334.0,147,1.9679487179487178,75.08501377700556,4.647435897435898,34.61538461538461
PRV55028,11,400,13,33,2,1,0,223,20,203,1084.2600896860986,241790,93.61261261261261,20782.0,87,1.3004484304932735,71.82897640598767,4.968609865470852,30.94170403587444
PRV55029,159,436,9,33,2,1,0,255,14,241,878.4313725490196,224000,56.196850393700785,14274.0,209,1.6784313725490196,73.5357088215163,4.698039215686275,25.882352941176475
PRV55030,80,593,35,33,2,1,1,311,73,238,2517.363344051447,782900,244.67532467532467,75360.0,239,2.9356913183279745,74.13416789363758,4.893890675241158,37.29903536977492
PRV55031,34,86,3,33,1,1,0,32,4,28,1415.625,45300,133.5,4272.0,30,2.59375,71.5284907597536,4.125,31.25
PRV55032,19,83,0,10,2,1,0,36,1,35,565.0,20340,48.27777777777778,1738.0,36,0.8333333333333334,76.15301543843638,4.277777777777778,33.33333333333333
PRV55034,2,864,24,33,2,1,1,612,26,586,712.0588235294117,435780,43.04433497536946,26214.0,466,1.3725490196078431,74.05601857443868,4.504901960784314,24.019607843137255
PRV55035,7,42,0,33,2,1,0,14,0,14,275.7142857142857,3860,0.0,0.0,14,1.6428571428571428,76.62286105407256,5.071428571428571,28.57142857142857
PRV55036,32,128,0,33,2,1,0,64,0,64,230.625,14760,5.625,360.0,63,2.765625,76.01227754962355,4.40625,15.625
PRV55037,18,896,8,33,2,1,0,649,11,638,483.2973805855162,313660,20.262345679012345,13130.0,448,1.546995377503852,72.87396921921685,4.229583975346687,16.79506933744222
PRV55038,17,48,0,33,2,1,0,15,0,15,282.0,4230,0.0,0.0,15,0.06666666666666667,68.71001597079626,3.8,6.666666666666667
PRV55039,59,1917,21,33,2,1,1,2058,31,2027,396.5986394557823,816200,17.56420233463035,36112.0,647,1.3760932944606414,74.81113286225803,4.61661807580175,20.456754130223516
PRV55040,7,17,0,33,2,1,0,6,0,6,1105.0,6630,0.0,0.0,6,3.3333333333333335,79.40588637919234,4.5,33.33333333333333
PRV55041,24,70,0,33,2,1,0,21,5,16,3041.904761904762,63880,254.28571428571428,5340.0,20,3.0952380952380953,74.35533392001564,5.619047619047619,47.61904761904761
PRV55042,55,276,7,33,2,1,0,124,8,116,1018.5483870967741,126300,72.12903225806451,8944.0,110,1.7903225806451613,73.77887439005542,4.741935483870968,21.774193548387096
PRV55043,72,219,0,10,2,1,0,119,0,119,297.89915966386553,35450,4.53781512605042,540.0,114,1.361344537815126,75.24416912555577,4.61344537815126,21.008403361344538
PRV55044,10,30,0,33,2,1,0,9,0,9,118.88888888888889,1070,0.0,0.0,9,1.8888888888888888,81.71967449996197,5.222222222222222,22.22222222222222
PRV55045,27,135,0,31,2,1,0,66,0,66,418.6363636363636,27630,0.15151515151515152,10.0,65,1.9393939393939394,74.81007197228963,4.424242424242424,21.21212121212121
PRV55048,17,334,53,33,2,1,1,94,82,12,9215.31914893617,866240,928.695652173913,85440.0,88,5.23404255319149,73.69271993825274,5.851063829787234,89.36170212765957
PRV55049,51,411,52,33,1,1,1,148,75,73,4899.6621621621625,725150,537.6326530612245,79032.0,117,4.27027027027027,73.68366724013542,4.918918918918919,63.51351351351351
PRV55050,1,332,0,33,2,1,0,183,0,183,271.09289617486337,49610,2.7868852459016393,510.0,137,1.530054644808743,73.3638835590564,4.612021857923497,21.85792349726776
PRV55051,2,57,6,33,2,1,0,7,7,0,8571.42857142857,60000,1068.0,7476.0,7,10.857142857142858,75.43170040089957,6.285714285714286,100.0
PRV55052,7,105,0,33,2,1,0,49,0,49,173.0612244897959,8480,0.0,0.0,31,0.04081632653061224,75.25161686851332,3.8979591836734695,22.448979591836736
PRV55053,5,90,0,33,2,1,0,54,0,54,247.03703703703704,13340,1.8518518518518519,100.0,29,2.2962962962962963,74.51375263011128,4.277777777777778,20.37037037037037
PRV55054,6,144,0,33,2,1,0,69,0,69,183.33333333333334,12650,0.7246376811594203,50.0,59,0.9565217391304348,74.78491007747324,4.304347826086956,23.18840579710145
PRV55056,21,210,0,33,2,1,0,100,0,100,402.9,40290,3.6,360.0,91,0.84,74.90521560574949,4.97,22.0
PRV55057,6,532,0,33,2,1,1,347,0,347,272.507204610951,94560,2.9971181556195967,1040.0,146,1.7377521613832854,72.15780908816551,4.610951008645533,21.902017291066283
PRV55058,9,376,0,33,1,1,0,227,0,227,279.6035242290749,63470,5.286343612334802,1200.0,164,1.2819383259911894,73.10539217903374,4.511013215859031,25.991189427312776
PRV55059,10,303,0,33,2,1,0,153,0,153,339.281045751634,51910,2.3529411764705883,360.0,84,1.7320261437908497,75.03863859027526,4.993464052287582,28.104575163398692
PRV55061,25,204,0,33,2,1,0,95,0,95,255.68421052631578,24290,0.7368421052631579,70.0,83,1.2105263157894737,76.15447242335819,5.031578947368421,15.789473684210526
PRV55062,9,89,0,33,2,1,0,29,0,29,257.2413793103448,7460,0.0,0.0,28,1.0344827586206897,77.41291982345582,4.586206896551724,17.24137931034483
PRV55063,12,16,0,33,2,1,0,10,0,10,66.0,660,0.0,0.0,10,0.0,79.04257357973991,4.0,0.0
PRV55064,1,836,0,33,2,1,0,621,0,621,302.33494363929145,187750,2.0933977455716586,1300.0,380,1.4363929146537842,73.24465518400584,4.71658615136876,20.933977455716587
PRV55067,2,9,2,33,2,2,0,1,1,0,29000.0,29000,1068.0,1068.0,1,20.0,77.73032169746749,5.0,100.0
PRV55068,1,12,0,33,1,1,0,6,0,6,436.6666666666667,2620,0.0,0.0,6,3.6666666666666665,65.57608943645904,6.166666666666667,33.33333333333333
PRV55069,4,38,0,33,2,1,0,21,0,21,97.61904761904762,2050,4.761904761904762,100.0,20,0.9523809523809523,71.20915224405984,4.809523809523809,9.523809523809524
PRV55070,1,51,0,33,2,1,0,20,0,20,161.0,3220,0.0,0.0,19,1.3,74.37180013689253,4.4,20.0
PRV55071,5,140,0,33,2,1,0,70,0,70,370.42857142857144,25930,4.142857142857143,290.0,58,1.7428571428571429,75.33505426811381,4.571428571428571,12.857142857142856
PRV55072,3,77,0,33,2,1,0,48,0,48,198.95833333333334,9550,1.6666666666666667,80.0,41,0.5416666666666666,74.38660734656628,4.5625,22.916666666666664
PRV55073,2,47,0,33,2,1,0,18,0,18,365.0,6570,5.0,90.0,17,0.1111111111111111,71.4318959616701,4.388888888888889,16.666666666666664
PRV55074,1,1,0,33,2,1,0,1,0,1,10.0,10,0.0,0.0,1,0.0,86.22313483915127,6.0,0.0
PRV55076,3,14,0,33,2,1,0,5,0,5,154.0,770,0.0,0.0,5,0.0,64.6280629705681,4.8,0.0
PRV55077,3,17,0,54,1,1,0,8,0,8,48.75,390,0.0,0.0,7,0.0,70.78781656399727,5.5,12.5
PRV55078,1,1,0,33,1,1,0,1,0,1,0.0,0,0.0,0.0,1,0.0,67.1895961670089,3.0,0.0
PRV55079,1,111,0,33,2,1,0,47,0,47,232.7659574468085,10940,2.127659574468085,100.0,46,1.446808510638298,74.36655161868147,4.404255319148936,12.76595744680851
PRV55080,3,31,0,33,1,1,0,8,0,8,602.5,4820,8.75,70.0,8,0.0,80.65811088295688,4.25,12.5
PRV55081,1,61,0,33,2,1,0,30,0,30,231.66666666666666,6950,2.0,60.0,28,0.6666666666666666,72.1306867442391,3.8666666666666667,20.0
PRV55083,2,351,0,33,2,1,0,196,0,196,257.5,50470,4.540816326530612,890.0,152,1.3775510204081634,74.77444858847029,4.479591836734694,21.428571428571427
PRV55085,5,71,0,33,2,1,0,24,0,24,382.5,9180,8.333333333333334,200.0,22,0.7916666666666666,75.30846452201688,4.291666666666667,4.166666666666666
PRV55086,3,139,0,33,2,1,0,78,0,78,188.33333333333334,14690,3.8461538461538463,300.0,60,2.128205128205128,77.68581407185103,4.397435897435898,20.51282051282051
PRV55087,3,368,0,33,2,1,0,201,0,201,217.76119402985074,43770,2.5870646766169156,520.0,154,1.6169154228855722,73.6826068153415,4.696517412935323,25.37313432835821
PRV55088,4,81,0,33,2,1,0,31,0,31,491.93548387096774,15250,0.3225806451612903,10.0,31,1.064516129032258,75.202048972202,4.064516129032258,16.129032258064516
PRV55089,1,1,0,33,1,1,0,1,0,1,400.0,400,0.0,0.0,1,0.0,80.78850102669405,0.0,0.0
PRV55091,4,49,0,33,2,1,0,18,0,18,263.8888888888889,4750,2.7777777777777777,50.0,18,1.1111111111111112,67.78188455395848,4.611111111111111,38.88888888888889
PRV55092,1,33,0,33,2,1,0,8,0,8,82.5,660,17.5,140.0,8,0.125,75.71971252566735,4.5,12.5
PRV55093,2,53,0,33,2,1,0,19,0,19,177.89473684210526,3380,8.421052631578947,160.0,18,1.263157894736842,76.88288483014517,4.2631578947368425,26.31578947368421
PRV55094,3,45,0,33,2,1,0,19,0,19,900.0,17100,0.0,0.0,18,3.0526315789473686,70.49576713858569,4.473684210526316,10.526315789473683
PRV55095,4,41,0,33,2,1,0,20,0,20,376.0,7520,12.0,240.0,20,1.9,78.67474332648871,5.4,20.0
PRV55096,1,52,0,33,2,1,0,27,0,27,198.14814814814815,5350,2.5925925925925926,70.0,26,0.4444444444444444,73.98453621314675,3.7777777777777777,11.11111111111111
PRV55097,2,6,0,33,2,1,0,4,0,4,180.0,720,0.0,0.0,4,0.0,81.74880219028063,5.0,0.0
PRV55098,1,55,0,33,1,1,0,27,0,27,258.14814814814815,6970,5.185185185185185,140.0,17,0.18518518518518517,74.03888762136538,3.962962962962963,18.51851851851852
PRV55099,6,207,0,33,2,1,0,97,0,97,249.48453608247422,24200,6.597938144329897,640.0,54,0.7525773195876289,75.61565655496517,4.824742268041237,18.556701030927837
PRV55103,2,166,0,33,2,1,0,78,0,78,193.5897435897436,15100,2.4358974358974357,190.0,74,0.6282051282051282,74.94280348900472,4.358974358974359,21.794871794871796
PRV55104,2,113,0,33,2,1,0,52,0,52,286.15384615384613,14880,7.3076923076923075,380.0,46,1.3846153846153846,72.93302795766861,5.326923076923077,25.0
PRV55106,1,12,0,33,1,1,0,5,0,5,774.0,3870,0.0,0.0,5,4.0,73.75441478439424,5.4,0.0
PRV55108,6,355,0,33,2,1,0,223,0,223,284.0358744394619,63340,2.7354260089686098,610.0,152,0.7488789237668162,73.84743541342468,4.650224215246637,26.905829596412556
PRV55110,2,82,0,33,2,1,0,40,0,40,249.0,9960,3.25,130.0,23,1.8,75.57926078028747,5.425,17.5
PRV55111,2,83,0,33,1,1,0,29,0,29,140.3448275862069,4070,4.827586206896552,140.0,25,0.7586206896551724,73.54764096391229,5.344827586206897,24.137931034482758
PRV55112,2,74,0,33,2,1,0,32,0,32,179.6875,5750,0.3125,10.0,31,0.96875,75.11045516769336,4.53125,9.375
PRV55114,3,36,0,33,2,1,0,13,0,13,344.61538461538464,4480,0.0,0.0,13,3.076923076923077,76.12425630495446,4.769230769230769,23.076923076923077
PRV55116,2,478,0,33,1,1,0,284,0,284,288.4507042253521,81920,1.1619718309859155,330.0,143,1.6690140845070423,77.71160019666252,4.588028169014085,21.12676056338028
PRV55117,3,9,0,33,1,1,0,4,0,4,200.0,800,0.0,0.0,4,5.0,66.51334702258727,3.75,25.0
PRV55118,4,26,1,33,2,1,0,5,2,3,2120.0,10600,427.2,2136.0,5,1.6,65.32402464065709,5.6,40.0
PRV55120,5,55,5,33,2,1,0,9,8,1,6466.666666666667,58200,949.3333333333334,8544.0,9,3.5555555555555554,78.89634192714276,5.444444444444445,88.88888888888889
PRV55121,5,116,10,33,2,1,0,20,20,0,8653.5,173070,1068.0,21360.0,20,6.1,69.64243668720056,6.05,100.0
PRV55122,2,6,0,33,1,1,0,1,1,0,5000.0,5000,1068.0,1068.0,1,3.0,81.86173853524983,5.0,100.0
PRV55123,2,2,0,33,1,1,0,2,0,2,45.0,90,0.0,0.0,2,0.0,77.52908966461328,2.0,50.0
PRV55124,7,69,9,33,2,1,0,9,9,0,16888.88888888889,152000,1068.0,9612.0,8,7.666666666666667,79.357821887596,6.0,100.0
PRV55126,2,18,2,33,1,1,0,2,2,0,6500.0,13000,1068.0,2136.0,2,19.0,69.85626283367557,7.5,100.0
PRV55128,3,55,7,33,2,1,0,8,8,0,13875.0,111000,1068.0,8544.0,8,6.875,81.63963039014374,6.625,100.0
PRV55129,4,12,1,33,2,1,0,3,1,2,3533.3333333333335,10600,356.0,1068.0,3,1.0,74.92402464065708,3.3333333333333335,33.33333333333333
PRV55130,2,23,5,33,1,1,0,3,3,0,9333.333333333334,28000,1068.0,3204.0,3,5.0,63.397672826830934,4.0,100.0
PRV55131,2,11,2,33,1,1,0,2,2,0,23500.0,47000,1068.0,2136.0,2,5.0,82.25872689938399,4.5,100.0
PRV55132,2,62,7,33,2,1,0,10,10,0,10800.0,108000,1068.0,9612.0,10,2.9,71.19863107460642,6.0,100.0
PRV55133,3,16,2,33,1,1,0,2,2,0,25000.0,50000,1068.0,2136.0,2,10.5,78.14784394250513,5.5,100.0
PRV55134,2,9,1,33,2,1,0,1,1,0,11000.0,11000,1068.0,1068.0,1,4.0,85.65366187542779,6.0,100.0
PRV55135,4,22,2,33,1,1,0,3,3,0,8333.333333333334,25000,1068.0,3204.0,3,3.0,58.601870864704544,4.333333333333333,100.0
PRV55136,9,59,6,33,2,1,0,8,8,0,12750.0,102000,1068.0,8544.0,8,6.5,74.09719370294319,5.125,100.0
PRV55137,2,14,1,33,2,1,0,2,2,0,19000.0,38000,1068.0,2136.0,2,11.0,77.92607802874744,6.0,100.0
PRV55138,1,25,2,33,1,1,0,3,3,0,8333.333333333334,25000,1068.0,3204.0,3,13.333333333333334,84.08761122518824,7.333333333333333,100.0
PRV55140,1,52,6,33,2,1,0,9,9,0,9444.444444444445,85000,1068.0,9612.0,9,3.3333333333333335,67.90326260552132,5.666666666666667,100.0
PRV55141,1,7,0,33,2,1,0,2,0,2,45.0,90,0.0,0.0,2,7.0,83.84394250513347,3.5,0.0
PRV55143,1,10,0,33,2,1,0,1,1,0,10000.0,10000,1068.0,1068.0,1,2.0,79.60848733744011,8.0,100.0
PRV55144,1,17,1,33,1,1,0,2,2,0,20500.0,41000,1068.0,2136.0,2,12.0,60.536618754277896,5.5,100.0
PRV55145,2,95,9,33,1,1,0,14,14,0,10214.285714285714,143000,1068.0,14952.0,14,5.214285714285714,71.72269482741761,5.071428571428571,100.0
PRV55146,1,9,1,33,2,1,0,1,1,0,6000.0,6000,1068.0,1068.0,1,2.0,71.77275838466804,9.0,100.0
PRV55147,3,46,4,33,2,1,1,6,6,0,18700.0,112200,1068.0,5340.0,6,7.333333333333333,75.28359571070042,5.5,100.0
PRV55148,2,9,1,33,1,1,0,1,1,0,7000.0,7000,1068.0,1068.0,1,7.0,84.26009582477755,6.0,100.0
PRV55149,1,100,8,33,2,1,0,16,16,0,9062.5,145000,1068.0,17088.0,16,5.75,77.22091033538672,5.875,100.0
PRV55150,4,37,1,33,1,1,0,6,4,2,3183.3333333333335,19100,712.0,4272.0,6,2.0,75.24617841660962,6.166666666666667,66.66666666666666
PRV55151,1,4,0,39,1,2,0,1,1,0,10000.0,10000,1068.0,1068.0,1,1.0,62.51882272416153,3.0,100.0
PRV55152,4,65,2,33,2,1,0,10,10,0,7830.0,78300,1068.0,10680.0,10,4.3,74.39397672826831,5.3,100.0
PRV55154,1,2,0,33,1,1,0,1,0,1,900.0,900,0.0,0.0,1,0.0,79.70704996577686,3.0,0.0
PRV55155,2,57,4,33,2,1,0,9,9,0,7555.555555555556,68000,1068.0,9612.0,9,6.444444444444445,69.29834968438665,4.555555555555555,100.0
PRV55156,1,9,1,33,1,2,0,1,1,0,6000.0,6000,1068.0,1068.0,1,5.0,69.33333333333333,1.0,100.0
PRV55157,1,25,2,33,2,1,0,3,3,0,5333.333333333333,16000,1068.0,3204.0,3,5.333333333333333,78.41022130960529,6.0,100.0
PRV55158,12,973,19,33,2,1,0,698,29,669,728.0945558739255,508210,44.4103299856528,30954.0,534,1.4154727793696276,74.19122985590982,4.637535816618911,24.641833810888254
PRV55160,7,68,11,33,2,1,0,10,10,0,12000.0,120000,1068.0,9612.0,10,8.5,67.86310746064339,6.2,100.0
PRV55161,3,17,1,33,1,1,0,2,2,0,14000.0,28000,1068.0,2136.0,2,2.0,69.14989733059548,4.5,100.0
PRV55163,45,815,1,34,2,1,1,587,1,586,287.4787052810903,168750,4.647359454855196,2728.0,365,1.8568994889267463,73.49909224155121,4.4463373083475295,18.739352640545146
PRV55164,54,310,13,34,2,1,0,154,17,137,1556.8831168831168,239760,119.84415584415585,18456.0,113,1.0194805194805194,72.11666088873481,4.428571428571429,24.675324675324674
PRV55165,166,460,19,34,2,1,1,241,30,211,1368.7551867219918,329870,135.8091286307054,32730.0,228,2.2780082987551866,71.9850383838728,4.634854771784233,34.85477178423236
PRV55166,36,140,0,34,2,1,0,72,0,72,274.1666666666667,19740,2.9166666666666665,210.0,70,0.875,69.00117879686667,4.597222222222222,18.055555555555554
PRV55167,45,183,0,34,2,1,0,94,0,94,354.25531914893617,33300,2.5531914893617023,240.0,80,1.8191489361702127,71.57007004820365,4.51063829787234,20.212765957446805
PRV55168,19,252,0,34,2,1,0,134,0,134,387.76119402985074,51960,2.1641791044776117,290.0,82,1.5820895522388059,74.02423202263834,4.41044776119403,21.641791044776117
PRV55169,276,1048,57,34,2,1,0,721,83,638,1403.2732316227462,1011760,123.66111111111111,89036.0,585,1.884882108183079,72.0441625584665,4.447988904299584,31.06796116504854
PRV55171,31,498,32,49,2,1,1,247,41,206,1649.2307692307693,407360,169.60655737704917,41384.0,110,2.0526315789473686,72.01259189673758,4.42914979757085,32.388663967611336
PRV55172,53,344,26,34,2,1,1,114,55,59,6382.456140350877,727600,519.2743362831858,58678.0,98,3.5526315789473686,73.56672310481886,4.973684210526316,57.89473684210527
PRV55173,18,51,0,34,2,1,0,25,0,25,334.0,8350,2.8,70.0,24,1.72,74.39134839151266,4.96,28.000000000000004
PRV55175,151,551,18,34,2,1,0,304,23,281,837.5,254600,83.69736842105263,25444.0,267,1.493421052631579,73.83316221765914,4.473684210526316,28.947368421052634
PRV55176,13,43,0,34,2,1,0,20,1,19,432.5,8650,55.4,1108.0,20,1.15,74.64791238877481,4.8,15.0
PRV55177,163,500,0,34,2,1,0,327,0,327,319.3272171253823,104420,2.874617737003058,940.0,286,1.003058103975535,73.80697314687481,4.428134556574924,17.431192660550458
PRV55178,15,76,0,34,2,1,0,31,2,29,597.0967741935484,18510,68.90322580645162,2136.0,29,1.8064516129032258,73.87922545318054,4.451612903225806,25.806451612903224
PRV55179,33,195,14,34,2,1,0,74,16,58,2417.972972972973,178930,223.013698630137,16280.0,66,2.0135135135135136,71.5531013559761,4.986486486486487,33.78378378378378
PRV55180,69,263,2,34,2,1,0,127,7,120,853.8582677165355,108440,55.06349206349206,6938.0,112,1.921259842519685,72.1664483931295,5.0,27.559055118110237
PRV55181,83,728,23,34,2,1,0,439,35,404,941.5945330296128,413360,88.74715261958998,38960.0,332,1.6195899772209568,72.4038298728209,4.580865603644647,26.65148063781321
PRV55182,43,215,0,34,2,1,0,102,0,102,254.31372549019608,25940,0.0,0.0,78,0.22549019607843138,70.91004012830321,4.1568627450980395,13.725490196078432
PRV55183,40,275,15,34,2,1,0,117,21,96,2202.991452991453,257750,186.29310344827587,21610.0,90,2.8119658119658117,71.01238467973582,4.82051282051282,30.76923076923077
PRV55184,31,115,1,34,1,1,0,56,1,55,281.42857142857144,15760,20.857142857142858,1168.0,45,1.0178571428571428,71.27539845506992,4.517857142857143,23.214285714285715
PRV55185,35,396,2,34,2,1,0,206,5,201,544.5145631067961,112170,28.349514563106798,5840.0,70,0.7912621359223301,69.3413475276277,4.747572815533981,20.87378640776699
PRV55187,43,236,0,34,2,1,0,125,0,125,234.16,29270,5.44,680.0,101,1.568,73.25065023956195,5.032,15.2
PRV55188,25,356,6,34,2,1,0,207,4,203,354.92753623188406,73470,22.183574879227052,4592.0,112,1.4830917874396135,73.27401323294546,4.36231884057971,24.637681159420293
PRV55189,84,357,22,34,2,1,0,133,36,97,2555.93984962406,339940,290.812030075188,38678.0,115,1.6390977443609023,72.66659461796174,5.2406015037593985,40.6015037593985
PRV55191,75,160,0,34,2,1,0,90,0,90,192.11111111111111,17290,0.0,0.0,87,0.9111111111111111,72.63031409232642,4.855555555555555,22.22222222222222
PRV55192,154,440,10,34,2,1,0,253,15,238,864.1897233201581,218640,64.38735177865613,16290.0,234,1.466403162055336,70.94074392708444,4.798418972332016,29.249011857707508
PRV55193,12,181,17,34,1,1,1,44,31,13,10099.545454545454,444380,752.4545454545455,33108.0,38,5.2272727272727275,72.38230352809408,5.386363636363637,72.72727272727273
PRV55194,146,781,80,34,2,1,1,421,169,252,4040.142517814727,1700900,429.0809523809524,180214.0,368,3.294536817102138,72.35366398897057,4.828978622327791,52.73159144893111
PRV55195,23,195,10,34,2,1,1,77,16,61,3204.285714285714,246730,200.69333333333333,15052.0,69,1.9870129870129871,70.33271998364401,4.87012987012987,33.76623376623377
PRV55196,93,363,7,34,2,1,0,173,6,167,871.6184971098265,150790,39.005780346820806,6748.0,153,1.439306358381503,72.4805640289136,4.497109826589595,28.32369942196532
PRV55197,19,146,0,34,2,1,0,73,0,73,331.64383561643837,24210,3.0136986301369864,220.0,50,2.3424657534246576,71.43765294928413,4.739726027397261,15.068493150684931
PRV55198,34,158,1,34,2,1,0,68,2,66,327.6470588235294,22280,33.3235294117647,2266.0,60,2.764705882352941,71.26766517695374,4.735294117647059,25.0
PRV55200,1,155,0,34,2,1,0,69,0,69,293.4782608695652,20250,4.202898550724638,290.0,55,0.9420289855072463,74.34800464244263,4.695652173913044,17.391304347826086
PRV55202,13,65,0,34,2,1,0,30,0,30,399.3333333333333,11980,2.0,60.0,27,1.4,67.64289299566506,5.333333333333333,36.666666666666664
PRV55203,16,76,4,34,2,1,0,25,5,20,1858.8,46470,218.0,5450.0,25,1.12,74.70083504449008,4.4,32.0
PRV55205,182,507,28,34,2,1,0,260,38,222,2454.076923076923,638060,152.0466926070039,39076.0,240,1.6576923076923078,73.84499552466698,4.619230769230769,30.0
PRV55206,91,179,0,34,2,1,0,103,0,103,321.2621359223301,33090,2.0388349514563107,210.0,92,0.5436893203883495,75.05536173521261,4.300970873786408,14.563106796116504
PRV55207,111,295,0,34,2,1,0,167,0,167,248.562874251497,41510,2.035928143712575,340.0,151,1.1017964071856288,72.86004582211346,4.341317365269461,19.16167664670659
PRV55208,47,135,3,34,2,1,0,53,7,46,1439.622641509434,76300,141.0566037735849,7476.0,50,2.169811320754717,73.6166750610205,5.0,30.18867924528302
PRV55209,203,1194,106,34,2,1,1,762,275,487,3825.0656167979005,2914700,382.6358839050132,290038.0,659,2.811023622047244,72.12650164109363,4.868766404199475,47.112860892388454
PRV55210,8,325,0,34,2,1,0,174,0,174,290.11494252873564,50480,2.7011494252873565,470.0,68,2.0172413793103448,72.60871549167237,4.574712643678161,19.54022988505747
PRV55211,23,55,0,34,2,1,0,32,0,32,219.6875,7030,2.5,80.0,32,0.6875,70.9837440109514,4.46875,9.375
PRV55213,43,163,1,34,2,1,0,81,3,78,992.4691358024692,80390,39.55555555555556,3204.0,66,1.8024691358024691,74.49668331347546,4.962962962962963,19.753086419753085
PRV55214,66,326,0,34,2,1,0,190,0,190,241.47368421052633,45880,2.3684210526315788,450.0,173,1.1105263157894736,73.34362188839656,4.410526315789474,14.210526315789473
PRV55215,735,2620,69,34,2,1,1,3393,143,3250,673.315649867374,2284560,46.97110849056604,159326.0,2638,1.6713822575891542,72.53705690723322,4.427350427350428,23.57795461243737
PRV55216,31,166,4,34,2,1,0,80,5,75,742.125,59370,73.375,5870.0,52,0.9375,74.0968514715948,4.05,20.0
PRV55218,47,187,0,34,2,1,0,94,0,94,222.4468085106383,20910,3.8297872340425534,360.0,82,1.8404255319148937,71.27720739219713,4.797872340425532,22.340425531914892
PRV55219,60,167,0,34,2,1,0,89,0,89,196.96629213483146,17530,3.8202247191011236,340.0,85,1.1235955056179776,71.11939644233209,4.235955056179775,26.96629213483146
PRV55220,60,214,0,34,2,1,0,102,0,102,228.23529411764707,23280,2.156862745098039,220.0,89,1.3235294117647058,71.80719625290226,4.852941176470588,16.666666666666664
PRV55224,12,56,0,34,1,1,0,23,0,23,252.17391304347825,5800,0.0,0.0,23,0.0,70.98770943070559,3.739130434782609,17.391304347826086
PRV55225,41,171,7,34,1,1,1,66,9,57,3021.060606060606,199390,147.75757575757575,9752.0,64,1.7424242424242424,75.18631904258187,4.803030303030303,24.242424242424242
PRV55226,144,398,0,34,2,1,0,242,0,242,333.4297520661157,80690,1.9008264462809918,460.0,219,1.2727272727272727,73.55156945599359,4.62396694214876,24.793388429752067
PRV55227,21,114,0,34,2,1,0,46,0,46,263.04347826086956,12100,0.0,0.0,42,1.2391304347826086,72.58887599321488,4.6521739130434785,17.391304347826086
PRV55229,136,454,9,34,2,1,0,243,16,227,1059.7530864197531,257520,69.00826446280992,16700.0,218,1.617283950617284,73.56500283080251,4.440329218106996,23.868312757201647
PRV55230,190,1002,101,34,2,1,1,565,225,340,4624.3185840707965,2612740,416.1294964028777,231368.0,515,3.7150442477876107,72.57030643334363,4.982300884955753,53.98230088495575
PRV55231,39,231,0,34,2,1,0,126,0,126,329.12698412698415,41470,1.0317460317460319,130.0,99,1.9841269841269842,72.36543789315863,4.634920634920635,22.22222222222222
PRV55232,36,287,21,34,2,1,0,107,28,79,2901.121495327103,310420,280.31775700934577,29994.0,95,2.177570093457944,69.51523409263915,4.252336448598131,42.05607476635514
PRV55233,39,347,0,34,1,1,0,187,1,186,293.7967914438503,54940,7.903743315508021,1478.0,99,1.5828877005347595,74.0636367296592,4.636363636363637,21.390374331550802
PRV55234,67,360,7,34,2,1,0,184,7,177,514.1304347826087,94600,44.65217391304348,8216.0,172,1.815217391304348,71.30921346308365,4.255434782608695,26.6304347826087
PRV55235,42,279,0,34,2,1,0,160,0,160,380.75,60920,3.75,600.0,118,1.16875,73.2131930184805,4.35625,18.125
PRV55236,20,202,13,34,2,1,0,54,20,34,4393.7037037037035,237260,397.4074074074074,21460.0,35,4.944444444444445,74.51720029406545,5.314814814814815,42.592592592592595
PRV55237,49,264,7,34,2,1,0,117,15,102,1125.6410256410256,131700,138.63247863247864,16220.0,108,1.7692307692307692,71.58939258323241,4.52991452991453,30.76923076923077
PRV55238,50,214,0,34,2,1,0,101,0,101,388.61386138613864,39250,4.752475247524752,480.0,101,2.3366336633663365,72.05185652035429,4.306930693069307,18.81188118811881
PRV55239,63,277,0,10,2,1,0,161,0,161,307.70186335403724,49540,4.285714285714286,690.0,154,1.484472049689441,74.86561148877013,4.770186335403727,23.60248447204969
PRV55240,53,312,8,34,2,1,0,163,11,152,735.2147239263803,119840,74.95705521472392,12218.0,145,1.01840490797546,74.11217629743474,4.5030674846625764,29.447852760736197
PRV55242,23,107,2,34,2,1,0,34,10,24,1930.2941176470588,65630,314.70588235294116,10700.0,28,1.7352941176470589,74.27475137899103,5.147058823529412,50.0
PRV55243,147,464,1,34,2,1,0,257,0,257,257.70428015564204,66230,2.178988326848249,560.0,231,1.6186770428015564,73.20802073096355,4.4863813229571985,21.011673151750973
PRV55244,8,74,0,34,2,1,0,25,0,25,300.0,7500,4.0,100.0,25,1.72,69.3447227926078,4.56,20.0
PRV55246,109,384,0,34,2,1,0,227,0,227,252.37885462555067,57290,2.7312775330396475,620.0,213,1.669603524229075,72.97292603279993,4.4449339207048455,15.859030837004406
PRV55247,17,524,4,34,2,1,0,355,3,352,360.9577464788732,128140,10.12394366197183,3594.0,175,1.332394366197183,73.02383279829559,4.650704225352112,22.253521126760564
PRV55248,35,262,0,34,2,1,0,133,0,133,351.57894736842104,46760,3.8345864661654137,510.0,103,1.4586466165413534,74.99644388177836,4.30827067669173,21.052631578947366
PRV55250,29,520,17,34,2,1,1,301,23,278,1142.6578073089702,343940,76.14715719063545,22768.0,116,1.9800664451827243,72.27015583464654,4.700996677740863,25.91362126245847
PRV55252,3,79,0,34,2,1,0,45,0,45,316.0,14220,2.2222222222222223,100.0,39,1.0444444444444445,72.41584911400106,3.422222222222222,15.555555555555555
PRV55254,10,38,0,34,2,1,0,15,0,15,330.6666666666667,4960,4.666666666666667,70.0,14,0.06666666666666667,70.82746976956422,4.933333333333334,33.33333333333333
PRV55255,8,32,0,34,2,1,0,12,0,12,215.83333333333334,2590,8.333333333333334,100.0,12,0.08333333333333333,78.6910791695186,4.666666666666667,8.333333333333332
PRV55256,16,86,3,34,2,1,0,28,4,24,1219.642857142857,34150,155.07142857142858,4342.0,27,1.7142857142857142,74.09826928718098,5.0,28.57142857142857
PRV55257,11,252,0,34,2,1,0,137,0,137,261.6058394160584,35840,1.532846715328467,210.0,74,0.9416058394160584,73.23728872834825,4.7226277372262775,15.328467153284672
PRV55258,19,100,0,34,2,1,0,42,1,41,600.0,25200,0.24390243902439024,10.0,36,2.857142857142857,70.29568788501027,4.785714285714286,11.904761904761903
PRV55259,23,92,0,34,2,1,0,42,0,42,330.7142857142857,13890,1.1904761904761905,50.0,41,1.2142857142857142,74.09106613213389,4.5476190476190474,21.428571428571427
PRV55260,19,141,0,34,2,1,0,57,0,57,391.4035087719298,22310,1.2280701754385965,70.0,41,2.491228070175439,71.61084092846765,5.052631578947368,24.561403508771928
PRV55261,14,77,0,49,2,1,0,30,0,30,159.33333333333334,4780,3.3333333333333335,100.0,19,1.0,72.72014601870865,4.133333333333334,20.0
PRV55262,20,650,8,42,2,1,0,397,16,381,594.1057934508816,235860,43.207070707070706,17110.0,210,1.3375314861460956,71.42780297818857,4.984886649874055,22.921914357682617
PRV55263,33,541,0,10,2,1,0,319,0,319,325.23510971786834,103750,3.479623824451411,1110.0,247,1.6489028213166144,73.51164552127521,4.438871473354232,22.25705329153605
PRV55264,33,691,0,34,2,1,0,528,0,528,279.2234848484849,147430,2.5,1320.0,305,1.4526515151515151,72.71385311015702,4.59280303030303,22.727272727272727
PRV55265,11,324,0,34,2,1,0,201,0,201,215.3233830845771,43280,2.0398009950248754,410.0,71,1.064676616915423,68.19758837571213,3.9651741293532337,17.412935323383085
PRV55266,11,86,1,34,1,1,1,25,9,16,1829.6,45740,384.48,9612.0,22,1.44,76.58184804928132,4.64,44.0
PRV55267,12,285,0,34,2,1,0,144,0,144,250.13888888888889,36020,2.8472222222222223,410.0,78,1.4583333333333333,72.67410069206784,4.347222222222222,32.63888888888889
PRV55268,7,91,0,34,2,1,0,48,0,48,277.2916666666667,13310,0.0,0.0,20,1.5,77.70442619210586,4.3125,27.083333333333332
PRV55269,28,307,2,34,2,1,0,172,3,169,310.98837209302326,53490,23.046511627906977,3964.0,124,1.0872093023255813,69.60670455088105,4.6395348837209305,18.023255813953487
PRV55270,12,367,0,34,2,1,0,204,1,203,309.7549019607843,63190,8.519607843137255,1738.0,108,1.7401960784313726,68.91970313108132,4.21078431372549,21.07843137254902
PRV55271,4,28,0,34,2,1,0,15,0,15,401.3333333333333,6020,6.666666666666667,100.0,12,0.4,68.93141683778234,4.8,6.666666666666667
PRV55272,11,370,0,34,2,1,0,211,0,211,252.7962085308057,53340,2.5118483412322274,530.0,185,1.2748815165876777,72.22171401137311,4.251184834123222,17.535545023696685
PRV55273,13,35,0,34,2,1,0,18,0,18,235.55555555555554,4240,10.0,180.0,12,1.2222222222222223,74.65404213248156,5.0,11.11111111111111
PRV55274,1,133,0,34,2,1,0,70,0,70,297.14285714285717,20800,1.4285714285714286,100.0,45,1.8142857142857143,74.63060526058473,4.514285714285714,21.428571428571427
PRV55275,2,126,0,34,2,1,0,54,0,54,229.07407407407408,12370,3.5185185185185186,190.0,39,1.1296296296296295,76.51988744391208,4.055555555555555,24.074074074074073
PRV55276,1,119,0,34,2,1,0,58,0,58,186.72413793103448,10830,2.0689655172413794,120.0,38,2.103448275862069,76.09143477542543,4.241379310344827,39.6551724137931
PRV55277,2,28,0,34,1,1,0,17,0,17,247.05882352941177,4200,0.0,0.0,16,1.1764705882352942,71.15980190844304,4.823529411764706,17.647058823529413
PRV55278,2,95,0,34,2,1,0,45,0,45,160.0,7200,0.0,0.0,33,1.3555555555555556,72.1055593581261,3.7777777777777777,26.666666666666668
PRV55279,1,162,0,34,1,1,0,81,0,81,353.2098765432099,28610,0.37037037037037035,30.0,49,0.9012345679012346,70.84672260670436,4.950617283950617,20.98765432098765
PRV55281,1,333,0,34,2,1,0,190,0,190,285.94736842105266,54330,2.473684210526316,470.0,95,0.9631578947368421,74.994762059152,4.326315789473684,22.63157894736842
PRV55283,2,97,0,34,1,1,0,36,0,36,344.1666666666667,12390,0.2777777777777778,10.0,31,2.6944444444444446,68.95406494790478,4.472222222222222,27.77777777777778
PRV55285,3,10,0,34,2,1,0,7,0,7,75.71428571428571,530,0.0,0.0,7,0.0,65.13386134741371,4.0,28.57142857142857
PRV55286,3,5,0,34,2,1,0,4,0,4,142.5,570,0.0,0.0,3,0.0,84.5366187542779,3.5,0.0
PRV55289,3,33,0,34,2,1,0,14,0,14,265.0,3710,0.0,0.0,12,5.0,75.49271536129854,4.071428571428571,7.142857142857142
PRV55291,1,13,0,34,2,1,0,6,0,6,365.0,2190,0.0,0.0,4,0.0,79.20191649555099,5.666666666666667,16.666666666666664
PRV55292,2,15,0,34,2,1,0,6,0,6,101.66666666666667,610,0.0,0.0,6,0.0,73.78097193702943,4.0,16.666666666666664
PRV55293,2,69,0,34,2,1,0,33,0,33,167.57575757575756,5530,0.0,0.0,25,1.7272727272727273,70.33588451247589,4.424242424242424,24.242424242424242
PRV55295,4,159,0,34,2,1,0,88,0,88,231.5909090909091,20380,6.590909090909091,580.0,71,1.7159090909090908,70.91889117043121,4.318181818181818,17.045454545454543
PRV55296,2,116,0,34,2,1,0,57,0,57,223.68421052631578,12750,0.0,0.0,50,2.1052631578947367,74.37549383383167,4.2105263157894735,15.789473684210526
PRV55297,3,193,0,34,2,1,0,98,0,98,217.14285714285714,21280,5.510204081632653,540.0,44,1.0918367346938775,65.05329030996383,4.357142857142857,22.448979591836736
PRV55298,2,129,0,34,2,1,0,57,0,57,276.140350877193,15740,0.7017543859649122,40.0,32,1.5263157894736843,75.80359523037573,4.614035087719298,26.31578947368421
PRV55299,2,47,0,34,1,1,0,18,0,18,329.44444444444446,5930,0.0,0.0,17,1.0,71.2908966461328,5.166666666666667,33.33333333333333
PRV55300,1,68,0,34,1,1,0,32,0,32,260.0,8320,2.1875,70.0,23,1.125,76.62029431895962,3.84375,15.625
PRV55302,1,3,0,34,1,1,0,1,0,1,400.0,400,0.0,0.0,1,0.0,68.93360711841204,4.0,0.0
PRV55304,2,324,0,34,2,1,0,204,0,204,374.1666666666667,76330,1.7156862745098038,350.0,122,1.4509803921568627,73.00191917971843,4.421568627450981,17.15686274509804
PRV55305,3,10,0,34,1,1,0,3,0,3,1403.3333333333333,4210,3.3333333333333335,10.0,3,0.0,60.22359114761579,6.666666666666667,66.66666666666666
PRV55306,3,130,0,34,2,1,0,59,0,59,279.66101694915255,16500,0.1694915254237288,10.0,34,1.0,73.31245142055012,4.47457627118644,13.559322033898304
PRV55307,4,223,0,34,2,1,0,110,0,110,220.45454545454547,24250,2.272727272727273,250.0,84,1.9181818181818182,72.7434011573642,4.390909090909091,19.090909090909093
PRV55309,1,73,0,34,2,1,0,35,0,35,337.14285714285717,11800,1.7142857142857142,60.0,24,0.9714285714285714,73.16530751931163,4.171428571428572,8.571428571428571
PRV55312,3,203,0,34,2,1,0,91,0,91,189.8901098901099,17280,2.3076923076923075,210.0,77,1.6263736263736264,73.31314544456228,4.362637362637362,26.373626373626376
PRV55313,1,330,0,34,2,1,0,192,0,192,299.0104166666667,57410,0.5208333333333334,100.0,129,1.0,70.89052874743327,4.21875,21.354166666666664
PRV55314,5,185,0,34,2,1,0,89,0,89,281.34831460674155,25040,2.134831460674157,190.0,53,1.3370786516853932,71.80232102069539,4.797752808988764,13.48314606741573
PRV55316,3,141,0,34,2,1,0,65,0,65,238.30769230769232,15490,2.923076923076923,190.0,45,1.2615384615384615,75.56472384562733,4.076923076923077,26.153846153846157
PRV55318,2,119,0,34,2,1,0,63,0,63,417.46031746031747,26300,2.0634920634920637,130.0,45,1.1428571428571428,72.87111458774703,4.476190476190476,19.047619047619047
PRV55319,1,46,0,34,2,1,0,17,0,17,268.8235294117647,4570,0.0,0.0,11,0.17647058823529413,75.01228006603051,4.705882352941177,29.411764705882355
PRV55320,2,79,0,34,2,1,0,34,0,34,188.23529411764707,6400,0.0,0.0,27,1.4411764705882353,74.1014615291702,3.764705882352941,17.647058823529413
PRV55322,3,67,0,34,2,1,0,28,0,28,259.64285714285717,7270,4.642857142857143,130.0,24,1.0714285714285714,74.88041458883347,4.464285714285714,7.142857142857142
PRV55323,5,271,0,42,2,1,0,144,0,144,253.26388888888889,36470,0.8333333333333334,120.0,108,0.8472222222222222,73.19214388926915,4.680555555555555,19.444444444444446
PRV55324,3,63,0,34,2,1,0,25,0,25,301.2,7530,2.0,50.0,24,1.76,75.41289527720738,4.52,32.0
PRV55325,3,70,0,34,2,1,0,41,0,41,365.3658536585366,14980,9.75609756097561,400.0,20,1.8048780487804879,73.86294051852224,4.024390243902439,24.390243902439025
PRV55326,2,105,0,34,2,1,0,58,0,58,201.72413793103448,11700,6.724137931034483,390.0,30,0.6896551724137931,73.68755457999953,3.706896551724138,17.24137931034483
PRV55329,2,10,0,34,1,1,0,2,0,2,180.0,360,0.0,0.0,2,0.0,73.28815879534565,3.0,100.0
PRV55330,2,11,0,34,2,1,0,4,0,4,292.5,1170,0.0,0.0,4,0.0,75.29568788501027,3.5,50.0
PRV55331,2,51,0,34,2,1,0,23,0,23,204.34782608695653,4700,0.0,0.0,19,1.2173913043478262,75.41398089456298,3.869565217391304,26.08695652173913
PRV55333,1,110,0,34,1,1,0,51,0,51,186.27450980392157,9500,3.9215686274509802,200.0,31,0.5882352941176471,72.8696702500302,4.647058823529412,19.607843137254903
PRV55335,1,53,0,34,1,1,0,24,0,24,73.33333333333333,1760,6.666666666666667,160.0,16,1.1666666666666667,72.28405201916496,4.291666666666667,25.0
PRV55337,2,39,0,34,2,1,0,13,0,13,145.3846153846154,1890,0.0,0.0,13,1.7692307692307692,71.15105565208235,6.230769230769231,38.46153846153847
PRV55338,1,116,0,34,2,1,0,46,0,46,191.08695652173913,8790,0.0,0.0,44,1.326086956521739,70.00464244263904,4.869565217391305,21.73913043478261
PRV55339,1,78,0,34,2,1,0,30,0,30,262.6666666666667,7880,0.0,0.0,28,0.0,69.73342459502624,3.8,20.0
PRV55340,1,220,0,34,2,1,0,108,0,108,303.05555555555554,32730,2.2222222222222223,240.0,83,2.0925925925925926,72.84510862676503,4.5092592592592595,26.851851851851855
PRV55341,1,35,0,34,1,1,0,14,0,14,88.57142857142857,1240,0.0,0.0,14,0.07142857142857142,73.13816368436491,3.7857142857142856,14.285714285714285
PRV55342,1,21,0,34,2,1,0,9,0,9,271.1111111111111,2440,0.0,0.0,8,0.2222222222222222,67.60118640200776,4.444444444444445,44.44444444444444
PRV55343,7,180,0,34,1,1,0,90,0,90,266.0,23940,3.3333333333333335,300.0,74,1.4111111111111112,74.01131644992014,4.666666666666667,15.555555555555555
PRV55344,1,47,0,34,2,1,0,14,0,14,594.2857142857143,8320,0.0,0.0,8,0.5714285714285714,73.43326488706364,4.857142857142857,14.285714285714285
PRV55345,2,41,0,34,2,1,0,15,0,15,487.3333333333333,7310,6.0,90.0,14,1.4666666666666666,75.97791467031713,4.6,33.33333333333333
PRV55348,2,17,0,34,1,1,0,7,0,7,87.14285714285714,610,0.0,0.0,5,0.0,73.63840813532805,4.0,28.57142857142857
PRV55350,2,70,0,34,1,1,0,31,0,31,135.80645161290323,4210,0.0,0.0,23,0.5806451612903226,71.43299993376166,4.451612903225806,29.03225806451613
PRV55351,2,40,0,34,2,1,0,10,0,10,165.0,1650,0.0,0.0,8,0.2,79.93073237508555,5.2,10.0
PRV55352,1,92,0,34,2,1,0,39,0,39,329.4871794871795,12850,4.871794871794871,190.0,27,1.1025641025641026,65.65443408975237,4.17948717948718,38.46153846153847
PRV55353,3,28,0,34,2,1,0,12,0,12,247.5,2970,3.3333333333333335,40.0,12,0.08333333333333333,79.06570841889118,5.0,16.666666666666664
PRV55354,4,316,0,34,2,1,0,178,0,178,247.13483146067415,43990,2.4719101123595504,440.0,105,1.4382022471910112,74.6746802636335,4.769662921348314,24.15730337078652
PRV55355,1,3,0,34,2,1,0,1,0,1,90.0,90,0.0,0.0,1,0.0,98.36824093086926,6.0,0.0
PRV55356,2,64,0,34,2,1,0,27,0,27,186.2962962962963,5030,6.296296296296297,170.0,27,1.2222222222222223,68.40357948639947,4.185185185185185,33.33333333333333
PRV55357,1,274,0,34,2,1,0,161,0,161,231.49068322981367,37270,3.7267080745341614,600.0,106,1.0683229813664596,70.29093490802268,4.354037267080745,21.11801242236025
PRV55358,1,101,0,34,2,1,0,37,0,37,397.56756756756755,14710,0.0,0.0,34,2.1621621621621623,69.5946130935864,5.081081081081081,24.324324324324326
PRV55359,3,210,0,34,2,1,0,113,0,113,424.24778761061947,47940,5.398230088495575,610.0,52,1.5309734513274336,71.27364576329705,4.336283185840708,21.238938053097346
PRV55360,1,30,0,34,2,1,0,17,0,17,287.05882352941177,4880,0.0,0.0,17,2.4705882352941178,72.24205821959174,4.352941176470588,47.05882352941176
PRV55361,5,176,0,34,2,1,0,85,0,85,275.52941176470586,23420,1.1764705882352942,100.0,59,1.776470588235294,72.56876434351975,4.411764705882353,18.823529411764707
PRV55362,4,288,0,34,2,1,0,148,0,148,244.3918918918919,36170,2.77027027027027,410.0,101,1.087837837837838,73.39839428751134,4.1891891891891895,22.2972972972973
PRV55363,1,121,0,34,2,1,0,62,0,62,388.2258064516129,24070,3.064516129032258,190.0,32,3.1129032258064515,72.01757523569805,4.67741935483871,20.967741935483872
PRV55364,2,1,0,34,2,1,0,1,0,1,80.0,80,0.0,0.0,1,0.0,78.33264887063655,3.0,100.0
PRV55365,1,13,0,34,2,1,0,7,0,7,52.857142857142854,370,0.0,0.0,5,0.0,68.35005377921189,5.285714285714286,14.285714285714285
PRV55366,1,194,0,34,2,1,0,107,0,107,189.81308411214954,20310,4.953271028037383,530.0,53,0.7476635514018691,68.97244877724258,4.4392523364485985,24.299065420560748
PRV55368,81,214,0,34,2,1,0,115,0,115,215.3913043478261,24770,2.6956521739130435,310.0,101,0.6173913043478261,72.12067970121716,4.339130434782609,21.73913043478261
PRV55371,1,4,0,34,1,1,0,3,0,3,110.0,330,0.0,0.0,3,6.666666666666667,76.88888888888889,6.333333333333333,33.33333333333333
PRV55372,1,31,0,34,2,1,0,12,0,12,218.33333333333334,2620,5.833333333333333,70.0,7,0.0,69.48961898243212,3.1666666666666665,16.666666666666664
PRV55374,7,186,21,34,2,1,1,33,33,0,10151.515151515152,335000,1068.0,35244.0,31,5.212121212121212,74.3046066413623,6.121212121212121,100.0
PRV55375,2,98,10,34,1,1,1,14,14,0,10564.285714285714,147900,1068.0,13884.0,14,5.928571428571429,71.90710863400803,6.714285714285714,100.0
PRV55376,18,171,0,34,2,1,0,88,0,88,243.97727272727272,21470,2.5,220.0,79,1.0454545454545454,72.69174289092153,4.840909090909091,23.863636363636363
PRV55377,2,17,0,34,2,1,0,4,0,4,852.5,3410,0.0,0.0,4,0.0,68.73853524982889,7.0,25.0
PRV55378,5,90,7,34,1,1,0,14,14,0,9428.57142857143,132000,1068.0,14952.0,13,5.428571428571429,68.2714383494671,5.857142857142857,100.0
PRV55379,1,30,4,34,1,1,0,4,4,0,9000.0,36000,1068.0,4272.0,4,5.0,68.72621492128678,6.0,100.0
PRV55381,7,157,11,34,2,1,0,45,20,25,3860.0,173700,476.8888888888889,21460.0,40,2.6,72.53010875351738,5.311111111111111,48.888888888888886
PRV55382,6,57,5,34,2,1,0,8,8,0,16125.0,129000,1068.0,8544.0,8,7.625,65.31553730321697,5.5,100.0
PRV55383,3,56,6,34,2,1,0,8,8,0,8750.0,70000,1068.0,8544.0,8,4.125,74.28678986995209,5.5,100.0
PRV55384,1,2,0,34,1,2,0,1,0,1,30.0,30,0.0,0.0,1,0.0,70.51882272416154,6.0,0.0
PRV55385,3,58,2,34,2,1,0,8,8,0,8750.0,70000,1068.0,8544.0,7,2.875,73.0886379192334,6.375,100.0
PRV55386,3,169,0,34,2,1,0,82,0,82,256.219512195122,21010,1.5853658536585367,130.0,62,1.1341463414634145,73.90394150348075,4.2073170731707314,18.29268292682927
PRV55387,1,44,6,34,2,1,0,6,6,0,15000.0,90000,1068.0,5340.0,6,5.0,81.71982660278348,5.333333333333333,100.0
PRV55388,18,700,0,34,2,1,0,515,0,515,260.54368932038835,134180,2.7572815533980584,1420.0,307,1.5456310679611651,72.12142235335553,4.5689320388349515,23.689320388349515
PRV55390,9,52,0,35,2,1,0,26,0,26,890.3846153846154,23150,2.6923076923076925,70.0,16,3.3076923076923075,78.55357236876745,3.4615384615384617,23.076923076923077
PRV55392,43,441,14,35,2,1,0,192,23,169,1573.4895833333333,302110,124.63874345549738,23806.0,115,2.5104166666666665,76.08619952087612,4.75,28.645833333333332
PRV55395,5,22,0,35,2,1,0,12,0,12,247.5,2970,0.8333333333333334,10.0,10,0.0,68.70134610997034,3.1666666666666665,16.666666666666664
PRV55396,65,208,10,24,1,1,0,75,15,60,2051.0666666666666,153830,215.06666666666666,16130.0,63,1.8666666666666667,73.35611225188227,3.68,33.33333333333333
PRV55397,5,11,0,35,2,1,0,6,0,6,105.0,630,0.0,0.0,5,0.0,80.29158110882956,4.0,16.666666666666664
PRV55398,2,23,0,35,2,1,0,13,0,13,110.0,1430,0.0,0.0,8,0.15384615384615385,77.26404464802822,5.615384615384615,15.384615384615385
PRV55399,11,81,2,43,2,1,0,27,3,24,1325.5555555555557,35790,118.66666666666667,3204.0,14,1.2592592592592593,80.33411919791112,4.481481481481482,25.925925925925924
PRV55400,1,9,0,35,2,1,0,1,0,1,200.0,200,0.0,0.0,1,1.0,82.64202600958248,5.0,0.0
PRV55401,11,101,0,35,2,1,0,49,0,49,235.91836734693877,11560,2.0408163265306123,100.0,23,1.0816326530612246,78.18731928089511,3.510204081632653,20.408163265306122
PRV55402,8,113,0,35,2,1,0,44,0,44,402.72727272727275,17720,0.0,0.0,21,2.7045454545454546,75.63169684524921,3.6363636363636362,6.8181818181818175
PRV55404,1,63,0,35,2,1,0,25,0,25,96.8,2420,0.0,0.0,9,0.0,76.02726899383984,4.04,16.0
PRV55405,1,19,0,35,1,1,0,10,0,10,273.0,2730,20.0,200.0,1,0.4,84.71019849418207,7.0,0.0
PRV55408,2,40,0,35,2,1,0,16,0,16,322.5,5160,6.25,100.0,11,1.4375,86.59993155373033,3.5,6.25
PRV55409,2,8,0,35,1,1,0,5,0,5,56.0,280,2.0,10.0,4,0.4,81.59178644763861,7.0,20.0
PRV55410,8,109,0,35,2,1,0,56,0,56,274.64285714285717,15380,1.7857142857142858,100.0,33,2.625,76.4755060134937,3.392857142857143,21.428571428571427
PRV55411,2,87,0,35,2,1,0,39,0,39,307.43589743589746,11990,2.8205128205128207,110.0,23,1.6666666666666667,78.76150862598502,4.410256410256411,30.76923076923077
PRV55412,3,39,0,35,2,1,0,11,0,11,176.36363636363637,1940,0.0,0.0,4,2.3636363636363638,72.12320328542094,4.545454545454546,18.181818181818183
PRV55413,3,8,0,35,2,1,0,4,0,4,550.0,2200,0.0,0.0,4,5.0,82.98494182067077,5.75,25.0
PRV55414,6,37,2,35,1,1,0,12,2,10,1139.1666666666667,13670,178.0,2136.0,12,2.0,73.89801505817933,3.5833333333333335,25.0
PRV55416,24,150,1,27,2,1,0,73,2,71,278.4931506849315,20330,30.63013698630137,2236.0,40,1.4931506849315068,73.73999793723571,3.863013698630137,23.28767123287671
PRV55417,1,68,0,35,2,1,0,30,0,30,123.66666666666667,3710,1.0,30.0,12,2.8666666666666667,77.23404061145334,4.6,3.3333333333333335
PRV55418,2,41,1,35,1,1,0,9,3,6,2243.3333333333335,20190,367.1111111111111,3304.0,6,2.5555555555555554,75.73229903414709,5.111111111111111,66.66666666666666
PRV55419,1,17,0,35,1,1,0,8,0,8,553.75,4430,0.0,0.0,6,2.5,72.98323066392882,3.25,25.0
PRV55423,5,55,0,35,2,1,0,25,0,25,188.4,4710,0.0,0.0,11,1.6,73.6200410677618,3.92,8.0
PRV55424,1,22,0,35,1,1,0,10,0,10,83.0,830,12.0,120.0,6,0.0,73.11129363449692,3.0,10.0
PRV55425,3,47,0,35,2,1,0,26,0,26,149.23076923076923,3880,0.0,0.0,6,0.2692307692307692,85.72642552519349,3.8076923076923075,11.538461538461538
PRV55426,2,166,0,35,1,1,0,77,0,77,287.14285714285717,22110,4.285714285714286,330.0,38,1.0649350649350648,76.3300710241162,4.532467532467533,23.376623376623375
PRV55427,1,1,0,35,2,1,0,1,0,1,50.0,50,0.0,0.0,1,0.0,91.77275838466804,3.0,0.0
PRV55428,1,9,0,35,2,1,0,1,1,0,7000.0,7000,1068.0,1068.0,1,8.0,67.84394250513347,5.0,100.0
PRV55430,2,50,5,35,2,1,1,7,7,0,11285.714285714286,79000,1068.0,7476.0,6,6.857142857142857,81.15928424757995,6.142857142857143,100.0
PRV55431,2,17,2,35,1,1,0,2,2,0,29000.0,58000,1068.0,2136.0,2,1.5,87.44421629021218,5.5,100.0
PRV55432,24,56,0,36,2,1,0,29,0,29,256.2068965517241,7430,6.206896551724138,180.0,22,0.8275862068965517,76.72326465104203,4.275862068965517,10.344827586206897
PRV55433,70,251,20,36,2,1,1,87,32,55,3931.264367816092,342020,393.4022988505747,34226.0,77,2.6091954022988504,71.8523763443398,4.517241379310345,49.42528735632184
PRV55434,33,116,1,36,1,1,0,40,8,32,1745.0,69800,216.6,8664.0,39,1.75,77.36262833675565,4.475,40.0
PRV55435,18,458,70,36,2,1,1,151,128,23,8278.476821192053,1250050,897.7638888888889,129278.0,133,5.344370860927152,74.16772509077063,5.6490066225165565,88.0794701986755
PRV55436,15,33,0,36,2,1,0,11,0,11,220.9090909090909,2430,0.0,0.0,11,2.6363636363636362,74.8652852964968,5.818181818181818,36.36363636363637
PRV55437,107,274,20,36,2,1,1,106,28,78,3775.943396226415,400250,283.4339622641509,30044.0,102,2.7264150943396226,74.78899177353325,4.726415094339623,43.39622641509434
PRV55438,4,376,0,36,1,1,0,219,0,219,320.50228310502285,70190,2.0547945205479454,450.0,73,1.3424657534246576,71.80121203029138,4.894977168949771,24.65753424657534
PRV55439,7,363,0,36,2,1,0,224,0,224,429.86607142857144,96290,2.142857142857143,480.0,188,1.4508928571428572,73.08823457514423,4.544642857142857,22.321428571428573
PRV55441,20,110,4,36,2,1,0,32,7,25,2122.1875,67910,233.625,7476.0,30,3.59375,71.04953798767967,4.6875,25.0
PRV55442,37,168,11,36,2,1,0,61,15,46,1964.7540983606557,119850,264.59016393442624,16140.0,55,2.8688524590163933,75.72491332009291,4.622950819672131,39.34426229508197
PRV55443,9,187,27,36,2,1,0,38,30,8,8983.947368421053,341390,837.081081081081,30972.0,34,5.842105263157895,72.52026369826002,5.2631578947368425,89.47368421052632
PRV55444,22,450,76,36,2,1,1,128,114,14,10259.84375,1313260,947.4193548387096,117480.0,109,5.234375,72.01569986310746,5.8125,90.625
PRV55445,20,246,0,36,2,1,0,133,0,133,424.812030075188,56500,2.556390977443609,340.0,39,1.263157894736842,72.2996814417975,4.593984962406015,22.55639097744361
PRV55446,91,196,0,36,2,1,0,98,0,98,236.12244897959184,23140,0.30612244897959184,30.0,87,1.1326530612244898,73.81449664054533,4.959183673469388,22.448979591836736
PRV55447,50,150,0,18,2,1,0,66,0,66,348.3333333333333,22990,5.606060606060606,370.0,60,2.0606060606060606,74.26884865077884,4.378787878787879,28.78787878787879
PRV55448,44,86,0,36,2,1,0,40,0,40,225.0,9000,4.0,160.0,39,0.65,75.40403832991102,4.95,22.5
PRV55449,28,53,0,36,2,1,0,21,0,21,308.57142857142856,6480,5.238095238095238,110.0,20,0.0,77.93422639418533,4.142857142857143,19.047619047619047
PRV55450,13,367,1,36,2,1,0,201,1,200,286.6169154228856,57610,9.343283582089553,1878.0,123,1.572139303482587,71.47343365308978,4.3283582089552235,19.402985074626866
PRV55451,13,28,0,36,2,1,0,11,0,11,78.18181818181819,860,0.0,0.0,11,1.8181818181818181,77.8928504760127,4.363636363636363,0.0
PRV55452,20,214,20,51,1,1,0,60,31,29,6207.166666666667,372430,556.1333333333333,33368.0,49,3.7666666666666666,72.12589550536163,4.733333333333333,65.0
PRV55453,23,1034,11,36,2,1,1,795,13,782,370.57861635220127,294610,19.302267002518892,15326.0,333,1.2628930817610062,72.02104873460496,4.847798742138365,22.51572327044025
PRV55454,8,574,4,36,2,1,0,368,5,363,366.7391304347826,134960,19.64673913043478,7230.0,156,2.0625,72.54714608814689,4.809782608695652,20.108695652173914
PRV55455,3,547,0,36,2,1,0,373,0,373,255.63002680965147,95350,2.386058981233244,890.0,145,1.3324396782841823,72.1952902360387,4.461126005361931,20.64343163538874
PRV55456,10,40,3,36,2,1,0,6,5,1,11883.333333333334,71300,890.0,5340.0,6,4.0,72.63563769107917,6.166666666666667,83.33333333333334
PRV55458,44,97,0,36,2,1,0,35,0,35,338.0,11830,8.571428571428571,300.0,34,0.8571428571428571,76.85726019360517,4.485714285714286,22.857142857142858
PRV55459,24,514,1,36,2,1,0,344,0,344,333.9825581395349,114890,2.703488372093023,930.0,270,1.755813953488372,72.72935867437084,4.438953488372093,19.767441860465116
PRV55460,17,45,0,36,2,1,0,18,0,18,190.55555555555554,3430,0.0,0.0,16,3.111111111111111,77.94387405886378,4.444444444444445,16.666666666666664
PRV55462,55,1926,142,36,2,1,1,1907,386,1521,2471.85631882538,4713830,215.82851130983693,410290.0,969,2.467750393287887,73.15723655095407,4.670686942842161,37.07393812270582
PRV55463,174,444,0,36,2,1,0,257,0,257,285.9922178988327,73500,2.9961089494163424,770.0,220,1.7431906614785992,72.01469064683057,4.766536964980545,20.233463035019454
PRV55464,16,74,0,36,1,1,0,29,0,29,225.51724137931035,6540,0.6896551724137931,20.0,28,1.5862068965517242,75.01352403880195,4.586206896551724,17.24137931034483
PRV55465,43,574,4,36,2,1,0,339,9,330,607.1681415929204,205830,31.097345132743364,10542.0,121,2.15929203539823,72.05328713714896,4.525073746312684,21.828908554572273
PRV55467,22,1796,5,36,2,1,1,1896,6,1890,300.253164556962,569280,5.926121372031663,11230.0,703,1.3333333333333333,72.30289351551015,4.401371308016878,21.677215189873415
PRV55468,19,72,0,36,2,1,0,27,0,27,371.48148148148147,10030,1.8518518518518519,50.0,25,2.740740740740741,73.84531143052703,4.7407407407407405,22.22222222222222
PRV55469,12,19,0,36,2,1,0,10,0,10,211.0,2110,0.0,0.0,10,0.0,77.3327857631759,5.2,20.0
PRV55470,8,672,0,36,2,1,0,470,0,470,287.36170212765956,135060,1.851063829787234,870.0,204,1.5702127659574467,72.11724991626255,4.812765957446809,18.085106382978726
PRV55471,14,23,0,36,2,1,0,13,0,13,128.46153846153845,1670,0.0,0.0,13,1.4615384615384615,71.95387774443216,4.769230769230769,7.6923076923076925
PRV55472,4,135,18,36,2,1,1,23,21,2,11090.869565217392,255090,970.9090909090909,21360.0,19,7.6521739130434785,70.64571615629556,5.217391304347826,95.65217391304348
PRV55473,6,13,0,36,1,1,0,6,0,6,225.0,1350,0.0,0.0,5,0.0,88.27424138717772,5.166666666666667,16.666666666666664
PRV55474,66,150,0,36,2,1,0,80,0,80,217.875,17430,3.625,290.0,74,1.4125,72.00773442847364,4.2375,22.5
PRV55475,18,44,0,23,1,1,0,17,0,17,217.64705882352942,3700,4.117647058823529,70.0,17,0.5882352941176471,73.64126102186253,4.352941176470588,35.294117647058826
PRV55477,40,125,0,14,2,1,0,46,0,46,375.8695652173913,17290,6.086956521739131,280.0,43,1.5217391304347827,73.8019819658959,4.391304347826087,26.08695652173913
PRV55479,2,872,0,36,2,1,0,672,0,672,241.68154761904762,162410,3.3035714285714284,2220.0,317,1.2083333333333333,73.49359538476581,4.244047619047619,16.36904761904762
PRV55480,36,97,0,23,2,1,0,42,0,42,348.57142857142856,14640,3.3333333333333335,140.0,42,1.880952380952381,70.2488184870115,4.571428571428571,21.428571428571427
PRV55481,14,119,0,36,1,1,0,52,1,51,390.5769230769231,20310,26.692307692307693,1388.0,27,1.6346153846153846,75.19623019007003,3.4615384615384617,19.230769230769234
PRV55482,61,273,30,36,2,1,1,83,41,42,6135.542168674699,509250,515.7037037037037,41772.0,72,4.530120481927711,74.26858975944847,4.855421686746988,60.24096385542169
PRV55483,14,277,38,36,2,1,1,76,65,11,10237.368421052632,778040,908.8493150684932,66346.0,60,5.0,74.942721279585,5.5394736842105265,90.78947368421053
PRV55486,13,40,0,36,1,1,0,15,0,15,344.6666666666667,5170,0.0,0.0,15,0.0,72.64394250513347,4.466666666666667,33.33333333333333
PRV55487,7,166,0,36,2,1,0,78,0,78,346.15384615384613,27000,5.769230769230769,450.0,42,2.1538461538461537,71.50680075115393,4.0,19.230769230769234
PRV55489,3,542,0,36,2,1,0,361,0,361,309.52908587257616,111740,3.0193905817174516,1090.0,217,1.4764542936288088,72.75588192354874,4.299168975069252,18.559556786703602
PRV55490,53,176,10,36,2,1,0,50,19,31,3218.0,160900,393.9591836734694,19304.0,46,3.06,70.38581793292265,4.96,50.0
PRV55491,9,570,1,36,2,1,0,355,0,355,326.11267605633805,115770,2.9577464788732395,1050.0,180,1.7211267605633802,72.83121921122904,4.79718309859155,19.718309859154928
PRV55492,44,179,16,36,2,1,1,42,25,17,6713.809523809524,281980,635.7142857142857,26700.0,40,4.595238095238095,71.6248492552394,4.690476190476191,66.66666666666666
PRV55493,22,94,0,3,2,1,0,39,0,39,160.76923076923077,6270,5.128205128205129,200.0,39,1.2564102564102564,77.22536373049721,4.666666666666667,28.205128205128204
PRV55494,10,16,0,36,1,1,0,6,1,5,745.0,4470,178.0,1068.0,6,0.3333333333333333,73.16358658453115,4.0,33.33333333333333
PRV55495,46,174,14,36,2,1,1,51,24,27,5542.35294117647,282660,502.5882352941176,25632.0,51,2.450980392156863,74.01876233039417,4.9411764705882355,58.82352941176471
PRV55496,35,277,19,36,2,1,1,86,41,45,3226.046511627907,277440,497.64285714285717,41802.0,78,3.0232558139534884,71.34323416583098,4.8023255813953485,58.139534883720934
PRV55497,9,19,0,36,2,1,0,7,0,7,140.0,980,0.0,0.0,7,2.857142857142857,81.77060721619243,4.0,14.285714285714285
PRV55498,27,77,0,36,2,1,0,27,0,27,104.81481481481481,2830,5.555555555555555,150.0,26,1.8518518518518519,74.04416051917762,4.148148148148148,22.22222222222222
PRV55499,19,82,0,36,2,1,0,33,0,33,239.3939393939394,7900,0.0,0.0,29,1.9090909090909092,69.5064816543256,4.9393939393939394,18.181818181818183
PRV55500,32,85,0,36,2,1,0,38,0,38,396.3157894736842,15060,0.7894736842105263,30.0,37,1.236842105263158,72.43661515184264,4.078947368421052,26.31578947368421
PRV55501,9,47,0,36,2,1,0,13,1,12,995.3846153846154,12940,88.3076923076923,1148.0,13,0.3076923076923077,70.00094771758016,4.6923076923076925,30.76923076923077
PRV55503,37,836,2,36,2,1,0,604,1,603,312.5496688741722,188780,3.870860927152318,2338.0,299,1.8559602649006623,73.0566698850012,4.586092715231788,22.516556291390728
PRV55505,6,709,0,36,2,1,0,480,0,480,267.1875,128250,2.5625,1230.0,276,1.1458333333333333,74.21695185945698,4.545833333333333,15.416666666666668
PRV55506,8,69,14,36,2,1,1,14,12,2,8924.285714285714,124940,915.4285714285714,12816.0,11,6.357142857142857,72.3919037841009,5.071428571428571,92.85714285714286
PRV55507,13,170,1,36,2,1,0,87,3,84,509.7701149425287,44350,39.241379310344826,3414.0,32,1.735632183908046,71.78342656187307,4.954022988505747,16.091954022988507
PRV55508,12,39,0,36,2,1,0,16,0,16,581.875,9310,0.0,0.0,14,2.1875,71.58966461327857,4.375,6.25
PRV55509,38,182,18,36,2,1,1,39,28,11,9295.128205128205,362510,766.7692307692307,29904.0,38,4.897435897435898,77.00577405710877,5.205128205128205,79.48717948717949
PRV55510,527,1065,0,33,2,1,0,861,0,861,296.411149825784,255210,2.8919860627177703,2490.0,791,1.4819976771196284,73.39391901399213,4.495934959349594,19.860627177700348
PRV55511,6,19,0,36,1,1,0,5,0,5,704.0,3520,0.0,0.0,5,4.0,54.44271047227926,6.0,0.0
PRV55512,2,235,0,36,1,1,0,128,0,128,252.578125,32330,1.40625,180.0,55,0.9140625,69.82306639288159,4.421875,18.75
PRV55513,32,74,0,18,2,1,0,38,0,38,330.2631578947368,12550,7.631578947368421,290.0,36,0.10526315789473684,73.40617457401204,4.684210526315789,28.947368421052634
PRV55514,15,505,5,36,2,1,1,295,7,288,536.7118644067797,158330,27.51186440677966,8116.0,153,1.8610169491525423,75.75561665448555,4.759322033898305,24.40677966101695
PRV55515,13,639,0,36,2,1,0,459,0,459,285.0980392156863,130860,3.6601307189542482,1680.0,181,1.6427015250544663,71.71963572865454,4.355119825708061,23.52941176470588
PRV55516,51,332,12,36,2,1,0,158,22,136,1613.4810126582279,254930,151.9367088607595,24006.0,108,1.8417721518987342,73.62115422937298,4.556962025316456,27.21518987341772
PRV55518,66,435,11,36,2,1,0,235,11,224,875.6170212765958,205770,52.92765957446809,12438.0,199,1.9319148936170212,74.79176897199528,4.868085106382979,25.106382978723403
PRV55519,24,84,9,36,2,1,1,23,7,16,4117.826086956522,94710,329.82608695652175,7586.0,20,3.869565217391304,67.78632860161295,5.173913043478261,43.47826086956522
PRV55520,16,503,0,36,2,1,0,287,0,287,334.11149825783974,95890,2.9965156794425085,860.0,118,1.5261324041811846,70.84876713243519,4.571428571428571,21.951219512195124
PRV55521,5,837,0,36,2,1,0,615,0,615,256.3414634146341,157650,3.040650406504065,1870.0,258,1.3121951219512196,72.48421673539117,4.302439024390244,19.67479674796748
PRV55522,11,385,0,36,2,1,0,248,0,248,280.5241935483871,69570,2.9838709677419355,740.0,192,1.4516129032258065,72.25934512375527,4.778225806451613,19.35483870967742
PRV55523,16,475,0,36,2,1,0,303,0,303,274.983498349835,83320,3.0033003300330035,910.0,158,1.2805280528052805,74.37256908442384,4.105610561056106,21.122112211221122
PRV55525,3,1129,0,36,1,1,0,933,0,933,315.3804930332262,294250,3.129689174705252,2920.0,280,1.894962486602358,71.86142014638551,4.469453376205788,21.65058949624866
PRV55527,3,5,0,36,2,1,0,2,0,2,85.0,170,0.0,0.0,2,0.0,74.91854893908283,3.5,100.0
PRV55528,5,13,0,15,2,1,0,4,0,4,220.0,880,0.0,0.0,4,1.5,90.43258042436688,2.5,0.0
PRV55530,45,143,0,36,2,1,0,71,0,71,249.71830985915494,17730,1.5492957746478873,110.0,67,1.8169014084507042,72.90484040450782,4.112676056338028,25.352112676056336
PRV55531,15,404,59,36,2,1,1,122,108,14,7263.360655737705,886130,943.1932773109244,112240.0,111,5.032786885245901,73.60119388247439,5.655737704918033,92.62295081967213
PRV55534,11,257,0,36,1,1,0,146,0,146,240.27397260273972,35080,2.9452054794520546,430.0,72,1.047945205479452,74.08787375882534,4.335616438356165,13.013698630136986
PRV55535,35,94,0,36,2,1,0,42,0,42,230.71428571428572,9690,1.6666666666666667,70.0,35,1.4047619047619047,75.11495713959779,3.9285714285714284,16.666666666666664
PRV55536,15,411,5,36,1,1,0,222,11,211,668.2432432432432,148350,55.98198198198198,12428.0,106,1.2252252252252251,74.89027014694365,4.59009009009009,26.126126126126124
PRV55537,15,35,0,36,2,1,0,15,0,15,320.6666666666667,4810,6.0,90.0,13,2.466666666666667,66.32005475701574,4.666666666666667,20.0
PRV55538,1,2,0,39,1,1,0,2,0,2,40.0,80,0.0,0.0,2,0.0,71.8672142368241,6.5,0.0
PRV55539,6,6,0,36,1,1,0,3,0,3,873.3333333333334,2620,0.0,0.0,3,2.3333333333333335,63.56833219256217,2.6666666666666665,0.0
PRV55540,8,149,11,36,2,1,0,31,23,8,7130.322580645161,221040,783.2,23496.0,27,5.161290322580645,69.8635932083637,6.0,77.41935483870968
PRV55541,2,238,0,36,1,1,0,134,0,134,226.71641791044777,30380,0.8208955223880597,110.0,65,0.7985074626865671,71.41706253128608,4.507462686567164,23.88059701492537
PRV55543,8,262,1,36,2,1,0,141,4,137,656.7375886524823,92600,30.72340425531915,4332.0,95,0.7163120567375887,70.46072591880622,4.886524822695035,28.368794326241137
PRV55547,32,108,5,36,2,1,0,27,9,18,5163.7037037037035,139420,363.4074074074074,9812.0,26,2.925925925925926,73.9606053692296,5.185185185185185,37.03703703703704
PRV55548,7,762,0,36,2,1,0,562,0,562,284.0925266903915,159660,2.7580071174377223,1550.0,289,1.0355871886120998,74.13665870156696,4.398576512455516,18.505338078291814
PRV55549,5,66,0,36,2,1,0,28,0,28,260.7142857142857,7300,2.142857142857143,60.0,11,0.0,74.10384276914051,4.892857142857143,32.142857142857146
PRV55550,18,240,28,36,2,1,1,58,37,21,7813.793103448276,453200,681.3103448275862,39516.0,54,4.551724137931035,75.37652528971654,5.224137931034483,79.3103448275862
PRV55551,45,196,0,36,2,1,0,91,0,91,327.032967032967,29760,3.1868131868131866,290.0,74,1.5384615384615385,72.15659904776948,4.2967032967032965,25.274725274725274
PRV55552,31,1361,4,36,2,1,0,1206,4,1202,362.1393034825871,436740,6.45273631840796,7782.0,547,1.7412935323383085,72.75938128204517,4.649253731343284,19.734660033167494
PRV55554,3,138,0,36,1,1,0,78,0,78,207.43589743589743,16180,0.0,0.0,66,1.1025641025641026,73.49858719879253,4.628205128205129,29.48717948717949
PRV55555,37,145,3,36,1,1,0,50,7,43,1109.0,55450,149.52,7476.0,45,3.6,72.89916495550992,4.72,24.0
PRV55556,64,376,0,36,2,1,0,206,0,206,262.5242718446602,54080,3.883495145631068,800.0,181,0.8786407766990292,73.32186359921054,4.70873786407767,24.271844660194176
PRV55557,34,143,1,36,2,1,0,68,4,64,888.9705882352941,60450,65.02941176470588,4422.0,63,1.5441176470588236,73.82562306236662,4.529411764705882,23.52941176470588
PRV55558,2,70,0,36,2,1,0,36,0,36,314.72222222222223,11330,0.0,0.0,33,2.361111111111111,69.1904327325272,4.666666666666667,30.555555555555557
PRV55560,20,53,0,18,2,1,0,21,0,21,246.1904761904762,5170,0.0,0.0,19,1.0,71.07656204165444,4.380952380952381,19.047619047619047
PRV55561,14,58,0,36,1,1,0,24,0,24,348.3333333333333,8360,2.5,60.0,23,1.0,76.82375085557837,5.041666666666667,8.333333333333332
PRV55562,14,31,0,51,2,1,0,17,0,17,173.52941176470588,2950,0.0,0.0,14,3.0588235294117645,74.01521922937552,4.117647058823529,29.411764705882355
PRV55563,9,35,0,36,2,1,0,18,0,18,260.55555555555554,4690,2.7777777777777777,50.0,17,1.2222222222222223,75.37668263746292,4.888888888888889,16.666666666666664
PRV55564,3,4,0,51,2,1,0,3,0,3,50.0,150,0.0,0.0,3,0.0,76.33310517910108,4.333333333333333,33.33333333333333
PRV55565,21,56,0,18,2,1,0,23,0,23,280.0,6440,0.0,0.0,22,2.652173913043478,62.42930690712139,5.086956521739131,26.08695652173913
PRV55566,4,130,0,36,2,1,0,53,0,53,326.60377358490564,17310,2.830188679245283,150.0,47,0.5471698113207547,70.89556132398332,4.39622641509434,15.09433962264151
PRV55567,31,190,15,36,2,1,0,70,21,49,3055.285714285714,213870,323.4,22638.0,66,2.0714285714285716,72.28246797692383,4.185714285714286,50.0
PRV55569,6,29,0,36,2,1,0,9,0,9,164.44444444444446,1480,4.444444444444445,40.0,7,0.2222222222222222,79.52483078561107,4.555555555555555,0.0
PRV55570,10,24,0,36,2,1,0,10,0,10,490.0,4900,0.0,0.0,9,3.6,75.16002737850788,5.1,30.0
PRV55571,13,118,0,36,1,1,0,61,0,61,222.29508196721312,13560,0.0,0.0,51,0.9672131147540983,72.89469373099494,4.868852459016393,19.672131147540984
PRV55572,1,1,0,36,1,1,0,1,0,1,10.0,10,0.0,0.0,1,0.0,52.563997262149215,7.0,0.0
PRV55573,7,40,2,36,2,1,0,11,4,7,2693.6363636363635,29630,392.90909090909093,4322.0,11,2.5454545454545454,70.1833115549748,5.0,54.54545454545454
PRV55574,1,45,0,36,1,1,0,15,0,15,156.0,2340,4.666666666666667,70.0,12,2.933333333333333,76.85968514715948,4.6,26.666666666666668
PRV55575,5,17,0,36,2,1,0,6,0,6,78.33333333333333,470,0.0,0.0,4,0.8333333333333334,68.29614419347479,5.166666666666667,0.0
PRV55576,13,144,2,36,1,1,0,60,3,57,447.1666666666667,26830,54.4,3264.0,49,0.95,71.08272872461785,4.166666666666667,26.666666666666668
PRV55577,1,9,0,10,1,1,0,2,0,2,10.0,20,0.0,0.0,2,0.0,53.29363449691992,6.5,0.0
PRV55578,1,1,0,36,2,1,0,1,0,1,200.0,200,0.0,0.0,1,0.0,80.37234770704997,6.0,0.0
PRV55579,3,318,0,36,2,1,0,174,0,174,215.91954022988506,37570,2.0689655172413794,360.0,82,2.0,69.49507108184443,4.35632183908046,24.71264367816092
PRV55580,23,130,0,36,2,1,0,66,0,66,293.6363636363636,19380,4.696969696969697,310.0,26,1.121212121212121,74.25138448136396,4.106060606060606,10.606060606060606
PRV55581,3,8,0,36,1,1,0,2,0,2,35.0,70,0.0,0.0,2,0.0,71.20191649555099,2.5,0.0
PRV55582,13,72,0,36,2,1,0,24,0,24,327.9166666666667,7870,1.6666666666666667,40.0,22,2.625,75.07859913301392,5.833333333333333,12.5
PRV55583,10,35,4,36,1,1,0,12,3,9,1568.3333333333333,18820,270.3333333333333,3244.0,11,0.6666666666666666,73.77116130504221,4.5,41.66666666666667
PRV55584,2,10,0,36,1,1,0,2,0,2,300.0,600,50.0,100.0,2,0.0,79.84531143052703,5.5,50.0
PRV55585,20,211,0,36,2,1,0,114,0,114,285.0877192982456,32500,4.56140350877193,520.0,85,1.368421052631579,72.87567995965273,4.43859649122807,21.929824561403507
PRV55586,2,18,1,36,2,1,0,2,2,0,21000.0,42000,1068.0,2136.0,2,18.5,88.85284052019165,6.5,100.0
PRV55587,7,27,0,36,2,1,0,7,0,7,247.14285714285714,1730,0.0,0.0,7,1.5714285714285714,79.11567419575633,5.857142857142857,0.0
PRV55588,3,14,0,36,2,2,0,3,0,3,1266.6666666666667,3800,0.0,0.0,3,0.6666666666666666,58.617385352498296,4.0,33.33333333333333
PRV55589,18,40,0,23,1,1,0,20,0,20,112.0,2240,2.0,40.0,18,2.4,74.13607118412047,4.3,20.0
PRV55590,5,12,0,36,2,1,0,5,0,5,500.0,2500,0.0,0.0,5,0.0,74.06598220396988,2.8,40.0
PRV55591,2,2,0,36,2,1,0,1,0,1,0.0,0,0.0,0.0,1,0.0,99.72895277207392,2.0,0.0
PRV55592,8,210,0,36,2,1,0,117,0,117,189.23076923076923,22140,2.4786324786324787,290.0,52,0.9401709401709402,73.57269637351773,4.0,27.350427350427353
PRV55593,17,271,0,36,2,1,0,147,0,147,270.8843537414966,39820,2.380952380952381,350.0,53,1.4081632653061225,73.47830905120432,4.891156462585034,22.448979591836736
PRV55595,8,40,0,36,1,1,0,17,0,17,153.52941176470588,2610,0.0,0.0,16,1.8823529411764706,71.19362241816646,4.0588235294117645,17.647058823529413
PRV55596,7,88,0,36,2,1,0,32,0,32,397.5,12720,1.5625,50.0,24,2.0,67.1412559890486,5.28125,12.5
PRV55598,1,281,0,36,2,1,0,167,0,167,276.58682634730536,46190,3.3532934131736525,560.0,84,1.1676646706586826,69.17247230385226,4.730538922155689,25.149700598802394
PRV55599,1,6,0,36,2,1,0,1,0,1,100.0,100,0.0,0.0,1,0.0,70.90485968514716,5.0,0.0
PRV55600,6,29,2,36,2,1,0,4,4,0,6250.0,25000,1068.0,4272.0,4,4.75,77.38740588637918,6.5,100.0
PRV55601,10,16,0,18,1,1,0,8,0,8,192.5,1540,6.25,50.0,8,3.625,71.02635181382615,4.25,12.5
PRV55602,6,10,0,36,2,1,0,5,0,5,156.0,780,0.0,0.0,4,0.4,69.3015742642026,3.2,20.0
PRV55603,3,17,1,36,1,1,0,2,2,0,7500.0,15000,1068.0,2136.0,2,2.0,67.90965092402465,6.5,100.0
PRV55604,1,98,11,36,2,1,0,17,17,0,7647.058823529412,130000,1068.0,18156.0,17,6.352941176470588,70.5162459234207,4.9411764705882355,100.0
PRV55606,4,30,1,36,1,1,0,4,4,0,10000.0,40000,1068.0,4272.0,3,2.5,73.97604380561259,8.0,100.0
PRV55607,1,1,0,36,2,1,0,1,0,1,40.0,40,0.0,0.0,1,0.0,88.42162902121834,7.0,0.0
PRV55608,1,49,0,36,1,1,0,18,0,18,411.1111111111111,7400,0.0,0.0,18,1.8333333333333333,72.78576317590691,4.833333333333333,0.0
PRV55609,1,26,0,36,2,1,0,10,0,10,685.0,6850,10.0,100.0,10,0.0,72.41834360027379,6.0,60.0
PRV55610,1,1,0,36,2,1,0,1,0,1,1700.0,1700,0.0,0.0,1,0.0,89.05954825462013,3.0,0.0
PRV55612,1,3,0,36,2,1,0,1,0,1,800.0,800,0.0,0.0,1,0.0,80.38603696098562,4.0,0.0
PRV55613,1,18,0,36,1,1,0,7,0,7,105.71428571428571,740,0.0,0.0,7,3.0,69.17180013689254,4.857142857142857,28.57142857142857
PRV55614,2,144,0,36,2,1,0,73,0,73,404.52054794520546,29530,7.534246575342466,550.0,68,0.5753424657534246,73.11854331336203,4.1506849315068495,24.65753424657534
PRV55615,1,3,0,36,1,1,0,1,0,1,50.0,50,0.0,0.0,1,0.0,33.3388090349076,3.0,0.0
PRV55617,1,2,0,36,1,1,0,2,0,2,130.0,260,0.0,0.0,2,10.0,72.74469541409994,2.5,0.0
PRV55618,1,36,0,36,2,1,0,13,0,13,108.46153846153847,1410,0.0,0.0,11,0.0,73.72063391775917,3.230769230769231,23.076923076923077
PRV55619,1,8,0,36,1,1,0,2,0,2,30.0,60,0.0,0.0,2,0.0,80.21492128678986,5.0,0.0
PRV55620,2,36,0,36,1,1,0,15,0,15,122.66666666666667,1840,13.333333333333334,200.0,14,0.0,78.16271959844855,4.133333333333334,20.0
PRV55621,2,130,0,36,2,1,0,62,0,62,210.16129032258064,13030,5.806451612903226,360.0,59,0.5967741935483871,73.33801417500166,4.258064516129032,17.741935483870968
PRV55622,1,1,0,51,1,1,0,1,0,1,1500.0,1500,0.0,0.0,1,0.0,71.51266255989049,2.0,0.0
PRV55623,2,16,0,36,2,1,0,9,0,9,327.77777777777777,2950,0.0,0.0,8,2.2222222222222223,78.08624229979466,3.888888888888889,11.11111111111111
PRV55624,1,2,0,36,1,1,0,2,0,2,50.0,100,0.0,0.0,2,0.0,67.32785763175906,4.5,50.0
PRV55625,3,53,0,36,1,1,0,21,0,21,281.42857142857144,5910,0.0,0.0,16,0.047619047619047616,78.36146149082495,4.476190476190476,19.047619047619047
PRV55626,4,19,0,36,2,1,0,9,0,9,90.0,810,0.0,0.0,9,0.0,78.84462696783025,4.444444444444445,11.11111111111111
PRV55627,4,93,0,36,2,1,0,38,0,38,157.3684210526316,5980,1.8421052631578947,70.0,32,0.7105263157894737,69.38455996253467,4.421052631578948,18.421052631578945
PRV55631,2,5,0,36,2,1,0,2,0,2,200.0,400,0.0,0.0,2,0.0,87.7344284736482,6.0,0.0
PRV55632,1,1,0,36,1,1,0,1,0,1,60.0,60,100.0,100.0,1,0.0,72.08761122518823,5.0,0.0
PRV55633,4,541,0,36,2,1,0,358,0,358,256.1173184357542,91690,3.212290502793296,1150.0,209,1.1396648044692737,73.28657573637098,4.184357541899441,18.156424581005588
PRV55634,2,10,0,36,1,1,0,2,0,2,1750.0,3500,0.0,0.0,2,0.0,59.39082819986311,7.5,50.0
PRV55635,3,125,0,36,1,1,0,59,0,59,228.64406779661016,13490,1.694915254237288,100.0,58,1.9661016949152543,72.44014431721946,4.186440677966102,15.254237288135593
PRV55637,1,5,0,36,2,1,0,1,0,1,300.0,300,0.0,0.0,1,20.0,71.0280629705681,8.0,0.0
PRV55638,2,9,0,36,2,1,0,5,0,5,72.0,360,0.0,0.0,4,2.4,79.8220396988364,3.4,0.0
PRV55639,1,11,0,36,1,1,0,4,0,4,110.0,440,0.0,0.0,4,0.0,68.35318275154005,4.25,0.0
PRV55640,3,130,0,36,2,1,0,64,0,64,185.9375,11900,5.9375,380.0,49,0.390625,72.59364305270363,4.0,20.3125
PRV55641,1,9,0,36,2,1,0,2,0,2,420.0,840,0.0,0.0,2,0.0,72.36139630390144,7.0,0.0
PRV55642,1,4,0,36,2,1,0,2,0,2,1450.0,2900,0.0,0.0,2,3.5,82.61875427789185,6.5,50.0
PRV55644,3,65,0,36,1,1,0,29,0,29,174.48275862068965,5060,1.7241379310344827,50.0,26,0.7586206896551724,72.9713705775449,4.068965517241379,31.03448275862069
PRV55646,1,7,0,36,2,1,0,2,0,2,150.0,300,0.0,0.0,2,0.0,77.38124572210815,2.5,0.0
PRV55648,1,6,0,36,2,1,0,2,0,2,40.0,80,50.0,100.0,2,0.0,66.37371663244353,6.0,0.0
PRV55649,1,7,0,36,2,1,0,2,0,2,50.0,100,0.0,0.0,1,0.0,84.75838466803559,2.0,0.0
PRV55650,1,8,0,36,1,1,0,4,0,4,55.0,220,0.0,0.0,4,0.0,80.23545516769336,4.5,0.0
PRV55652,6,65,0,36,1,1,0,28,0,28,219.28571428571428,6140,1.7857142857142858,50.0,27,1.5357142857142858,71.36814315048402,4.357142857142857,21.428571428571427
PRV55653,5,56,0,36,2,1,0,25,0,25,256.0,6400,0.0,0.0,25,0.8,75.35288158795345,3.64,20.0
PRV55654,6,788,0,18,2,1,0,578,0,578,337.71626297577853,195200,3.961937716262976,2290.0,374,1.9186851211072664,72.99305353256172,4.380622837370242,19.031141868512112
PRV55655,2,7,0,36,1,1,0,3,0,3,76.66666666666667,230,0.0,0.0,3,0.0,77.27492584987452,3.3333333333333335,0.0
PRV55656,2,67,0,36,2,1,0,30,0,30,339.0,10170,0.0,0.0,26,2.2333333333333334,69.58676705452885,4.7,23.333333333333332
PRV55657,2,7,0,36,2,1,0,1,0,1,1700.0,1700,0.0,0.0,1,0.0,74.64202600958248,4.0,100.0
PRV55658,10,93,11,36,1,1,0,15,15,0,13093.333333333334,196400,1068.0,16020.0,14,9.266666666666667,73.00205338809035,5.533333333333333,100.0
PRV55659,3,114,13,36,2,1,1,20,20,0,11350.0,227000,1068.0,21360.0,18,5.8,73.98179329226556,6.05,100.0
PRV55660,2,28,3,36,1,1,0,4,4,0,8250.0,33000,1068.0,4272.0,4,3.25,76.85763175906914,5.0,100.0
PRV55661,3,76,10,36,2,1,0,14,14,0,14428.57142857143,202000,1068.0,14952.0,11,4.285714285714286,76.53622763273687,5.214285714285714,100.0
PRV55662,1,149,18,36,2,1,0,28,28,0,8321.42857142857,233000,1068.0,29904.0,27,6.714285714285714,73.50894690525081,5.25,100.0
PRV55663,3,51,7,36,1,1,0,7,7,0,5142.857142857143,36000,1068.0,7476.0,7,4.714285714285714,70.8039503275643,5.428571428571429,100.0
PRV55664,4,120,14,36,1,1,0,20,20,0,10250.0,205000,1068.0,20292.0,17,5.75,76.64845995893225,5.8,100.0
PRV55665,1,5,1,36,1,1,0,1,1,0,9000.0,9000,1068.0,1068.0,1,4.0,69.14442162902122,7.0,100.0
PRV55666,4,102,12,36,1,1,0,19,19,0,6578.9473684210525,125000,1068.0,20292.0,19,6.631578947368421,72.31931986022552,5.684210526315789,100.0
PRV55667,7,188,27,36,2,1,1,38,38,0,10057.368421052632,382180,1068.0,38448.0,33,6.473684210526316,73.98314060304766,5.815789473684211,100.0
PRV55668,1,26,4,36,2,1,0,4,4,0,11750.0,47000,1068.0,4272.0,4,3.5,76.11635865845311,3.5,100.0
PRV55670,3,63,7,36,2,1,1,9,9,0,10888.888888888889,98000,1068.0,9612.0,8,5.666666666666667,80.78180850254772,6.111111111111111,100.0
PRV55671,1,14,3,36,2,1,0,2,2,0,8000.0,16000,1068.0,1068.0,2,8.0,75.84531143052703,4.5,100.0
PRV55673,48,155,5,37,2,1,1,60,9,51,1833.3333333333333,110000,145.66101694915255,8594.0,56,2.3333333333333335,71.85941136208076,4.433333333333334,25.0
PRV55674,11,31,0,37,2,1,0,9,0,9,554.4444444444445,4990,0.0,0.0,8,4.444444444444445,74.46163206327476,5.444444444444445,44.44444444444444
PRV55675,22,182,3,37,2,1,0,83,2,81,1190.8433734939758,98840,28.987951807228917,2406.0,53,1.3975903614457832,72.34668447918986,4.457831325301205,27.710843373493976
PRV55676,89,485,53,37,2,1,1,167,115,52,6229.34131736527,1040300,732.8121212121212,120914.0,150,3.311377245508982,73.26739539401689,5.1437125748503,76.64670658682635
PRV55677,37,153,0,37,2,1,0,84,0,84,204.76190476190476,17200,5.357142857142857,450.0,79,0.9047619047619048,70.7160457612203,3.9642857142857144,20.238095238095237
PRV55678,14,68,8,37,1,1,0,16,9,7,8080.625,129290,600.75,9612.0,16,3.5,73.25975359342915,4.875,62.5
PRV55679,18,425,4,37,2,1,0,229,9,220,643.1441048034934,147280,43.76419213973799,10022.0,89,1.4890829694323144,71.34600037660394,4.275109170305677,17.03056768558952
PRV55680,33,408,1,37,2,1,0,206,5,201,330.3883495145631,68060,27.524271844660195,5670.0,72,1.4854368932038835,74.12535635254481,4.441747572815534,20.388349514563107
PRV55682,15,89,5,37,2,1,0,23,6,17,2727.8260869565215,62740,282.5217391304348,6498.0,19,2.260869565217391,75.93810076481267,5.217391304347826,34.78260869565217
PRV55683,7,71,0,37,2,1,0,28,0,28,146.42857142857142,4100,7.142857142857143,200.0,10,1.2142857142857142,72.91718001368926,5.035714285714286,25.0
PRV55684,4,6,0,37,2,1,0,3,0,3,136.66666666666666,410,0.0,0.0,3,0.0,61.728496463609396,3.0,0.0
PRV55687,26,191,3,37,2,1,0,81,5,76,756.0493827160494,61240,67.77777777777777,5490.0,48,1.5308641975308641,71.31891736591713,5.111111111111111,23.456790123456788
PRV55688,24,112,0,37,2,1,0,47,1,46,502.1276595744681,23600,25.70212765957447,1208.0,29,1.8297872340425532,78.7608603841729,4.25531914893617,21.27659574468085
PRV55689,56,926,49,37,2,1,1,577,104,473,2126.117850953206,1226770,191.40766550522648,109868.0,361,2.169844020797227,73.09049972894329,4.675909878682842,35.008665511265164
PRV55690,67,228,13,37,2,1,0,91,15,76,1851.7582417582419,168510,167.9111111111111,15112.0,75,1.7142857142857142,73.34211852487006,4.417582417582418,30.76923076923077
PRV55691,14,90,2,37,1,1,0,40,3,37,551.5,22060,80.1,3204.0,15,1.525,78.9911704312115,4.275,25.0
PRV55692,12,294,0,37,1,1,0,152,3,149,318.94736842105266,48480,24.105263157894736,3664.0,79,1.0263157894736843,70.26139270146619,3.9407894736842106,26.973684210526315
PRV55695,6,162,0,37,2,1,0,73,0,73,207.53424657534248,15150,5.7534246575342465,420.0,51,2.315068493150685,72.67924952884589,4.589041095890411,20.54794520547945
PRV55697,20,51,0,37,1,1,0,26,0,26,285.7692307692308,7430,3.8461538461538463,100.0,24,0.38461538461538464,68.7419575633128,3.3846153846153846,23.076923076923077
PRV55699,8,72,2,37,1,1,0,30,1,29,765.3333333333334,22960,40.266666666666666,1208.0,7,1.9666666666666666,76.31430527036277,4.8,30.0
PRV55700,19,68,3,37,2,1,0,30,3,27,2767.6666666666665,83030,109.13333333333334,3274.0,26,1.3333333333333333,72.9325119780972,4.533333333333333,30.0
PRV55701,5,337,0,37,2,1,0,186,0,186,273.1182795698925,50800,4.193548387096774,780.0,70,1.118279569892473,71.88100652815497,4.155913978494624,22.58064516129032
PRV55702,8,36,0,37,1,1,0,14,0,14,260.0,3640,3.5714285714285716,50.0,14,0.9285714285714286,72.41967341351325,4.785714285714286,28.57142857142857
PRV55703,16,132,1,37,2,1,0,58,3,55,598.2758620689655,34700,57.13793103448276,3314.0,45,2.310344827586207,71.13743538908165,3.706896551724138,25.862068965517242
PRV55704,23,105,1,37,2,1,0,38,4,34,739.7368421052631,28110,86.5945945945946,3204.0,32,1.631578947368421,74.36708815159048,5.0,28.947368421052634
PRV55705,1,390,0,37,2,1,0,253,0,253,252.64822134387353,63920,2.727272727272727,690.0,115,0.7549407114624506,75.05349360040906,4.339920948616601,19.367588932806324
PRV55706,2,9,1,37,1,1,0,1,1,0,12000.0,12000,1068.0,1068.0,1,7.0,57.31416837782341,8.0,100.0
PRV55707,20,96,4,37,2,1,0,33,7,26,1667.2727272727273,55020,200.25,6408.0,24,1.6666666666666667,74.09611515566341,4.818181818181818,24.242424242424242
PRV55709,29,150,11,37,1,1,0,43,16,27,3734.6511627906975,160590,399.72093023255815,17188.0,42,3.1627906976744184,74.25019499227989,4.3023255813953485,48.837209302325576
PRV55710,27,115,4,37,2,1,0,40,6,34,1217.0,48680,166.2,6648.0,37,3.575,75.38220396988365,4.525,35.0
PRV55711,3,17,0,37,1,1,0,5,0,5,132.0,660,0.0,0.0,5,0.0,71.7930184804928,4.0,40.0
PRV55712,13,57,0,37,2,1,0,26,0,26,380.0,9880,3.076923076923077,80.0,25,1.0769230769230769,69.21865950613383,4.423076923076923,30.76923076923077
PRV55714,8,70,2,37,2,1,0,22,3,19,1347.2727272727273,29640,148.36363636363637,3264.0,17,2.909090909090909,72.1630265695974,5.318181818181818,36.36363636363637
PRV55715,27,1139,30,37,2,1,1,864,57,807,845.1504629629629,730210,71.8864426419467,62038.0,421,1.9039351851851851,73.08925900575456,4.568287037037037,24.305555555555554
PRV55716,17,64,0,37,1,1,0,25,0,25,264.8,6620,0.0,0.0,23,1.64,73.74028747433266,4.08,28.000000000000004
PRV55717,5,156,0,37,1,1,0,73,0,73,347.3972602739726,25360,2.4657534246575343,180.0,27,1.7671232876712328,71.24349057222958,4.2465753424657535,20.54794520547945
PRV55719,5,56,0,37,1,1,0,23,0,23,286.95652173913044,6600,3.4782608695652173,80.0,11,0.9130434782608695,79.86108383180073,3.5652173913043477,17.391304347826086
PRV55720,5,42,1,37,2,1,0,11,4,7,2484.5454545454545,27330,388.3636363636364,4272.0,10,1.0,75.39319270736108,4.2727272727272725,45.45454545454545
PRV55721,4,11,0,4,2,1,0,5,0,5,82.0,410,14.0,70.0,5,4.0,73.07542778918548,3.6,40.0
PRV55723,7,105,0,37,1,1,0,47,0,47,308.51063829787233,14500,0.0,0.0,25,3.021276595744681,73.23331440138641,3.765957446808511,21.27659574468085
PRV55724,8,84,0,37,2,1,0,31,0,31,404.83870967741933,12550,16.451612903225808,510.0,31,1.5483870967741935,70.93144333311254,4.193548387096774,38.70967741935484
PRV55726,5,84,0,37,2,1,0,36,0,36,269.1666666666667,9690,7.777777777777778,280.0,16,0.7777777777777778,68.70438816640049,3.5833333333333335,11.11111111111111
PRV55727,3,128,0,37,1,1,0,68,0,68,244.55882352941177,16630,3.088235294117647,210.0,35,0.7058823529411765,70.7806900994484,4.323529411764706,20.588235294117645
PRV55728,4,24,0,37,2,1,0,7,0,7,517.1428571428571,3620,0.0,0.0,5,2.857142857142857,77.7264104820573,3.4285714285714284,0.0
PRV55729,7,191,0,37,1,1,0,114,0,114,183.42105263157896,20910,3.5964912280701755,410.0,39,1.8771929824561404,71.239141659762,3.956140350877193,20.175438596491226
PRV55731,21,248,0,37,1,1,0,135,0,135,240.07407407407408,32410,1.6296296296296295,220.0,52,1.4592592592592593,75.5812507922022,4.518518518518518,25.185185185185183
PRV55732,8,248,8,37,2,1,0,111,12,99,1609.5495495495495,178660,116.8108108108108,12966.0,65,2.2162162162162162,73.84832059986064,5.243243243243243,25.225225225225223
PRV55733,4,92,0,37,2,1,0,46,0,46,318.9130434782609,14670,5.0,230.0,43,2.0434782608695654,72.99348272475672,4.826086956521739,21.73913043478261
PRV55734,16,504,0,37,2,1,0,310,0,310,229.6451612903226,71190,2.806451612903226,870.0,132,0.8903225806451613,71.46674615265727,4.65483870967742,19.35483870967742
PRV55735,11,199,0,37,2,1,0,93,0,93,346.55913978494624,32230,4.408602150537634,410.0,83,1.096774193548387,72.74734494711974,4.279569892473118,17.20430107526882
PRV55736,28,429,3,37,2,1,0,230,4,226,469.30434782608694,107940,22.182608695652174,5102.0,114,1.4173913043478261,71.1773710680594,4.1347826086956525,20.869565217391305
PRV55737,38,449,13,37,2,1,0,257,19,238,1017.7821011673152,261570,80.08560311284047,20582.0,175,1.622568093385214,73.15280563123706,4.249027237354086,27.237354085603112
PRV55739,18,223,13,37,2,1,0,86,19,67,2728.3720930232557,234640,230.04705882352943,19554.0,75,2.3255813953488373,74.60407812425386,4.825581395348837,40.69767441860465
PRV55740,12,50,0,37,2,1,0,21,0,21,214.76190476190476,4510,0.0,0.0,18,0.9523809523809523,71.31801440631008,4.428571428571429,23.809523809523807
PRV55741,4,20,0,37,1,1,0,6,0,6,203.33333333333334,1220,20.0,120.0,6,3.5,78.3376682637463,5.5,33.33333333333333
PRV55742,14,187,6,37,2,1,0,75,6,69,934.0,70050,87.84,6588.0,36,1.7733333333333334,71.93436459046316,4.1066666666666665,34.66666666666667
PRV55743,6,158,4,37,2,1,0,69,5,64,935.2173913043479,64530,77.97101449275362,5380.0,61,1.1884057971014492,72.23287603289388,4.217391304347826,23.18840579710145
PRV55744,1,8,0,37,1,1,0,2,0,2,40.0,80,0.0,0.0,2,0.0,80.99110198494182,4.5,0.0
PRV55745,6,151,0,37,2,1,0,81,0,81,177.90123456790124,14410,3.45679012345679,280.0,74,0.037037037037037035,75.4964044583027,4.530864197530864,19.753086419753085
PRV55748,6,15,0,37,2,1,0,10,0,10,347.0,3470,0.0,0.0,10,2.8,70.18453114305271,5.1,40.0
PRV55749,3,8,0,37,2,1,0,4,0,4,102.5,410,0.0,0.0,4,4.5,69.7015742642026,6.0,50.0
PRV55750,3,11,0,37,1,1,0,5,0,5,132.0,660,0.0,0.0,5,3.4,71.39767282683093,4.8,20.0
PRV55751,1,6,0,37,1,1,0,2,0,2,640.0,1280,0.0,0.0,2,0.0,67.02532511978097,1.0,50.0
PRV55752,47,776,0,37,2,1,0,563,0,563,278.3658969804618,156720,2.1847246891651864,1230.0,347,1.5879218472468917,71.93746709898448,4.301953818827709,20.24866785079929
PRV55753,16,106,9,37,1,1,0,40,8,32,2325.0,93000,216.1,8644.0,36,0.975,71.14216290212184,4.6,47.5
PRV55754,14,49,0,37,2,1,0,22,0,22,236.8181818181818,5210,2.727272727272727,60.0,21,1.8181818181818181,68.02016053761434,4.2272727272727275,22.727272727272727
PRV55755,33,219,6,37,2,1,0,86,11,75,1813.0232558139535,155920,137.41860465116278,11818.0,74,1.744186046511628,73.90901421453925,4.627906976744186,26.744186046511626
PRV55759,3,7,0,37,1,1,0,3,0,3,80.0,240,26.666666666666668,80.0,3,0.0,73.37531371206936,3.0,33.33333333333333
PRV55760,4,5,0,37,2,1,0,3,0,3,70.0,210,23.333333333333332,70.0,3,0.0,75.52270134610997,3.6666666666666665,66.66666666666666
PRV55761,1,8,0,37,2,1,0,4,0,4,52.5,210,0.0,0.0,1,1.75,75.74811772758385,1.0,25.0
PRV55762,3,20,0,37,2,1,0,9,0,9,126.66666666666667,1140,0.0,0.0,9,1.2222222222222223,76.78941364362309,4.0,11.11111111111111
PRV55763,4,27,0,37,2,1,0,10,0,10,148.0,1480,0.0,0.0,8,0.5,72.57467488021902,3.1,20.0
PRV55764,10,76,3,37,2,1,0,29,1,28,338.9655172413793,9830,0.35714285714285715,10.0,28,1.5862068965517242,76.80709953031698,4.620689655172414,27.586206896551722
PRV55765,1,63,2,37,2,1,0,20,2,18,1039.5,20790,110.8,2216.0,8,1.85,75.67652292950035,5.15,20.0
PRV55766,1,11,0,37,2,1,0,6,0,6,50.0,300,0.0,0.0,3,2.1666666666666665,69.81656399726215,3.5,16.666666666666664
PRV55767,2,4,0,37,2,1,0,2,0,2,40.0,80,0.0,0.0,2,0.0,70.68856947296372,2.5,50.0
PRV55768,1,115,0,37,2,1,0,64,0,64,383.90625,24570,4.0625,260.0,34,1.703125,73.027977412731,3.125,31.25
PRV55769,2,62,2,37,2,1,0,15,2,13,1200.0,18000,145.06666666666666,2176.0,8,4.8,70.10704996577687,4.133333333333334,26.666666666666668
PRV55770,1,32,0,37,2,1,0,19,0,19,98.42105263157895,1870,4.7368421052631575,90.0,14,0.0,76.5642854569689,3.789473684210526,5.263157894736842
PRV55771,5,148,0,37,2,1,0,73,0,73,248.21917808219177,18120,2.191780821917808,160.0,29,0.9315068493150684,72.64331992536543,3.808219178082192,17.80821917808219
PRV55772,3,8,0,37,2,1,0,4,0,4,122.5,490,0.0,0.0,4,3.25,64.20191649555099,5.5,25.0
PRV55774,15,59,3,37,2,1,0,14,4,10,3566.4285714285716,49930,305.14285714285717,4272.0,12,4.142857142857143,78.77911410970958,5.428571428571429,42.857142857142854
PRV55775,8,37,0,37,1,1,0,14,1,13,829.2857142857143,11610,76.28571428571429,1068.0,14,2.0,66.0250317786252,4.0,21.428571428571427
PRV55776,4,21,0,37,1,1,0,4,0,4,22.5,90,0.0,0.0,4,5.5,75.25188227241615,3.5,25.0
PRV55777,12,39,0,37,2,1,0,17,0,17,271.7647058823529,4620,8.823529411764707,150.0,11,0.8823529411764706,66.63687240810083,2.9411764705882355,11.76470588235294
PRV55778,1,8,0,37,2,1,0,1,0,1,40.0,40,0.0,0.0,1,0.0,66.74880219028063,3.0,0.0
PRV55779,6,7,0,37,2,1,0,7,0,7,361.42857142857144,2530,5.714285714285714,40.0,6,2.857142857142857,77.17649359538476,4.285714285714286,14.285714285714285
PRV55780,11,132,6,37,2,1,0,52,6,46,2100.3846153846152,109220,109.80392156862744,5600.0,34,2.4038461538461537,75.46717211604276,4.6923076923076925,30.76923076923077
PRV55782,2,21,0,37,2,1,0,6,0,6,321.6666666666667,1930,0.0,0.0,5,0.3333333333333333,78.3235227013461,3.8333333333333335,16.666666666666664
PRV55783,5,34,2,37,1,1,0,7,4,3,6148.571428571428,43040,610.2857142857143,4272.0,7,3.2857142857142856,69.14285714285714,4.571428571428571,71.42857142857143
PRV55785,5,17,0,37,1,1,0,9,0,9,507.77777777777777,4570,0.0,0.0,8,0.1111111111111111,72.87580804623926,4.0,55.55555555555556
PRV55786,7,40,0,37,2,1,0,11,0,11,192.72727272727272,2120,2.727272727272727,30.0,10,1.8181818181818181,78.17111567419576,4.545454545454546,9.090909090909092
PRV55787,1,2,0,37,2,1,0,1,0,1,200.0,200,0.0,0.0,1,0.0,81.83162217659138,4.0,0.0
PRV55788,4,40,0,37,2,1,0,19,0,19,145.78947368421052,2770,0.0,0.0,16,0.0,74.67372743974927,4.2631578947368425,15.789473684210526
PRV55789,1,58,0,37,1,1,0,23,0,23,298.2608695652174,6860,1.7391304347826086,40.0,17,0.0,72.91694193970775,4.826086956521739,30.434782608695656
PRV55790,4,40,3,37,1,1,0,5,5,0,9600.0,48000,1068.0,5340.0,5,5.4,71.86529774127311,4.8,100.0
PRV55791,4,63,7,37,2,1,0,10,10,0,12900.0,129000,1068.0,10680.0,10,5.6,67.14715947980835,5.1,100.0
PRV55792,2,7,1,37,2,1,0,1,1,0,7000.0,7000,1068.0,1068.0,1,5.0,66.04791238877482,4.0,100.0
PRV55793,2,41,5,37,1,1,0,6,6,0,12000.0,72000,1068.0,6408.0,6,6.166666666666667,65.90189368012777,4.833333333333333,100.0
PRV55794,3,29,0,37,2,1,0,11,0,11,232.72727272727272,2560,0.0,0.0,11,0.0,73.8843880281252,5.2727272727272725,27.27272727272727
PRV55795,4,29,0,37,1,1,0,10,0,10,405.0,4050,0.0,0.0,9,2.0,77.26598220396988,4.7,10.0
PRV55796,1,20,0,37,2,1,0,7,0,7,124.28571428571429,870,0.0,0.0,7,0.0,73.67008898015058,4.0,14.285714285714285
PRV55797,3,8,0,37,2,1,0,3,0,3,353.3333333333333,1060,0.0,0.0,3,13.333333333333334,75.87953456536619,5.666666666666667,66.66666666666666
PRV55798,2,18,0,37,2,1,0,6,0,6,510.0,3060,0.0,0.0,6,3.3333333333333335,70.67305498516997,6.5,16.666666666666664
PRV55800,1,1,0,37,2,1,0,1,0,1,50.0,50,0.0,0.0,1,0.0,76.9719370294319,2.0,0.0
PRV55801,1,11,0,37,2,3,0,2,0,2,35.0,70,0.0,0.0,2,0.0,82.78439425051334,6.0,50.0
PRV55802,1,0,0,37,2,1,0,1,0,1,10.0,10,0.0,0.0,1,0.0,77.20739219712526,5.0,0.0
PRV55803,1,8,0,37,2,1,0,2,0,2,70.0,140,0.0,0.0,2,0.0,75.2101300479124,4.5,0.0
PRV55804,3,16,0,37,2,1,0,9,0,9,285.55555555555554,2570,8.88888888888889,80.0,9,0.0,73.46201232032854,2.6666666666666665,22.22222222222222
PRV55805,1,16,0,37,1,1,0,8,0,8,481.25,3850,0.0,0.0,7,2.375,63.553388090349074,5.0,25.0
PRV55806,2,49,0,37,2,1,0,16,0,16,318.125,5090,5.0,80.0,16,1.375,76.88860369609856,3.75,18.75
PRV55807,2,55,0,37,2,1,0,17,0,17,357.6470588235294,6080,6.470588235294118,110.0,16,0.0,73.33236703305552,4.705882352941177,11.76470588235294
PRV55808,4,58,0,37,2,1,0,22,0,22,213.1818181818182,4690,3.6363636363636362,80.0,10,1.6818181818181819,78.20645883890236,3.9545454545454546,36.36363636363637
PRV55809,3,72,3,37,2,1,0,10,10,0,6200.0,62000,1068.0,9612.0,9,5.9,70.88131416837783,6.8,100.0
PRV55810,2,9,1,17,1,1,0,1,1,0,12000.0,12000,1068.0,1068.0,1,11.0,70.85284052019165,6.0,100.0
PRV55811,1,16,1,37,2,1,0,2,2,0,20500.0,41000,1068.0,2136.0,2,5.0,64.57905544147845,4.5,100.0
PRV55812,2,101,9,37,2,1,1,17,17,0,9470.588235294117,161000,1068.0,17088.0,16,6.882352941176471,73.46732697185651,5.588235294117647,100.0
PRV55813,1,47,7,37,2,1,0,7,7,0,5428.571428571428,38000,1068.0,7476.0,7,3.142857142857143,69.38378801212477,5.0,100.0
PRV55814,1,10,0,37,1,1,0,4,0,4,27.5,110,20.0,80.0,4,0.0,62.676249144421625,2.75,50.0
PRV55815,4,35,2,37,2,1,0,4,4,0,3000.0,12000,1068.0,4272.0,4,3.75,75.31348391512662,5.25,100.0
PRV55816,2,7,1,37,2,1,0,1,1,0,6000.0,6000,1068.0,1068.0,1,2.0,70.84462696783025,3.0,100.0
PRV55817,7,131,15,37,2,1,0,25,25,0,8880.0,222000,1068.0,26700.0,23,4.8,73.88637919233402,6.68,100.0
PRV55818,8,27,3,38,2,1,0,10,2,8,562.0,5620,213.6,2136.0,10,0.4,75.95838466803559,5.0,20.0
PRV55819,24,339,0,38,2,1,0,198,0,198,244.3939393939394,48390,3.6363636363636362,720.0,89,1.02020202020202,73.66016081416493,3.9444444444444446,23.232323232323232
PRV55820,14,713,0,38,2,1,0,477,0,477,252.30607966457023,120350,2.6624737945492662,1270.0,332,1.2410901467505242,74.91291252509338,4.40461215932914,18.867924528301888
PRV55821,7,393,9,38,2,1,1,195,13,182,1066.5128205128206,207970,72.84102564102564,14204.0,135,1.6512820512820512,70.67937310237104,4.148717948717949,20.51282051282051
PRV55822,35,574,0,38,2,1,0,384,0,384,293.671875,112770,2.4479166666666665,940.0,196,1.765625,73.57173311658681,4.171875,19.270833333333336
PRV55826,19,86,5,5,2,1,0,26,4,22,4091.923076923077,106390,168.15384615384616,4372.0,25,2.1538461538461537,76.70120570736587,5.346153846153846,34.61538461538461
PRV55828,28,81,4,38,2,1,0,24,7,17,1123.75,26970,316.0833333333333,7586.0,24,2.375,73.0377595254392,4.291666666666667,45.83333333333333
PRV55830,13,59,8,38,2,1,0,10,8,2,10312.0,103120,854.4,8544.0,8,3.9,73.15263518138262,4.8,90.0
PRV55831,7,1006,0,38,2,1,0,810,0,810,290.2345679012346,235090,2.7160493827160495,2200.0,471,1.625925925925926,73.72013756855189,4.529629629629629,18.271604938271604
PRV55832,137,549,26,5,2,1,0,284,45,239,1694.0140845070423,481100,171.8661971830986,48810.0,259,2.5211267605633805,74.01863473792791,4.545774647887324,30.28169014084507
PRV55833,10,271,5,38,2,1,0,144,4,140,658.6805555555555,94850,31.541666666666668,4542.0,84,2.1319444444444446,73.41151418358811,4.5625,18.75
PRV55834,42,697,7,38,2,1,0,453,9,444,435.43046357615896,197250,23.44812362030905,10622.0,207,1.7682119205298013,72.66247527699586,4.545253863134658,23.178807947019866
PRV55835,27,472,8,38,2,1,1,269,7,262,518.9219330855019,139590,30.765799256505577,8276.0,139,1.7174721189591078,74.69134803528672,3.9814126394052045,18.587360594795538
PRV55836,63,220,10,13,2,1,0,82,15,67,1497.439024390244,122790,197.8048780487805,16220.0,72,1.7073170731707317,71.67159145924109,4.463414634146342,41.46341463414634
PRV55837,38,138,4,38,2,1,0,45,8,37,3452.6666666666665,155370,190.53333333333333,8574.0,44,2.311111111111111,74.0123811696707,3.9555555555555557,35.55555555555556
PRV55839,10,345,2,38,2,1,0,186,3,183,411.98924731182797,76630,18.623655913978496,3464.0,115,1.4516129032258065,72.80735687001832,4.446236559139785,19.35483870967742
PRV55842,24,219,0,38,1,1,1,122,0,122,406.0655737704918,49540,5.0,610.0,43,1.1967213114754098,76.53094108010458,3.8360655737704916,17.21311475409836
PRV55843,24,351,0,38,2,1,0,213,0,213,219.43661971830986,46740,2.347417840375587,500.0,106,1.2629107981220657,73.82514388177111,4.0,23.004694835680752
PRV55846,113,356,29,50,2,1,0,127,46,81,4028.8976377952754,511670,387.54330708661416,49218.0,125,2.8976377952755907,75.11944682479373,5.21259842519685,52.75590551181102
PRV55847,6,332,0,38,2,1,0,185,0,185,218.7027027027027,40460,2.972972972972973,550.0,105,1.4054054054054055,72.68773331853414,4.075675675675676,23.783783783783786
PRV55848,25,83,0,38,2,1,0,39,3,36,872.0512820512821,34010,82.66666666666667,3224.0,32,1.8717948717948718,74.5865669808175,4.641025641025641,33.33333333333333
PRV55849,91,519,75,38,2,1,1,176,128,48,7293.920454545455,1283730,771.4069767441861,132682.0,167,3.75,73.03493870947669,5.0227272727272725,75.56818181818183
PRV55850,37,430,16,38,2,1,0,236,18,218,1762.8813559322034,416040,78.96170212765958,18556.0,153,1.5338983050847457,71.36506223970116,4.101694915254237,27.11864406779661
PRV55851,16,104,2,50,2,1,0,45,6,39,969.7777777777778,43640,145.95555555555555,6568.0,35,0.6444444444444445,75.45814890866225,4.622222222222222,28.888888888888886
PRV55852,13,166,0,38,2,1,1,60,3,57,528.8333333333334,31730,55.06666666666667,3304.0,32,2.5833333333333335,79.50965092402463,5.366666666666666,28.333333333333332
PRV55854,3,3,0,3,2,1,0,2,0,2,1230.0,2460,35.0,70.0,2,0.0,85.15674195756331,2.0,50.0
PRV55855,4,235,0,38,1,1,0,114,0,114,203.0701754385965,23150,2.1052631578947367,240.0,77,1.3859649122807018,73.79247571358238,4.271929824561403,22.807017543859647
PRV55856,6,117,0,38,2,1,0,54,0,54,224.44444444444446,12120,8.518518518518519,460.0,40,0.6111111111111112,75.31518239663346,4.703703703703703,11.11111111111111
PRV55858,7,21,0,38,2,1,0,8,0,8,88.75,710,12.5,100.0,5,0.125,70.74435318275154,1.25,25.0
PRV55859,6,41,0,38,1,1,0,15,0,15,325.3333333333333,4880,3.3333333333333335,50.0,6,1.3333333333333333,57.351950718685835,5.666666666666667,26.666666666666668
PRV55862,5,14,0,38,2,1,0,8,0,8,403.75,3230,0.0,0.0,8,0.0,69.8750855578371,4.25,12.5
PRV55863,6,24,0,38,2,1,0,5,0,5,130.0,650,0.0,0.0,5,0.2,77.62737850787133,5.0,60.0
PRV55864,4,198,2,38,1,1,0,89,4,85,959.5505617977528,85400,48.561797752808985,4322.0,42,1.0112359550561798,77.2481215728799,4.213483146067416,21.34831460674157
PRV55865,12,495,0,38,2,1,0,325,0,325,282.3076923076923,91750,2.7384615384615385,890.0,163,1.1415384615384616,73.19835307744958,4.003076923076923,23.692307692307693
PRV55866,13,224,0,38,2,1,0,115,0,115,272.7826086956522,31370,2.1739130434782608,250.0,75,1.191304347826087,73.1181620688629,4.565217391304348,19.130434782608695
PRV55867,18,186,0,38,2,1,0,88,0,88,448.40909090909093,39460,0.7954545454545454,70.0,43,2.147727272727273,75.09501586708978,4.284090909090909,17.045454545454543
PRV55868,5,164,0,38,2,1,0,85,0,85,193.76470588235293,16470,4.470588235294118,380.0,39,1.2117647058823529,70.4573016064742,4.529411764705882,23.52941176470588
PRV55869,33,562,6,38,2,1,0,346,8,338,441.0115606936416,152590,26.572254335260116,9194.0,175,1.638728323699422,72.22879253658711,4.031791907514451,21.965317919075144
PRV55870,16,131,0,38,2,1,0,56,0,56,393.39285714285717,22030,1.7857142857142858,100.0,38,0.7678571428571429,72.61210521169453,3.6964285714285716,21.428571428571427
PRV55871,2,28,0,38,2,1,0,12,0,12,373.3333333333333,4480,3.3333333333333335,40.0,5,3.3333333333333335,68.8313940223591,5.666666666666667,41.66666666666667
PRV55872,18,245,0,38,2,1,0,139,0,139,245.46762589928056,34120,6.330935251798561,880.0,42,1.3741007194244603,75.03099778903777,4.956834532374101,18.705035971223023
PRV55873,21,138,4,50,2,1,0,57,6,51,906.4912280701755,51670,113.82456140350877,6488.0,37,1.3157894736842106,75.33321325215846,4.754385964912281,28.07017543859649
PRV55874,8,28,0,38,1,1,0,10,0,10,138.0,1380,0.0,0.0,10,0.0,72.76440793976728,5.3,30.0
PRV55875,2,60,0,38,1,1,0,26,0,26,171.15384615384616,4450,0.0,0.0,25,1.8076923076923077,75.62912652029695,4.576923076923077,15.384615384615385
PRV55876,3,47,0,38,2,1,0,19,0,19,230.52631578947367,4380,5.2631578947368425,100.0,18,0.15789473684210525,72.32234590583234,4.421052631578948,36.84210526315789
PRV55877,1,13,0,38,2,1,0,4,0,4,275.0,1100,0.0,0.0,4,0.25,78.57973990417523,4.75,0.0
PRV55879,1,4,0,38,1,1,0,2,0,2,45.0,90,0.0,0.0,2,2.0,69.7741273100616,5.0,0.0
PRV55880,3,54,0,38,1,1,0,15,0,15,478.6666666666667,7180,2.6666666666666665,40.0,13,3.3333333333333335,73.21852612365959,5.0,26.666666666666668
PRV55881,1,0,0,38,1,1,0,1,0,1,30.0,30,70.0,70.0,1,0.0,94.0561259411362,10.0,0.0
PRV55882,2,52,0,38,1,1,0,23,0,23,280.0,6440,0.0,0.0,22,0.8695652173913043,71.94000535666459,4.565217391304348,26.08695652173913
PRV55883,1,18,0,38,2,1,0,8,0,8,685.0,5480,0.0,0.0,8,0.0,72.1208076659822,4.25,37.5
PRV55884,5,46,0,38,1,1,0,27,0,27,106.66666666666667,2880,3.3333333333333335,90.0,16,0.1111111111111111,77.34874641924607,3.5185185185185186,3.7037037037037033
PRV55885,1,18,0,38,2,1,0,8,0,8,201.25,1610,12.5,100.0,8,0.0,74.73305954825462,3.75,25.0
PRV55886,1,6,0,38,2,1,0,4,0,4,85.0,340,0.0,0.0,4,0.0,80.28131416837782,5.25,0.0
PRV55887,2,43,5,38,2,1,0,6,6,0,11000.0,66000,1068.0,5340.0,6,14.0,67.45197353410906,6.333333333333333,100.0
PRV55891,52,184,17,39,1,1,0,51,26,25,6131.9607843137255,312730,545.843137254902,27838.0,45,3.392156862745098,75.68117459167102,4.529411764705882,60.78431372549019
PRV55892,10,692,0,39,2,1,0,449,0,449,264.8329621380846,118910,2.5612472160356345,1150.0,235,1.5634743875278396,74.92723201151239,4.240534521158129,20.71269487750557
PRV55893,49,889,14,39,2,1,1,615,26,589,607.5284552845528,373630,47.232520325203254,29048.0,297,1.5967479674796747,72.8956556095335,4.59349593495935,21.30081300813008
PRV55895,2,9,0,39,2,1,1,1,0,1,200.0,200,0.0,0.0,1,1.0,90.20396988364134,6.0,0.0
PRV55896,54,254,10,39,2,1,1,105,21,84,1945.8095238095239,204310,206.73076923076923,21500.0,97,3.019047619047619,76.43242397575047,5.085714285714285,42.857142857142854
PRV55897,24,694,5,39,2,1,1,482,9,473,518.4439834024896,249890,21.975103734439834,10592.0,180,1.6244813278008299,71.13020411756854,4.182572614107884,22.199170124481327
PRV55898,16,53,0,10,1,1,0,27,0,27,230.37037037037038,6220,4.444444444444445,120.0,26,0.7407407407407407,70.79128957842168,4.814814814814815,22.22222222222222
PRV55900,19,70,7,39,2,1,0,19,8,11,5990.0,113810,449.6842105263158,8544.0,19,1.4210526315789473,74.40354479628229,4.421052631578948,68.42105263157895
PRV55901,25,219,0,39,1,1,0,101,0,101,250.4950495049505,25300,3.0693069306930694,310.0,50,1.0396039603960396,73.82210746742025,5.366336633663367,19.801980198019802
PRV55902,46,163,0,39,2,1,0,69,0,69,191.7391304347826,13230,2.318840579710145,160.0,57,1.8695652173913044,77.40955668640697,4.898550724637682,15.942028985507244
PRV55903,60,165,11,39,1,1,0,50,23,27,3956.4,197820,467.25,22428.0,44,2.56,75.57716632443532,5.76,62.0
PRV55904,18,77,0,33,1,1,0,28,0,28,221.07142857142858,6190,0.0,0.0,27,1.1071428571428572,73.32824875330009,4.214285714285714,28.57142857142857
PRV55905,17,320,47,39,2,1,1,95,82,13,8313.263157894737,789760,917.0869565217391,84372.0,84,4.947368421052632,75.27556468172484,5.368421052631579,91.57894736842105
PRV55906,17,56,0,39,2,1,0,21,0,21,196.66666666666666,4130,2.857142857142857,60.0,20,1.3333333333333333,72.06257944656302,4.238095238095238,28.57142857142857
PRV55907,107,525,32,39,2,1,0,243,60,183,2461.6460905349795,598180,265.3909465020576,64490.0,204,2.7160493827160495,73.05439929244021,5.111111111111111,44.03292181069959
PRV55908,35,176,10,39,2,1,0,55,22,33,5359.818181818182,294790,428.8363636363636,23586.0,48,3.2545454545454544,74.8125692240682,4.781818181818182,60.0
PRV55909,47,223,0,33,2,1,0,107,0,107,221.9626168224299,23750,4.11214953271028,440.0,91,1.355140186915888,72.29128685383843,4.149532710280374,20.5607476635514
PRV55910,1,551,0,39,2,1,0,372,0,372,265.51075268817203,98770,2.39247311827957,890.0,149,1.3118279569892473,73.62469364774459,4.564516129032258,19.623655913978492
PRV55911,15,487,25,39,2,1,1,239,46,193,1947.44769874477,465440,205.21008403361344,48840.0,136,2.903765690376569,71.46346143382047,4.552301255230126,38.912133891213394
PRV55912,98,344,43,39,2,1,1,107,60,47,7010.093457943925,750080,599.1588785046729,64110.0,100,4.383177570093458,75.59873854164668,5.205607476635514,63.55140186915887
PRV55913,12,1378,0,39,2,1,1,1267,0,1267,294.6093133385951,373270,2.794001578531965,3540.0,587,1.4388318863456986,74.78080068629946,4.734017363851618,19.73164956590371
PRV55914,58,194,11,8,1,1,1,63,21,42,2708.8888888888887,170660,357.42857142857144,22518.0,62,2.9523809523809526,76.09925795552078,4.650793650793651,42.857142857142854
PRV55915,14,86,0,39,1,1,0,32,0,32,277.1875,8870,0.0,0.0,27,0.65625,70.69977754962355,5.0625,18.75
PRV55916,24,434,53,39,2,1,0,127,115,12,10323.149606299212,1311040,967.0,121842.0,106,5.866141732283465,74.98770661880816,5.7952755905511815,91.33858267716536
PRV55917,60,118,0,39,2,1,0,50,0,50,283.0,14150,0.4,20.0,50,1.74,75.4894455852156,4.28,24.0
PRV55918,10,36,0,31,2,1,0,10,2,8,1776.0,17760,213.6,2136.0,10,1.0,77.32758384668035,4.7,20.0
PRV55919,9,46,0,39,2,1,0,21,0,21,288.0952380952381,6050,0.0,0.0,19,0.3333333333333333,71.92294905641928,4.380952380952381,23.809523809523807
PRV55920,84,200,0,10,2,1,0,110,0,110,232.27272727272728,25550,2.3636363636363638,260.0,102,1.4727272727272727,74.47220459212245,4.790909090909091,22.727272727272727
PRV55921,55,125,0,39,2,1,0,59,0,59,358.3050847457627,21140,1.5254237288135593,90.0,56,1.4067796610169492,75.96218053573708,4.440677966101695,27.11864406779661
PRV55925,28,66,4,39,2,1,0,21,4,17,2419.5238095238096,50810,205.33333333333334,4312.0,20,2.619047619047619,79.07017372315113,5.095238095238095,28.57142857142857
PRV55926,13,68,0,39,2,1,0,26,0,26,266.53846153846155,6930,1.1538461538461537,30.0,26,2.076923076923077,76.34444268941189,4.115384615384615,23.076923076923077
PRV55927,41,363,0,39,2,1,0,212,0,212,340.47169811320754,72180,3.0660377358490565,650.0,167,1.4858490566037736,73.85542339829271,4.882075471698113,20.28301886792453
PRV55928,5,28,0,39,1,1,0,12,0,12,534.1666666666666,6410,0.0,0.0,11,1.5833333333333333,81.22427561031257,3.4166666666666665,25.0
PRV55929,15,450,0,39,2,1,0,287,0,287,239.68641114982577,68790,2.7874564459930316,800.0,215,1.529616724738676,75.16624334914513,4.54006968641115,21.254355400696863
PRV55930,18,130,6,39,1,1,0,45,7,38,1879.5555555555557,84580,173.6888888888889,7816.0,34,2.422222222222222,71.10575709179405,3.911111111111111,28.888888888888886
PRV55931,19,469,0,39,1,1,0,295,0,295,290.50847457627117,85700,2.7457627118644066,810.0,108,1.271186440677966,75.4662861518115,3.989830508474576,19.661016949152543
PRV55933,41,763,20,39,2,1,0,498,45,453,996.847389558233,496430,98.63581488933602,49022.0,356,1.7690763052208835,74.165727935699,4.399598393574297,24.899598393574294
PRV55934,42,854,2,39,2,1,1,653,6,647,389.31087289433384,254220,12.72281776416539,8308.0,218,1.9494640122511486,74.15618537304265,4.488514548238897,20.520673813169985
PRV55935,129,731,0,33,2,1,0,550,0,550,227.3272727272727,125030,2.381818181818182,1310.0,393,1.08,73.87943002924523,4.336363636363636,21.09090909090909
PRV55936,23,56,0,39,2,1,0,24,0,24,239.58333333333334,5750,3.75,90.0,24,0.875,75.24982888432581,4.333333333333333,20.833333333333336
PRV55937,36,608,6,39,1,1,0,382,7,375,434.3193717277487,165910,21.900523560209425,8366.0,201,1.1884816753926701,74.18858918262252,4.777486910994765,23.298429319371728
PRV55938,9,20,0,39,2,1,0,9,0,9,155.55555555555554,1400,0.0,0.0,9,4.333333333333333,78.14495398889649,4.888888888888889,11.11111111111111
PRV55939,39,201,20,39,2,1,0,51,28,23,5916.862745098039,301760,590.8627450980392,30134.0,40,3.3529411764705883,71.90224262189476,5.1568627450980395,66.66666666666666
PRV55940,30,76,0,39,1,1,0,32,0,32,240.3125,7690,2.5,80.0,29,0.0,72.69721081451061,4.0625,21.875
PRV55941,55,105,0,39,2,1,0,57,0,57,258.42105263157896,14730,3.3333333333333335,190.0,56,0.9473684210526315,69.5834864368313,3.719298245614035,12.280701754385964
PRV55942,22,178,0,39,2,1,0,82,2,80,283.780487804878,23270,31.29268292682927,2566.0,78,1.2073170731707317,76.44383232333351,4.548780487804878,20.73170731707317
PRV55943,44,999,20,39,2,1,0,721,34,687,671.3869625520111,484070,52.58252427184466,37912.0,519,1.5714285714285714,75.92471859659516,4.260748959778086,24.133148404993065
PRV55944,21,88,9,39,2,1,0,26,11,15,3764.230769230769,97870,452.61538461538464,11768.0,25,2.6153846153846154,73.29552993208024,4.923076923076923,53.84615384615385
PRV55945,10,45,0,39,1,1,0,20,0,20,252.5,5050,0.0,0.0,19,1.7,77.96563997262149,4.45,25.0
PRV55946,44,107,0,31,2,1,0,50,0,50,452.0,22600,1.2,60.0,50,1.52,74.48717316906229,4.48,24.0
PRV55948,27,97,3,31,2,1,0,28,4,24,2712.8571428571427,75960,157.21428571428572,4402.0,28,2.107142857142857,73.97555490368632,4.035714285714286,25.0
PRV55950,10,24,0,39,1,1,0,11,0,11,679.0909090909091,7470,0.0,0.0,11,1.8181818181818181,72.07989546387904,3.5454545454545454,0.0
PRV55951,143,708,27,8,2,1,1,448,38,410,939.7321428571429,421000,90.75167785234899,40566.0,355,2.1339285714285716,74.97586046739025,4.339285714285714,27.232142857142854
PRV55953,10,26,0,39,2,1,0,13,0,13,433.0769230769231,5630,0.0,0.0,13,3.769230769230769,66.86484494287369,5.230769230769231,7.6923076923076925
PRV55955,203,393,0,31,2,1,0,246,0,246,257.1138211382114,63250,2.4796747967479673,610.0,235,1.3414634146341464,74.36315476091106,4.434959349593496,24.390243902439025
PRV55956,15,80,8,39,2,1,0,22,8,14,2917.7272727272725,64190,356.0,7476.0,18,2.227272727272727,76.46767469354738,5.090909090909091,59.09090909090909
PRV55957,108,271,16,39,2,1,1,107,22,85,2275.1401869158876,243440,213.8490566037736,22668.0,100,1.7476635514018692,73.7964395146072,4.635514018691588,38.31775700934579
PRV55958,18,68,0,39,1,1,0,30,0,30,267.3333333333333,8020,0.0,0.0,28,2.2666666666666666,73.61852612365959,4.766666666666667,6.666666666666667
PRV55959,7,495,0,39,2,1,1,324,0,324,230.58641975308643,74710,2.5,810.0,160,1.0,71.99318072350242,4.5246913580246915,21.91358024691358
PRV55963,49,117,0,39,2,1,0,47,0,47,181.48936170212767,8530,2.127659574468085,100.0,43,0.7021276595744681,71.46314823714448,4.0,21.27659574468085
PRV55964,30,70,0,39,2,1,0,37,0,37,221.0810810810811,8180,3.5135135135135136,130.0,33,0.7297297297297297,71.35172133118745,4.081081081081081,29.72972972972973
PRV55965,15,69,0,39,1,1,0,33,0,33,278.1818181818182,9180,2.121212121212121,70.0,30,2.484848484848485,74.80588223093356,4.242424242424242,12.121212121212121
PRV55966,10,53,0,39,2,1,0,21,0,21,362.85714285714283,7620,0.0,0.0,21,1.9047619047619047,74.33056288908445,3.857142857142857,23.809523809523807
PRV55968,16,253,0,39,2,1,0,148,0,148,361.2162162162162,53460,3.8513513513513513,570.0,75,1.7432432432432432,70.65442033409178,4.128378378378378,20.27027027027027
PRV55969,1,934,1,39,2,1,0,688,0,688,296.7151162790698,204140,3.197674418604651,2200.0,527,1.498546511627907,74.16219776196615,4.571220930232558,18.8953488372093
PRV55970,36,146,8,39,2,1,0,40,16,24,5535.0,221400,429.7,17188.0,38,2.1,75.51553730321697,4.675,52.5
PRV55971,18,965,56,39,2,1,1,620,101,519,1954.8387096774193,1212000,174.5177993527508,107852.0,317,2.164516129032258,72.27339648053697,4.764516129032258,33.5483870967742
PRV55972,124,263,12,31,2,1,0,110,19,91,1386.5454545454545,152520,178.56880733944953,19464.0,107,1.7454545454545454,72.34452118723166,4.754545454545455,33.63636363636363
PRV55974,3,328,0,39,2,1,0,175,0,175,394.9142857142857,69110,1.7714285714285714,310.0,51,1.9085714285714286,75.05631759069131,4.8742857142857146,19.428571428571427
PRV55977,15,1358,0,39,2,1,1,1302,0,1302,285.0230414746544,371100,2.38863287250384,3110.0,762,1.424731182795699,74.51372132169641,4.359447004608295,21.428571428571427
PRV55978,202,701,55,39,2,1,0,401,92,309,2387.755610972569,957490,239.48110831234257,95074.0,342,2.478802992518703,75.19901819714916,4.7730673316708225,36.907730673316706
PRV55980,18,46,0,10,1,1,0,17,0,17,511.7647058823529,8700,0.0,0.0,17,2.5294117647058822,70.22732214035511,3.6470588235294117,11.76470588235294
PRV55981,37,171,7,39,2,1,0,54,15,39,2039.6296296296296,110140,299.0740740740741,16150.0,54,1.7777777777777777,74.47156944761325,4.87037037037037,44.44444444444444
PRV55982,5,6,0,51,1,1,0,4,0,4,187.5,750,0.0,0.0,4,5.0,73.30390143737166,2.75,50.0
PRV55983,29,77,7,39,2,1,0,22,8,14,5439.545454545455,119670,391.54545454545456,8614.0,21,3.590909090909091,74.05836600087113,5.0,40.909090909090914
PRV55984,42,573,0,39,2,1,0,392,0,392,321.734693877551,126120,2.11734693877551,830.0,282,1.288265306122449,73.7820614898937,4.678571428571429,18.877551020408163
PRV55985,48,115,0,10,2,1,0,58,0,58,332.2413793103448,19270,0.8620689655172413,50.0,52,3.189655172413793,73.54093794991621,4.362068965517241,17.24137931034483
PRV55986,219,397,0,10,2,1,0,232,0,232,281.8534482758621,65390,2.8448275862068964,660.0,212,1.3405172413793103,73.72142368240931,4.275862068965517,22.413793103448278
PRV55989,3,4,0,39,1,1,0,2,0,2,75.0,150,0.0,0.0,2,10.0,64.7337440109514,5.5,50.0
PRV55990,10,442,17,39,2,1,0,231,22,209,1087.012987012987,251100,103.61904761904762,23936.0,131,1.8095238095238095,76.96233677342506,4.766233766233766,23.376623376623375
PRV55991,30,70,0,39,2,1,0,32,0,32,205.3125,6570,4.6875,150.0,31,1.875,71.39946954141,5.03125,28.125
PRV55993,17,88,0,39,1,1,0,32,0,32,167.5,5360,0.0,0.0,28,0.0,72.27618069815195,4.625,12.5
PRV55995,36,110,0,39,2,1,0,46,0,46,431.30434782608694,19840,0.0,0.0,42,0.9782608695652174,75.88536737791269,4.260869565217392,28.26086956521739
PRV55996,21,250,18,3,1,1,1,98,29,69,2695.204081632653,264130,316.0408163265306,30972.0,90,2.204081632653061,70.21506097305452,4.448979591836735,39.795918367346935
PRV55997,1,541,0,39,2,1,0,326,0,326,244.29447852760737,79640,3.496932515337423,1140.0,243,1.656441717791411,76.14237663924617,4.4447852760736195,19.938650306748464
PRV55999,10,462,0,39,2,1,0,306,0,306,242.45098039215685,74190,1.5686274509803921,480.0,120,0.9934640522875817,75.04644951752091,4.473856209150327,18.30065359477124
PRV56001,49,261,21,39,2,1,0,70,57,13,7551.0,528570,866.7826086956521,59808.0,67,5.614285714285714,77.25968514715949,5.085714285714285,81.42857142857143
PRV56002,33,113,9,39,2,1,0,32,11,21,5556.5625,177810,367.125,11748.0,31,2.71875,73.58761122518823,4.8125,53.125
PRV56003,10,63,5,39,1,1,0,12,8,4,6431.666666666667,77180,712.0,8544.0,12,4.75,72.70294318959617,4.416666666666667,66.66666666666666
PRV56004,5,13,0,39,2,1,0,5,0,5,694.0,3470,10.0,50.0,5,4.0,79.1419575633128,4.2,0.0
PRV56005,20,150,0,39,2,1,0,74,2,72,427.8378378378378,31660,29.27027027027027,2166.0,55,1.2837837837837838,76.3384205560797,4.486486486486487,17.56756756756757
PRV56006,14,1234,0,39,2,1,0,1090,0,1090,265.48623853211006,289380,2.908256880733945,3170.0,531,1.3642201834862386,75.3389069947064,4.309174311926606,20.55045871559633
PRV56007,37,325,49,39,2,1,1,81,69,12,10332.469135802468,836930,907.8,72624.0,67,4.950617283950617,74.19251147108778,5.135802469135802,90.12345679012346
PRV56008,4,1382,1,39,2,1,1,1370,0,1370,347.88321167883214,476600,2.978102189781022,4080.0,686,1.5167883211678832,75.22478254570161,4.413138686131387,21.605839416058394
PRV56010,58,185,0,31,2,1,0,83,0,83,260.2409638554217,21600,3.0120481927710845,250.0,82,1.0,73.36727608586295,3.855421686746988,24.096385542168676
PRV56011,53,2239,1,39,2,1,1,2833,0,2833,261.7860924814684,741640,2.8591599011648428,8100.0,1164,1.3053300388280975,74.46145349144832,4.332156724320508,20.29650547123191
PRV56012,27,196,16,39,2,1,1,44,29,15,7406.136363636364,325870,698.2325581395348,30024.0,41,4.840909090909091,77.21610354053885,5.636363636363637,79.54545454545455
PRV56013,46,181,0,31,2,1,0,90,0,90,304.0,27360,3.5555555555555554,320.0,86,2.3777777777777778,73.49042512738612,4.522222222222222,17.77777777777778
PRV56014,18,151,11,8,1,1,0,34,19,15,4266.176470588235,145050,596.8235294117648,20292.0,34,3.6470588235294117,73.44228368965656,4.676470588235294,61.76470588235294
PRV56015,90,326,4,10,2,1,0,149,6,143,621.4765100671141,92600,44.013422818791945,6558.0,115,1.832214765100671,75.13991060641557,4.348993288590604,29.53020134228188
PRV56016,12,22,0,39,2,1,0,12,0,12,529.1666666666666,6350,0.0,0.0,12,2.3333333333333335,69.8361852612366,4.75,50.0
PRV56017,17,85,9,39,2,1,0,13,11,2,16158.461538461539,210060,873.8181818181819,9612.0,12,10.384615384615385,81.9367135260359,5.3076923076923075,84.61538461538461
PRV56018,67,206,11,39,2,1,0,72,25,47,3345.0,240840,374.1666666666667,26940.0,71,3.4166666666666665,74.5418663016199,4.555555555555555,40.27777777777778
PRV56019,7,895,0,39,2,1,0,659,0,659,283.49013657056145,186820,3.7177541729893777,2450.0,268,1.5811836115326252,74.30345482286542,4.6600910470409715,19.423368740515933
PRV56020,70,337,8,33,2,1,0,155,15,140,1263.032258064516,195770,105.6774193548387,16380.0,148,2.4,75.58538340950741,4.72258064516129,30.967741935483872
PRV56021,76,212,0,8,2,1,0,128,0,128,311.875,39920,1.171875,150.0,124,1.0234375,75.12570585215606,4.453125,17.96875
PRV56023,48,134,6,39,1,1,1,42,7,35,2096.904761904762,88070,159.46341463414635,6538.0,40,3.9761904761904763,71.65346631465728,4.309523809523809,28.57142857142857
PRV56025,77,280,0,10,2,1,0,153,0,153,291.8954248366013,44660,0.0,0.0,148,1.5686274509803921,72.28307229804996,4.542483660130719,20.26143790849673
PRV56026,41,92,0,31,2,1,0,44,0,44,673.8636363636364,29650,4.318181818181818,190.0,43,1.9772727272727273,73.27913633252443,4.136363636363637,38.63636363636363
PRV56027,12,51,0,39,2,1,0,25,0,25,353.6,8840,7.6,190.0,24,0.92,76.5358521560575,5.16,32.0
PRV56028,8,376,4,39,2,1,0,201,4,197,332.18905472636817,66770,23.99004975124378,4822.0,180,1.4577114427860696,74.12545758544717,4.3681592039801,19.402985074626866
PRV56029,1,1,0,39,2,2,0,1,0,1,100.0,100,0.0,0.0,1,0.0,89.56878850102669,4.0,0.0
PRV56030,2,347,0,39,1,1,0,204,0,204,295.9313725490196,60370,1.0784313725490196,220.0,102,1.3676470588235294,70.79178913180604,4.583333333333333,22.54901960784314
PRV56031,14,85,4,39,2,1,0,19,9,10,3240.5263157894738,61570,505.89473684210526,9612.0,19,3.6842105263157894,74.27472171187723,6.368421052631579,57.89473684210527
PRV56032,3,22,0,39,1,1,0,9,0,9,333.3333333333333,3000,7.777777777777778,70.0,9,3.3333333333333335,78.59365731234315,3.6666666666666665,0.0
PRV56033,3,32,2,39,1,1,0,8,4,4,6270.0,50160,457.7142857142857,3204.0,8,6.0,75.25975359342915,4.75,62.5
PRV56034,7,23,0,39,2,1,0,13,0,13,117.6923076923077,1530,1.5384615384615385,20.0,13,0.23076923076923078,70.79071236771442,5.0,15.384615384615385
PRV56036,6,100,0,31,2,1,0,49,0,49,268.16326530612247,13140,1.836734693877551,90.0,48,1.2244897959183674,75.28793529732222,5.081632653061225,24.489795918367346
PRV56037,3,13,0,21,2,1,0,5,0,5,368.0,1840,0.0,0.0,5,4.0,71.0094455852156,4.0,0.0
PRV56038,9,19,0,33,2,1,0,7,1,6,207.14285714285714,1450,152.57142857142858,1068.0,7,2.7142857142857144,75.19507186858316,3.4285714285714284,14.285714285714285
PRV56039,6,199,0,39,2,1,0,97,0,97,268.2474226804124,26020,4.020618556701031,390.0,34,2.1649484536082473,71.44071635724718,4.835051546391752,12.371134020618557
PRV56040,10,40,0,39,1,1,0,13,0,13,1757.6923076923076,22850,0.0,0.0,11,3.1538461538461537,71.88290422787342,3.769230769230769,23.076923076923077
PRV56041,1,137,0,39,1,1,0,55,0,55,582.5454545454545,32040,0.5454545454545454,30.0,19,2.7818181818181817,78.1724597100367,3.581818181818182,21.818181818181817
PRV56044,16,466,13,39,2,1,0,260,16,244,1349.1153846153845,350770,67.99230769230769,17678.0,76,1.4384615384615385,68.6186805665245,3.753846153846154,23.46153846153846
PRV56045,19,230,0,39,2,1,0,120,0,120,233.16666666666666,27980,3.75,450.0,49,0.6666666666666666,72.16386036960986,3.8666666666666667,20.0
PRV56046,5,99,7,39,2,1,0,20,14,6,6084.0,121680,747.6,14952.0,17,3.6,69.35537303216975,5.95,75.0
PRV56047,3,5,0,39,2,1,0,3,0,3,20.0,60,0.0,0.0,3,0.0,80.43258042436686,4.333333333333333,33.33333333333333
PRV56048,14,48,0,39,1,1,0,16,0,16,461.25,7380,0.0,0.0,16,4.3125,69.28319644079397,4.5,12.5
PRV56049,1,251,0,39,2,1,0,149,0,149,218.65771812080536,32580,0.738255033557047,110.0,101,0.9328859060402684,71.86126997689364,4.147651006711409,18.79194630872483
PRV56050,1,4,0,39,1,1,0,1,0,1,40.0,40,0.0,0.0,1,0.0,88.40793976728268,5.0,0.0
PRV56051,2,7,0,39,2,1,0,4,0,4,320.0,1280,0.0,0.0,4,0.0,81.57973990417523,3.0,50.0
PRV56052,3,22,0,21,1,1,0,12,0,12,245.83333333333334,2950,0.0,0.0,10,1.0,79.09103353867214,4.666666666666667,25.0
PRV56054,1,104,0,39,2,1,0,45,0,45,418.44444444444446,18830,6.666666666666667,300.0,26,2.2,72.22699825081756,4.666666666666667,13.333333333333334
PRV56055,5,23,0,39,2,1,0,9,0,9,496.6666666666667,4470,0.0,0.0,8,2.2222222222222223,73.14290060080614,3.5555555555555554,11.11111111111111
PRV56056,1,1,0,39,2,1,0,1,0,1,40.0,40,0.0,0.0,1,0.0,66.59548254620123,4.0,0.0
PRV56057,6,66,9,39,2,1,0,9,9,0,10777.777777777777,97000,1068.0,9612.0,9,6.222222222222222,79.8567191421401,5.333333333333333,100.0
PRV56058,7,73,7,39,2,1,0,11,11,0,8181.818181818182,90000,1068.0,10680.0,11,7.7272727272727275,79.2157301972497,5.7272727272727275,100.0
PRV56060,1,1,0,39,2,1,0,1,0,1,50.0,50,0.0,0.0,1,0.0,86.12731006160165,5.0,0.0
PRV56062,4,57,0,39,2,1,0,25,0,25,251.6,6290,2.4,60.0,24,1.72,70.75635865845311,4.56,12.0
PRV56063,1,22,0,39,2,1,0,11,0,11,151.8181818181818,1670,0.0,0.0,11,1.8181818181818181,77.27608736232966,5.363636363636363,9.090909090909092
PRV56065,1,3,0,39,1,1,0,1,0,1,70.0,70,0.0,0.0,1,0.0,59.017111567419576,5.0,100.0
PRV56066,3,13,0,39,1,1,0,8,0,8,501.25,4010,0.0,0.0,8,0.0,72.01403148528405,6.0,12.5
PRV56067,1,4,0,39,1,1,0,3,0,3,436.6666666666667,1310,0.0,0.0,3,0.0,71.03810175678758,4.666666666666667,0.0
PRV56068,2,87,0,39,2,1,0,41,0,41,384.8780487804878,15780,1.7073170731707317,70.0,38,1.0731707317073171,78.39374968698351,4.536585365853658,9.75609756097561
PRV56071,1,6,0,39,2,1,0,3,0,3,90.0,270,0.0,0.0,3,0.0,75.76271959844854,4.666666666666667,33.33333333333333
PRV56072,1,1,0,39,1,1,0,1,0,1,80.0,80,0.0,0.0,1,0.0,73.75770020533881,3.0,100.0
PRV56073,1,26,0,39,2,1,0,12,0,12,203.33333333333334,2440,0.0,0.0,12,0.0,82.72393337896419,4.083333333333333,8.333333333333332
PRV56075,1,21,0,39,2,1,0,12,0,12,251.66666666666666,3020,0.0,0.0,12,0.08333333333333333,64.82637462924937,4.5,8.333333333333332
PRV56076,1,7,0,39,1,1,0,3,0,3,173.33333333333334,520,0.0,0.0,3,0.0,75.21606205795116,4.333333333333333,33.33333333333333
PRV56077,1,21,0,39,2,1,0,7,0,7,350.0,2450,0.0,0.0,7,5.714285714285714,70.60760731397282,4.571428571428571,0.0
PRV56078,2,10,0,39,2,1,0,4,0,4,127.5,510,0.0,0.0,4,0.0,70.43052703627652,5.0,0.0
PRV56080,2,9,0,39,2,1,0,5,0,5,50.0,250,0.0,0.0,5,0.0,78.6135523613963,4.2,20.0
PRV56083,2,5,0,39,2,1,0,3,0,3,1190.0,3570,0.0,0.0,3,0.0,78.42664841432808,5.0,66.66666666666666
PRV56084,1,2,0,39,1,1,0,1,0,1,50.0,50,0.0,0.0,1,0.0,74.89117043121149,8.0,100.0
PRV56086,1,24,0,39,1,1,0,16,0,16,267.5,4280,5.625,90.0,14,0.25,72.83761122518823,3.625,25.0
PRV56087,1,1,0,39,1,1,0,1,0,1,300.0,300,0.0,0.0,1,0.0,91.9835728952772,4.0,0.0
PRV56088,5,189,0,39,2,1,0,85,0,85,295.88235294117646,25150,3.6470588235294117,310.0,74,2.823529411764706,76.97290332970971,4.094117647058823,12.941176470588237
PRV56089,1,2,0,39,1,1,0,1,0,1,10.0,10,0.0,0.0,1,0.0,69.53319644079397,5.0,0.0
PRV56090,5,25,0,39,1,1,0,12,0,12,131.66666666666666,1580,0.0,0.0,11,1.6666666666666667,73.3896874287018,4.5,8.333333333333332
PRV56091,1,2,0,39,2,1,0,1,0,1,200.0,200,0.0,0.0,1,0.0,88.34223134839151,1.0,0.0
PRV56092,2,23,0,39,2,1,0,5,0,5,866.0,4330,0.0,0.0,4,0.2,78.64695414099931,3.2,20.0
PRV56093,4,18,0,39,1,1,0,7,0,7,295.7142857142857,2070,0.0,0.0,7,5.714285714285714,83.70431211498973,5.0,14.285714285714285
PRV56094,1,73,0,39,2,1,0,25,0,25,300.4,7510,5.6,140.0,24,3.56,71.73377138945926,4.32,32.0
PRV56095,1,45,0,39,2,1,0,11,0,11,446.3636363636364,4910,0.0,0.0,10,1.8181818181818181,80.13415468856948,4.7272727272727275,9.090909090909092
PRV56098,1,50,0,39,2,1,0,21,0,21,135.23809523809524,2840,4.285714285714286,90.0,18,1.0,78.24712362700042,4.904761904761905,19.047619047619047
PRV56099,1,3,0,39,2,1,0,3,0,3,210.0,630,0.0,0.0,3,0.3333333333333333,74.46315309148984,2.3333333333333335,33.33333333333333
PRV56101,1,12,0,39,2,1,0,5,0,5,1124.0,5620,12.0,60.0,5,4.0,72.75181382614647,5.0,20.0
PRV56102,6,110,5,39,2,1,0,36,8,28,2410.8333333333335,86790,237.33333333333334,8544.0,35,2.1944444444444446,71.77253023043578,4.75,38.88888888888889
PRV56103,7,369,46,39,2,1,1,116,68,48,5964.310344827586,691860,614.3362831858407,69420.0,89,4.586206896551724,74.2628808798886,5.060344827586207,69.82758620689656
PRV56104,6,708,0,39,2,1,1,483,0,483,240.703933747412,116260,2.463768115942029,1190.0,232,1.0331262939958592,75.73844738919286,4.345755693581781,21.532091097308488
PRV56105,6,152,13,39,2,1,0,32,29,3,8267.8125,264570,961.2,28836.0,29,5.3125,74.80715263518138,5.78125,90.625
PRV56106,1,19,1,39,1,1,0,2,2,0,5000.0,10000,1068.0,1068.0,2,3.5,74.0,4.5,100.0
PRV56108,1,27,0,21,2,1,0,15,0,15,490.6666666666667,7360,0.0,0.0,11,1.0666666666666667,77.78726899383985,5.066666666666666,20.0
PRV56109,1,25,0,39,2,1,0,12,0,12,193.33333333333334,2320,0.0,0.0,11,0.08333333333333333,69.20876112251882,4.166666666666667,16.666666666666664
PRV56111,1,201,0,39,2,1,0,93,0,93,215.69892473118279,20060,2.3655913978494625,220.0,50,1.7956989247311828,76.74245803066098,4.806451612903226,19.35483870967742
PRV56113,2,99,0,39,2,1,0,45,0,45,361.3333333333333,16260,0.0,0.0,30,2.6444444444444444,69.83758460719447,4.155555555555556,15.555555555555555
PRV56114,2,89,0,39,2,1,0,41,0,41,321.4634146341463,13180,1.2195121951219512,50.0,26,1.6341463414634145,76.9739403348859,5.341463414634147,19.51219512195122
PRV56115,2,8,0,39,1,1,0,2,0,2,145.0,290,0.0,0.0,2,0.0,74.8021902806297,5.0,0.0
PRV56116,22,73,0,39,2,1,0,35,0,35,279.7142857142857,9790,2.0,70.0,34,1.457142857142857,78.96610931847071,4.371428571428571,17.142857142857142
PRV56117,2,27,0,39,2,1,0,14,0,14,101.42857142857143,1420,0.0,0.0,12,0.07142857142857142,75.94348293732277,4.0,21.428571428571427
PRV56118,2,84,8,39,1,1,0,14,14,0,8285.714285714286,116000,1068.0,13884.0,14,7.5,74.18988950816467,4.857142857142857,100.0
PRV56119,2,74,9,39,1,1,0,11,11,0,10909.09090909091,120000,1068.0,11748.0,11,5.636363636363637,77.65913757700206,5.454545454545454,100.0
PRV56120,1,28,4,39,1,1,0,4,4,0,9000.0,36000,1068.0,4272.0,4,5.0,67.77960301163587,4.25,100.0
PRV56121,3,112,13,39,1,1,0,16,16,0,14312.5,229000,1068.0,17088.0,16,8.6875,76.14390828199863,6.875,100.0
PRV56122,1,21,2,39,2,1,0,3,3,0,6666.666666666667,20000,1068.0,2136.0,3,5.666666666666667,82.89025781428245,6.333333333333333,100.0
PRV56123,2,215,25,39,2,1,0,40,40,0,12450.0,498000,1068.0,41652.0,38,5.05,74.68535249828884,5.725,100.0
PRV56124,2,47,3,39,2,1,0,6,6,0,14000.0,84000,1068.0,6408.0,6,3.6666666666666665,71.8694957791467,7.333333333333333,100.0
PRV56125,2,52,4,39,1,1,0,7,7,0,6428.571428571428,45000,1068.0,7476.0,7,4.285714285714286,74.7730517258238,5.142857142857143,100.0
PRV56126,3,42,5,39,2,1,0,6,6,0,5166.666666666667,31000,1068.0,6408.0,6,4.5,74.01505817932923,5.5,100.0
PRV56129,1,125,15,39,1,1,0,23,23,0,11130.434782608696,256000,1068.0,24564.0,21,5.565217391304348,72.07951670981757,5.3478260869565215,100.0
PRV56130,2,109,8,39,1,1,0,17,17,0,7058.823529411765,120000,1068.0,18156.0,16,3.7058823529411766,78.58147119217297,6.0588235294117645,100.0
PRV56131,3,100,15,39,2,1,0,15,15,0,9400.0,141000,1068.0,16020.0,13,4.533333333333333,75.45462012320328,6.0,100.0
PRV56133,2,85,8,39,2,1,0,15,15,0,9600.0,144000,1068.0,16020.0,14,4.933333333333334,68.06297056810403,6.0,100.0
PRV56134,2,278,35,39,2,1,1,62,62,0,12387.09677419355,768000,1068.0,66216.0,58,5.919354838709677,73.60574948665298,5.32258064516129,100.0
PRV56135,4,63,3,54,2,1,0,22,3,19,2601.3636363636365,57230,101.71428571428571,2136.0,16,3.3636363636363638,76.1843071370792,3.6818181818181817,27.27272727272727
PRV56136,9,23,1,54,2,1,0,8,1,7,890.0,7120,133.5,1068.0,8,0.375,65.4712525667351,3.375,37.5
PRV56137,16,109,0,54,1,1,0,48,0,48,336.4583333333333,16150,2.5,120.0,30,2.25,69.86384896189824,3.8333333333333335,12.5
PRV56138,20,87,0,54,2,1,0,36,0,36,365.55555555555554,13160,12.777777777777779,460.0,22,2.0,70.90835805004183,4.916666666666667,19.444444444444446
PRV56139,6,65,1,54,2,1,0,21,3,18,2143.3333333333335,45010,152.57142857142858,3204.0,14,2.0,77.8839020892409,4.333333333333333,23.809523809523807
PRV56140,17,125,9,54,2,1,0,31,16,15,4212.903225806452,130600,551.2258064516129,17088.0,30,3.6774193548387095,71.56750789340046,4.483870967741935,61.29032258064516
PRV56141,7,87,0,54,2,1,0,39,0,39,372.8205128205128,14540,1.0256410256410255,40.0,28,0.9487179487179487,70.08034539040699,3.5384615384615383,10.256410256410255
PRV56142,39,132,7,54,1,1,0,53,5,48,2482.830188679245,131590,102.83018867924528,5450.0,51,2.641509433962264,72.38820657859053,4.679245283018868,26.41509433962264
PRV56143,7,71,0,54,2,1,0,29,0,29,180.0,5220,1.7241379310344827,50.0,24,0.034482758620689655,71.00625457291889,3.9655172413793105,20.689655172413794
PRV56145,3,105,0,54,1,1,0,52,0,52,435.5769230769231,22650,4.038461538461538,210.0,40,1.6538461538461537,72.39282893697678,4.115384615384615,19.230769230769234
PRV56146,5,46,0,54,2,1,0,21,0,21,552.3809523809524,11600,0.0,0.0,14,1.9047619047619047,70.6258596525537,3.2857142857142856,4.761904761904762
PRV56147,8,29,2,54,2,1,0,8,2,6,2308.75,18470,267.0,2136.0,8,2.75,75.53832991101984,4.875,50.0
PRV56148,8,278,0,54,2,1,0,143,0,143,167.4825174825175,23950,1.4685314685314685,210.0,70,0.951048951048951,72.85740679580516,3.7482517482517483,18.181818181818183
PRV56149,22,57,0,54,2,1,0,27,0,27,227.03703703703704,6130,4.444444444444445,120.0,16,0.037037037037037035,73.4569422262783,4.074074074074074,7.4074074074074066
PRV56151,6,142,0,54,2,1,0,87,0,87,204.367816091954,17780,1.264367816091954,110.0,42,0.7471264367816092,73.22504661426986,2.9310344827586206,14.942528735632186
PRV56152,9,39,0,54,1,1,0,18,0,18,367.77777777777777,6620,1.1111111111111112,20.0,15,1.2777777777777777,72.93147767891095,3.4444444444444446,11.11111111111111
PRV56153,7,17,0,54,2,1,0,9,0,9,156.66666666666666,1410,0.0,0.0,9,0.0,70.56080310289755,4.666666666666667,22.22222222222222
PRV56154,6,41,0,54,2,1,0,19,0,19,228.94736842105263,4350,0.0,0.0,19,3.473684210526316,71.89480889081018,4.157894736842105,31.57894736842105
PRV56156,20,151,0,54,2,1,0,69,5,64,675.6521739130435,46620,79.56521739130434,5490.0,46,1.5072463768115942,70.92227876479282,4.391304347826087,21.73913043478261
PRV56157,5,87,0,54,2,1,0,38,0,38,364.2105263157895,13840,0.0,0.0,32,0.10526315789473684,72.30671133686371,3.473684210526316,21.052631578947366
PRV56158,16,63,0,54,2,1,0,38,0,38,156.05263157894737,5930,1.0526315789473684,40.0,24,0.2631578947368421,71.66944054180625,3.6052631578947367,13.157894736842104
PRV56159,2,62,0,54,2,1,0,30,0,30,238.66666666666666,7160,11.666666666666666,350.0,29,1.0666666666666667,75.139858544376,4.0,6.666666666666667
PRV56161,16,143,7,54,1,1,1,47,13,34,2247.659574468085,105640,286.6521739130435,13186.0,37,2.617021276595745,73.81356401182519,5.042553191489362,36.17021276595745
PRV56163,6,18,0,54,1,1,0,7,0,7,454.2857142857143,3180,11.428571428571429,80.0,6,0.14285714285714285,65.64701280923047,4.285714285714286,14.285714285714285
PRV56164,28,61,0,54,2,1,0,27,0,27,206.2962962962963,5570,0.0,0.0,27,0.5185185185185185,71.12469896316577,4.0,14.814814814814813
PRV56165,6,37,0,54,1,1,0,19,0,19,674.2105263157895,12810,2.6315789473684212,50.0,13,2.6842105263157894,68.80665730033503,3.6842105263157894,5.263157894736842
PRV56166,9,27,0,33,2,1,0,8,2,6,1090.0,8720,267.0,2136.0,8,0.5,78.0198494182067,4.25,25.0
PRV56168,1,6,0,54,1,1,0,1,0,1,20.0,20,0.0,0.0,1,0.0,69.4318959616701,1.0,0.0
PRV56169,23,57,0,54,2,1,0,22,0,22,334.09090909090907,7350,0.0,0.0,17,0.8181818181818182,77.78159417584469,3.772727272727273,9.090909090909092
PRV56170,17,73,5,54,2,1,0,18,8,10,4076.1111111111113,73370,474.6666666666667,8544.0,16,2.8333333333333335,71.42155296980758,4.222222222222222,50.0
PRV56171,5,31,0,54,2,1,0,15,0,15,76.0,1140,0.6666666666666666,10.0,12,2.7333333333333334,65.86465890942277,4.933333333333334,26.666666666666668
PRV56172,8,39,1,54,1,1,0,11,3,8,2830.909090909091,31140,291.27272727272725,3204.0,11,4.363636363636363,61.93765167071122,2.5454545454545454,36.36363636363637
PRV56173,33,113,7,54,2,1,0,44,6,38,2425.4545454545455,106720,149.27272727272728,6568.0,37,3.3181818181818183,70.63350133781346,4.5,25.0
PRV56174,8,26,2,54,2,1,0,10,1,9,355.0,3550,106.8,1068.0,10,3.4,66.42053388090349,4.6,20.0
PRV56176,5,65,0,54,2,1,0,21,0,21,379.04761904761904,7960,11.904761904761905,250.0,15,2.857142857142857,72.19217105048727,4.476190476190476,42.857142857142854
PRV56177,8,50,0,54,1,1,0,18,0,18,144.44444444444446,2600,4.444444444444445,80.0,10,1.1666666666666667,70.60567343524222,4.333333333333333,27.77777777777778
PRV56179,3,36,1,54,2,1,0,8,1,7,1243.75,9950,133.5,1068.0,8,6.875,63.96543463381246,5.75,12.5
PRV56181,1,29,0,54,2,1,0,12,0,12,379.1666666666667,4550,0.0,0.0,9,1.6666666666666667,68.34861966689482,5.0,8.333333333333332
PRV56182,6,107,0,54,2,1,0,51,0,51,266.47058823529414,13590,3.3333333333333335,170.0,44,2.3137254901960786,72.29407738454725,4.745098039215686,21.568627450980394
PRV56183,5,62,0,54,1,1,0,23,0,23,184.34782608695653,4240,0.0,0.0,19,1.9565217391304348,70.34538582864624,4.130434782608695,21.73913043478261
PRV56184,5,36,0,54,2,1,0,18,0,18,151.66666666666666,2730,7.222222222222222,130.0,9,1.6666666666666667,63.771085253631455,4.777777777777778,16.666666666666664
PRV56185,2,14,0,54,1,1,0,7,0,7,75.71428571428571,530,14.285714285714286,100.0,7,2.857142857142857,65.62119878752323,3.4285714285714284,0.0
PRV56186,2,19,0,54,2,1,0,12,0,12,221.66666666666666,2660,0.0,0.0,10,0.9166666666666666,60.32306639288159,4.666666666666667,8.333333333333332
PRV56187,2,51,0,54,2,1,0,18,0,18,276.1111111111111,4970,6.111111111111111,110.0,14,1.6666666666666667,71.83375161609247,3.4444444444444446,22.22222222222222
PRV56189,2,15,0,54,1,1,0,6,0,6,160.0,960,0.0,0.0,5,0.0,66.51882272416152,3.3333333333333335,33.33333333333333
PRV56190,2,14,0,54,1,5,0,6,0,6,131.66666666666666,790,10.0,60.0,4,0.0,72.36595938854666,6.333333333333333,33.33333333333333
PRV56191,4,121,0,54,2,1,0,62,0,62,334.03225806451616,20710,6.451612903225806,400.0,37,1.967741935483871,68.73166854341923,3.2419354838709675,9.67741935483871
PRV56193,4,26,0,54,2,1,0,14,0,14,348.57142857142856,4880,7.142857142857143,100.0,12,0.0,74.92715361298522,4.642857142857143,21.428571428571427
PRV56194,3,23,0,54,1,1,0,8,0,8,271.25,2170,0.0,0.0,5,0.375,64.78781656399727,4.875,12.5
PRV56196,3,13,0,54,2,1,0,6,0,6,123.33333333333333,740,0.0,0.0,6,1.8333333333333333,76.31028975587498,3.5,0.0
PRV56198,2,57,0,54,1,1,0,21,0,21,309.5238095238095,6500,0.0,0.0,12,0.0,68.56347576676119,4.0,23.809523809523807
PRV56199,1,31,0,54,2,1,0,16,0,16,162.5,2600,0.0,0.0,13,1.3125,69.77737850787132,4.5,12.5
PRV56200,3,115,0,54,1,1,0,58,0,58,217.24137931034483,12600,0.0,0.0,41,1.603448275862069,72.8476952488848,4.844827586206897,34.48275862068966
PRV56201,1,7,0,54,2,1,0,3,0,3,40.0,120,0.0,0.0,2,0.0,83.05544147843942,4.333333333333333,33.33333333333333
PRV56202,2,6,1,54,1,1,0,1,1,0,10000.0,10000,1068.0,1068.0,1,3.0,85.69472963723477,5.0,100.0
PRV56206,20,67,0,7,2,1,0,31,0,31,201.29032258064515,6240,2.5806451612903225,80.0,30,2.064516129032258,73.0804795654766,3.967741935483871,25.806451612903224
PRV56207,65,188,4,10,2,1,0,95,3,92,942.3157894736842,89520,37.72631578947368,3584.0,92,1.4526315789473685,76.17721099463238,4.705263157894737,23.157894736842106
PRV56208,31,152,0,10,2,1,0,67,0,67,382.23880597014926,25610,0.0,0.0,66,1.507462686567164,73.00769254344296,4.507462686567164,26.865671641791046
PRV56209,151,333,0,10,2,1,0,189,0,189,303.5449735449736,57370,1.746031746031746,330.0,186,1.5396825396825398,75.02238446523184,4.666666666666667,20.105820105820104
PRV56210,47,328,20,41,2,1,0,150,31,119,1698.1333333333334,254720,222.52,33378.0,144,1.5466666666666666,73.9948345881816,4.773333333333333,36.666666666666664
PRV56211,86,173,0,10,1,1,0,83,0,83,285.5421686746988,23700,4.9397590361445785,410.0,83,2.0481927710843375,72.99614886651328,4.120481927710843,19.27710843373494
PRV56212,17,41,0,10,2,1,0,17,0,17,315.29411764705884,5360,0.0,0.0,17,4.411764705882353,71.3173088537263,4.588235294117647,17.647058823529413
PRV56213,23,823,1,41,2,1,0,643,0,643,250.48211508553655,161060,2.8460342146189737,1830.0,355,1.5303265940902022,73.76275437156637,4.010886469673406,18.506998444790046
PRV56214,2,9,0,41,2,1,0,3,0,3,236.66666666666666,710,0.0,0.0,3,0.3333333333333333,69.34245950262378,3.3333333333333335,33.33333333333333
PRV56216,67,685,0,42,2,1,0,481,0,481,328.2952182952183,157910,3.264033264033264,1570.0,352,1.3846153846153846,73.54833715408664,4.511434511434511,23.90852390852391
PRV56217,33,109,0,42,2,1,0,45,0,45,220.44444444444446,9920,0.0,0.0,37,0.5333333333333333,75.17517681953001,3.6222222222222222,33.33333333333333
PRV56218,77,226,6,42,2,1,0,118,6,112,501.35593220338984,59160,56.08474576271186,6618.0,103,1.9830508474576272,73.16634763744358,4.4576271186440675,27.966101694915253
PRV56219,7,438,0,42,2,1,0,277,4,273,422.27436823104694,116970,13.565217391304348,3744.0,98,1.2346570397111913,73.04740089499057,4.671480144404332,18.772563176895307
PRV56220,15,44,4,42,2,1,0,15,3,12,1240.6666666666667,18610,213.6,3204.0,14,1.8666666666666667,68.68939082819988,4.666666666666667,26.666666666666668
PRV56221,58,511,10,42,2,1,0,305,18,287,748.655737704918,228340,64.53770491803279,19684.0,213,1.2819672131147541,71.58392746939555,4.340983606557377,25.573770491803277
PRV56222,8,200,0,42,2,1,0,101,0,101,245.24752475247524,24770,3.6633663366336635,370.0,72,1.9504950495049505,71.3101971388104,4.772277227722772,26.732673267326735
PRV56224,82,229,0,42,2,1,0,111,4,107,621.1711711711712,68950,41.009009009009006,4552.0,101,1.5225225225225225,72.20524014774527,4.468468468468468,24.324324324324326
PRV56225,12,877,24,42,2,1,1,588,50,538,1294.3877551020407,761100,91.17887563884156,53522.0,312,1.9285714285714286,73.2570739452523,4.2687074829931975,27.2108843537415
PRV56227,17,67,0,42,2,1,0,26,1,25,339.2307692307692,8820,41.84615384615385,1088.0,24,1.8076923076923077,74.10803980413837,5.038461538461538,19.230769230769234
PRV56228,54,449,0,42,2,1,0,262,0,262,250.64885496183206,65670,2.7099236641221376,710.0,149,1.6908396946564885,70.75751733362593,4.347328244274809,18.702290076335878
PRV56229,6,31,0,42,2,1,0,13,0,13,341.53846153846155,4440,0.0,0.0,12,0.0,68.75691044068867,4.3076923076923075,38.46153846153847
PRV56231,33,506,17,42,2,1,1,270,32,238,1513.7777777777778,408720,128.8,34776.0,198,1.3222222222222222,71.48096433188834,4.5,28.14814814814815
PRV56232,37,82,0,11,2,1,0,35,0,35,279.42857142857144,9780,0.0,0.0,34,1.0285714285714285,72.32854209445584,4.4,14.285714285714285
PRV56233,3,198,1,42,2,1,0,98,0,98,335.61224489795916,32890,1.1224489795918366,110.0,42,2.6122448979591835,75.63460866892959,4.6020408163265305,19.387755102040817
PRV56234,40,149,0,42,2,1,0,70,0,70,310.2857142857143,21720,1.1428571428571428,80.0,56,2.142857142857143,73.1566637332551,5.114285714285714,20.0
PRV56235,93,368,12,34,2,1,0,171,14,157,1046.1988304093568,178900,92.52631578947368,15822.0,153,1.8128654970760234,73.04747609383944,4.514619883040936,29.82456140350877
PRV56236,46,115,6,42,2,1,0,36,7,29,1557.7777777777778,56080,207.94444444444446,7486.0,35,1.6944444444444444,73.38634116662864,4.638888888888889,27.77777777777778
PRV56237,38,333,0,42,2,1,0,198,0,198,176.91919191919192,35030,3.0303030303030303,600.0,131,1.0,72.9335794633536,4.03030303030303,23.737373737373737
PRV56238,22,98,4,34,2,1,0,31,4,27,2377.0967741935483,73690,140.70967741935485,4362.0,30,1.096774193548387,74.08465257998279,4.903225806451613,22.58064516129032
PRV56239,6,220,0,42,2,1,0,125,0,125,438.64,54830,2.72,340.0,55,2.696,67.96771526351814,3.872,18.4
PRV56241,82,277,0,42,2,1,0,140,0,140,226.0,31640,0.9285714285714286,130.0,98,0.7642857142857142,71.9212672337929,4.757142857142857,23.57142857142857
PRV56242,12,252,2,42,2,1,0,136,1,135,370.7352941176471,50420,9.029411764705882,1228.0,75,2.0220588235294117,73.2598341184523,4.330882352941177,26.47058823529412
PRV56243,138,1176,43,42,2,1,0,909,78,831,1015.1595159515952,922780,89.90486725663717,81274.0,604,1.6413641364136413,72.44482997238808,4.484048404840484,27.722772277227726
PRV56245,7,136,0,42,2,1,0,76,0,76,180.52631578947367,13720,1.7105263157894737,130.0,44,1.263157894736842,67.35584855362225,4.421052631578948,14.473684210526317
PRV56247,11,63,1,42,1,1,0,26,2,24,785.0,20410,86.76923076923077,2256.0,21,1.9230769230769231,71.95261412099195,3.730769230769231,30.76923076923077
PRV56248,14,1116,0,42,2,1,0,934,0,934,303.2012847965739,283190,2.4518201284796572,2290.0,477,1.335117773019272,71.93323337539773,4.37152034261242,20.12847965738758
PRV56249,49,1313,34,42,2,1,1,1110,56,1054,788.3873873873874,875110,55.671776375112714,61740.0,666,1.6063063063063063,71.55811088295688,4.341441441441441,23.693693693693692
PRV56251,9,77,0,42,2,1,0,30,0,30,298.3333333333333,8950,0.0,0.0,16,0.8333333333333334,72.57284964636094,3.9,23.333333333333332
PRV56252,15,42,0,42,2,1,0,18,0,18,289.44444444444446,5210,0.0,0.0,18,1.6666666666666667,69.84379040231197,5.222222222222222,16.666666666666664
PRV56253,33,621,31,42,2,1,1,311,63,248,2047.2025723472668,636680,218.85530546623795,68064.0,228,2.102893890675241,72.36423099185468,4.459807073954984,36.33440514469453
PRV56255,13,216,0,42,2,1,0,102,0,102,377.54901960784315,38510,3.5294117647058822,360.0,68,1.4509803921568627,74.41894485377998,4.215686274509804,20.588235294117645
PRV56256,22,140,9,42,2,1,0,55,11,44,1648.1818181818182,90650,213.78181818181818,11758.0,53,1.6545454545454545,73.51089540165516,4.4363636363636365,30.909090909090907
PRV56257,27,145,13,42,2,1,1,52,17,35,3027.6923076923076,157440,351.0769230769231,18256.0,48,3.0,73.7888169325541,4.884615384615385,48.07692307692308
PRV56258,57,153,0,10,2,1,0,70,0,70,373.2857142857143,26130,2.4285714285714284,170.0,70,1.0714285714285714,74.4167008898015,4.485714285714286,24.285714285714285
PRV56259,161,387,9,42,2,1,1,196,16,180,816.4285714285714,160020,89.3265306122449,17508.0,188,1.7908163265306123,71.60014806744053,4.719387755102041,33.16326530612245
PRV56260,14,254,34,42,2,1,0,59,55,4,9330.677966101695,550510,994.3448275862069,57672.0,53,4.11864406779661,72.83713268135361,6.0,93.22033898305084
PRV56261,11,135,0,42,1,1,0,69,0,69,357.82608695652175,24690,7.246376811594203,500.0,47,0.5652173913043478,73.39459770457003,3.971014492753623,11.594202898550725
PRV56262,11,34,0,42,2,1,0,15,0,15,232.0,3480,2.6666666666666665,40.0,15,0.9333333333333333,71.08044718229523,4.2,6.666666666666667
PRV56263,20,52,1,42,2,1,0,18,2,16,1274.4444444444443,22940,129.77777777777777,2336.0,17,0.8333333333333334,79.01832838999162,3.7777777777777777,38.88888888888889
PRV56264,35,164,10,42,2,1,0,51,19,32,3373.529411764706,172050,385.88,19294.0,45,3.607843137254902,72.75290896646133,4.294117647058823,54.90196078431373
PRV56265,20,291,15,42,2,1,0,126,20,106,1680.6349206349207,211760,174.04761904761904,21930.0,54,1.3650793650793651,69.76537053333767,4.507936507936508,28.57142857142857
PRV56266,29,66,0,42,1,1,0,30,0,30,321.3333333333333,9640,1.3333333333333333,40.0,26,1.4333333333333333,68.61893680127767,4.166666666666667,26.666666666666668
PRV56267,3,13,0,42,1,1,0,4,0,4,87.5,350,15.0,60.0,4,0.0,68.79260780287474,6.0,25.0
PRV56268,333,1280,38,34,2,1,1,1113,61,1052,845.1662174303684,940670,60.73987398739874,67482.0,873,1.669362084456424,72.94084655674675,4.530098831985624,23.180592991913745
PRV56269,19,85,4,42,1,1,0,17,8,9,4895.882352941177,83230,508.47058823529414,8644.0,16,2.176470588235294,75.63361114466319,5.529411764705882,76.47058823529412
PRV56270,57,1201,0,42,2,1,0,1043,0,1043,278.01534036433367,289970,2.5023969319271333,2610.0,485,1.180249280920422,71.57168253793256,4.350910834132311,15.148609779482264
PRV56271,20,193,1,42,2,1,0,93,1,92,395.26881720430106,36760,16.43010752688172,1528.0,65,1.2903225806451613,67.45622750656864,3.817204301075269,18.27956989247312
PRV56272,7,54,0,42,2,1,0,22,0,22,247.72727272727272,5450,8.636363636363637,190.0,14,1.6818181818181819,74.04268558272665,4.590909090909091,9.090909090909092
PRV56274,10,40,2,42,2,1,0,8,4,4,2997.5,23980,534.0,4272.0,8,2.875,69.98699520876112,4.375,50.0
PRV56275,1,159,2,42,2,1,0,80,0,80,308.625,24690,3.125,250.0,34,0.5875,73.34223134839151,4.3875,27.500000000000004
PRV56276,5,18,1,42,2,1,0,7,1,6,1912.857142857143,13390,0.0,0.0,7,3.857142857142857,72.21511684756038,4.714285714285714,14.285714285714285
PRV56277,5,44,0,42,2,1,0,19,0,19,287.89473684210526,5470,0.0,0.0,17,2.3157894736842106,76.15793076119456,4.894736842105263,10.526315789473683
PRV56278,3,70,0,42,2,1,0,27,0,27,774.4444444444445,20910,0.0,0.0,18,2.259259259259259,71.68646538393287,3.925925925925926,14.814814814814813
PRV56279,2,109,0,34,2,1,0,53,0,53,335.2830188679245,17770,1.8867924528301887,100.0,29,2.056603773584906,71.38207224310048,5.150943396226415,26.41509433962264
PRV56280,6,83,0,42,2,1,0,39,0,39,216.66666666666666,8450,2.3076923076923075,90.0,32,0.2564102564102564,68.62043910914548,4.384615384615385,28.205128205128204
PRV56281,2,133,0,42,2,1,0,54,0,54,446.85185185185185,24130,3.888888888888889,210.0,24,2.259259259259259,70.984561563617,4.537037037037037,20.37037037037037
PRV56282,2,12,0,34,2,1,0,4,0,4,125.0,500,0.0,0.0,4,0.25,81.89117043121149,5.0,50.0
PRV56283,1,7,0,42,2,1,0,3,0,3,773.3333333333334,2320,0.0,0.0,3,6.666666666666667,69.77230207620352,5.333333333333333,33.33333333333333
PRV56284,3,141,0,42,2,1,0,67,0,67,344.6268656716418,23090,1.6417910447761195,110.0,37,1.4179104477611941,72.03085190066096,3.716417910447761,23.88059701492537
PRV56285,6,87,11,42,2,1,0,13,13,0,10769.23076923077,140000,1068.0,13884.0,12,7.230769230769231,74.86863581319433,5.846153846153846,100.0
PRV56286,1,10,1,42,2,2,0,1,1,0,23000.0,23000,1068.0,1068.0,1,15.0,73.10335386721424,6.0,100.0
PRV56287,2,207,0,42,2,1,0,107,0,107,268.0373831775701,28680,2.897196261682243,310.0,83,1.1495327102803738,74.0307944245076,4.570093457943925,18.69158878504673
PRV56288,4,19,2,42,2,1,0,2,2,0,12000.0,24000,1068.0,2136.0,2,2.5,64.39288158795345,5.0,100.0
PRV56289,4,38,2,42,2,1,0,5,5,0,5600.0,28000,1068.0,5340.0,5,4.0,65.97234770704998,4.8,100.0
PRV56290,3,60,0,42,2,1,0,23,0,23,502.60869565217394,11560,0.43478260869565216,10.0,16,2.739130434782609,77.51641222509895,4.434782608695652,13.043478260869565
PRV56291,2,62,0,42,2,1,0,36,0,36,365.27777777777777,13150,0.0,0.0,26,3.1944444444444446,70.80652521104267,4.305555555555555,13.88888888888889
PRV56293,2,5,0,42,2,1,0,3,0,3,143.33333333333334,430,0.0,0.0,3,0.0,70.35363906000457,1.0,0.0
PRV56295,1,8,0,42,1,1,0,4,0,4,300.0,1200,0.0,0.0,4,0.0,71.88295687885011,5.25,50.0
PRV56297,3,91,0,42,2,1,0,28,0,28,255.0,7140,0.0,0.0,23,2.2857142857142856,76.32951989830839,5.107142857142857,28.57142857142857
PRV56299,1,14,0,42,2,1,0,5,0,5,64.0,320,0.0,0.0,5,0.0,74.58891170431211,3.8,40.0
PRV56300,1,16,0,42,1,1,0,8,0,8,123.75,990,12.5,100.0,5,2.5,77.57015742642027,4.5,25.0
PRV56301,1,5,0,42,2,2,0,3,0,3,343.3333333333333,1030,0.0,0.0,3,0.0,67.98448551220625,1.6666666666666667,0.0
PRV56302,1,11,0,42,1,1,0,4,0,4,375.0,1500,5.0,20.0,4,0.0,69.69678302532512,4.0,25.0
PRV56303,1,2,0,42,2,1,0,2,0,2,35.0,70,0.0,0.0,2,0.0,75.32922655715264,2.5,50.0
PRV56304,2,28,0,42,1,1,0,15,0,15,844.0,12660,6.666666666666667,100.0,13,1.5333333333333334,74.52959160392426,5.0,20.0
PRV56305,1,62,0,42,2,1,0,29,0,29,144.82758620689654,4200,0.0,0.0,12,0.13793103448275862,75.9457150274965,3.206896551724138,6.896551724137931
PRV56306,1,26,0,42,2,2,0,7,0,7,200.0,1400,11.428571428571429,80.0,5,2.857142857142857,62.98973305954826,5.142857142857143,28.57142857142857
PRV56307,3,27,0,34,1,1,0,12,0,12,110.83333333333333,1330,0.0,0.0,12,1.6666666666666667,70.72530230435775,4.5,16.666666666666664
PRV56308,3,24,0,42,2,1,0,15,0,15,335.3333333333333,5030,0.0,0.0,9,1.4666666666666666,73.6682637462925,3.8,33.33333333333333
PRV56309,1,10,0,42,1,1,0,3,0,3,440.0,1320,0.0,0.0,3,0.0,60.09034907597536,6.333333333333333,66.66666666666666
PRV56310,1,1,0,42,2,2,0,1,0,1,80.0,80,0.0,0.0,1,0.0,74.943189596167,6.0,0.0
PRV56311,2,50,0,42,1,1,0,19,0,19,403.6842105263158,7670,5.2631578947368425,100.0,10,0.631578947368421,74.57199466839583,4.105263157894737,21.052631578947366
PRV56313,1,9,0,42,2,1,0,3,0,3,33.333333333333336,100,0.0,0.0,3,0.0,69.0276066621036,5.0,0.0
PRV56314,3,17,0,42,1,1,0,8,0,8,467.5,3740,0.0,0.0,8,2.5,72.99657768651608,3.375,25.0
PRV56316,3,20,0,42,2,1,0,6,0,6,741.6666666666666,4450,0.0,0.0,5,3.6666666666666665,77.68058407483458,5.666666666666667,16.666666666666664
PRV56317,2,7,0,42,1,1,0,2,0,2,5.0,10,0.0,0.0,2,0.0,82.04106776180699,7.0,100.0
PRV56318,1,6,0,42,1,1,0,1,0,1,200.0,200,0.0,0.0,1,0.0,82.92402464065708,5.0,0.0
PRV56319,2,30,0,42,2,1,0,13,0,13,498.46153846153845,6480,0.0,0.0,12,1.5384615384615385,77.2615174011478,4.538461538461538,23.076923076923077
PRV56321,2,17,0,42,2,1,0,7,0,7,558.5714285714286,3910,2.857142857142857,20.0,6,0.0,71.68866725334898,2.857142857142857,28.57142857142857
PRV56322,3,69,0,42,2,1,0,37,0,37,183.78378378378378,6800,5.945945945945946,220.0,27,0.0,68.898237046081,4.405405405405405,18.91891891891892
PRV56324,1,4,0,42,2,1,0,1,0,1,100.0,100,0.0,0.0,1,0.0,66.4996577686516,5.0,0.0
PRV56328,3,43,0,42,2,1,0,15,0,15,140.0,2100,0.0,0.0,13,2.2,81.24079397672827,4.333333333333333,6.666666666666667
PRV56329,3,99,14,42,1,1,0,14,14,0,12642.857142857143,177000,1068.0,14952.0,13,5.714285714285714,69.72054365894202,4.857142857142857,100.0
PRV56330,3,36,0,42,2,1,0,16,0,16,195.625,3130,0.0,0.0,15,0.0625,71.17624914442163,3.6875,43.75
PRV56331,1,2,0,42,1,2,0,1,0,1,10.0,10,0.0,0.0,1,0.0,65.1854893908282,4.0,0.0
PRV56333,2,96,0,42,2,1,0,42,0,42,276.1904761904762,11600,0.0,0.0,33,1.5952380952380953,72.71829471008115,4.714285714285714,14.285714285714285
PRV56334,1,11,0,42,1,1,0,8,0,8,83.75,670,0.0,0.0,8,0.0,68.78850102669405,3.5,25.0
PRV56335,4,95,13,42,2,1,0,18,18,0,8666.666666666666,156000,1068.0,19224.0,18,5.0,77.90873830709559,4.888888888888889,100.0
PRV56336,1,126,12,42,2,1,0,21,21,0,11285.714285714286,237000,1068.0,22428.0,21,4.571428571428571,71.41018871614354,4.9523809523809526,100.0
PRV56337,1,4,0,42,2,1,0,2,0,2,90.0,180,15.0,30.0,2,0.0,89.17727583846681,5.0,0.0
PRV56338,3,70,6,42,2,1,0,10,10,0,9740.0,97400,1068.0,10680.0,10,5.2,67.81054072553046,6.2,100.0
PRV56339,2,3,1,42,1,1,0,1,1,0,9000.0,9000,1068.0,1068.0,1,3.0,45.76043805612594,7.0,100.0
PRV56340,3,23,5,42,2,1,0,3,3,0,19000.0,57000,1068.0,3204.0,3,6.0,65.72667122975132,6.0,100.0
PRV56341,1,9,1,42,1,1,0,1,1,0,18000.0,18000,1068.0,1068.0,1,5.0,75.55373032169747,5.0,100.0
PRV56342,6,36,5,42,2,1,0,5,5,0,10400.0,52000,1068.0,5340.0,5,2.6,68.95715263518139,3.0,100.0
PRV56344,6,24,0,43,2,1,0,11,0,11,320.0,3520,0.0,0.0,10,0.0,72.82409308692677,2.8181818181818183,27.27272727272727
PRV56345,11,777,1,43,2,1,0,572,0,572,235.15734265734267,134510,3.7412587412587412,2140.0,243,1.1451048951048952,73.38776008385864,4.256993006993007,21.153846153846153
PRV56346,17,97,0,43,2,1,0,42,0,42,382.14285714285717,16050,3.3333333333333335,140.0,25,2.119047619047619,75.78833805938528,4.476190476190476,19.047619047619047
PRV56347,23,159,6,43,2,1,0,51,9,42,2080.5882352941176,106110,192.98039215686273,9842.0,43,1.6470588235294117,74.33007206989572,4.784313725490196,37.254901960784316
PRV56348,30,131,0,43,2,1,0,58,0,58,193.10344827586206,11200,3.793103448275862,220.0,36,0.27586206896551724,75.75208289079279,4.810344827586207,25.862068965517242
PRV56349,46,221,19,43,2,1,0,61,31,30,4725.901639344263,288280,526.4745762711865,31062.0,51,3.0,70.19274918369408,4.836065573770492,59.01639344262295
PRV56350,93,415,32,43,2,1,1,158,66,92,5142.594936708861,812530,442.86624203821657,69530.0,119,3.721518987341772,74.8458919242066,4.493670886075949,55.06329113924051
PRV56351,13,66,0,16,1,1,0,29,0,29,376.55172413793105,10920,3.103448275862069,90.0,17,2.1379310344827585,73.12270764001981,5.517241379310345,20.689655172413794
PRV56352,17,88,2,43,2,1,0,24,4,20,1572.0833333333333,37730,179.66666666666666,4312.0,22,1.4583333333333333,75.39664613278576,3.8333333333333335,33.33333333333333
PRV56353,29,193,0,43,2,1,0,96,0,96,305.625,29340,3.3333333333333335,320.0,46,0.875,72.50290896646133,4.302083333333333,22.916666666666664
PRV56354,10,41,2,43,2,1,0,11,3,8,6406.363636363636,70470,291.27272727272725,3204.0,9,1.5454545454545454,74.58652230726153,3.727272727272727,45.45454545454545
PRV56355,18,262,4,43,1,1,0,115,4,111,662.0,76130,39.93043478260869,4592.0,35,1.391304347826087,75.29211082343838,4.304347826086956,25.217391304347824
PRV56357,6,30,0,43,2,1,0,16,0,16,105.625,1690,0.0,0.0,13,2.125,70.01659822039699,4.3125,6.25
PRV56358,4,7,0,43,1,1,0,4,0,4,60.0,240,0.0,0.0,4,0.0,76.5482546201232,3.5,25.0
PRV56360,6,185,0,43,1,1,0,78,0,78,321.28205128205127,25060,0.6410256410256411,50.0,34,2.6666666666666665,71.88992435809685,5.17948717948718,19.230769230769234
PRV56361,22,242,4,43,2,1,1,114,7,107,925.8771929824561,105550,67.42105263157895,7686.0,51,2.192982456140351,74.11417318107041,4.605263157894737,24.561403508771928
PRV56362,22,135,0,43,2,1,0,60,0,60,220.16666666666666,13210,4.833333333333333,290.0,51,0.6333333333333333,74.90015970796257,4.083333333333333,20.0
PRV56363,2,39,0,43,1,1,0,19,0,19,548.421052631579,10420,14.736842105263158,280.0,8,2.5789473684210527,71.15659786015347,5.105263157894737,26.31578947368421
PRV56364,1,147,0,43,2,1,0,79,0,79,395.9493670886076,31280,4.050632911392405,320.0,28,1.6962025316455696,77.50418908498601,4.69620253164557,15.18987341772152
PRV56366,3,20,0,43,2,1,0,9,0,9,208.88888888888889,1880,0.0,0.0,8,0.0,69.15324359266864,3.888888888888889,22.22222222222222
PRV56367,4,107,0,43,2,1,0,45,0,45,234.44444444444446,10550,0.0,0.0,14,1.4444444444444444,76.50206099323142,3.977777777777778,24.444444444444443
PRV56368,12,78,0,43,1,1,0,34,1,33,266.1764705882353,9050,32.588235294117645,1108.0,12,1.3823529411764706,72.42275637154246,3.5,14.705882352941178
PRV56369,2,5,0,43,2,1,0,1,0,1,80.0,80,0.0,0.0,1,1.0,57.1854893908282,4.0,100.0
PRV56370,4,23,0,43,1,1,0,9,0,9,180.0,1620,0.0,0.0,3,0.5555555555555556,67.42353030648718,2.111111111111111,11.11111111111111
PRV56373,1,4,0,43,1,1,0,1,0,1,10.0,10,0.0,0.0,1,0.0,84.76933607118411,6.0,100.0
PRV56374,7,52,0,43,2,1,0,25,0,25,302.8,7570,15.6,390.0,11,3.36,73.52936344969199,3.84,32.0
PRV56375,4,121,1,43,2,1,0,54,0,54,281.85185185185185,15220,7.222222222222222,390.0,29,1.6111111111111112,74.29761452074936,3.6481481481481484,22.22222222222222
PRV56376,6,53,0,43,2,1,0,20,0,20,539.0,10780,3.5,70.0,10,1.0,70.21711156741958,2.55,25.0
PRV56377,1,4,0,43,2,1,0,1,0,1,60.0,60,0.0,0.0,1,0.0,66.13826146475017,6.0,0.0
PRV56378,1,75,0,43,1,1,0,31,0,31,144.51612903225808,4480,0.0,0.0,19,1.2580645161290323,76.53423417456007,3.774193548387097,3.225806451612903
PRV56379,11,133,0,43,1,1,0,53,0,53,311.6981132075472,16520,1.1320754716981132,60.0,26,0.7169811320754716,73.32253690287087,4.226415094339623,24.528301886792452
PRV56380,3,45,0,43,1,1,0,21,0,21,287.6190476190476,6040,0.0,0.0,10,1.0476190476190477,67.41918451158698,3.619047619047619,23.809523809523807
PRV56381,3,11,0,43,2,1,0,8,0,8,590.0,4720,0.0,0.0,1,7.5,82.46098562628337,3.0,25.0
PRV56384,11,106,0,43,1,1,0,49,2,47,607.9591836734694,29790,43.795918367346935,2146.0,23,1.489795918367347,76.05794186257666,4.938775510204081,18.367346938775512
PRV56385,2,49,0,43,1,1,0,22,0,22,125.9090909090909,2770,4.545454545454546,100.0,11,0.9090909090909091,71.82241304212556,3.8181818181818183,27.27272727272727
PRV56387,2,7,0,43,2,1,0,1,0,1,90.0,90,0.0,0.0,1,0.0,78.00684462696783,6.0,0.0
PRV56388,7,16,0,16,2,1,0,7,0,7,757.1428571428571,5300,0.0,0.0,6,2.4285714285714284,70.3709787816564,5.571428571428571,14.285714285714285
PRV56389,3,33,0,43,2,1,0,15,0,15,434.6666666666667,6520,13.333333333333334,200.0,13,4.0,77.1190508783938,2.2666666666666666,6.666666666666667
PRV56390,8,32,1,43,2,1,0,5,2,3,8044.0,40220,443.2,2216.0,5,6.6,63.06694045174538,6.0,40.0
PRV56391,2,6,0,43,1,1,0,2,0,2,75.0,150,0.0,0.0,2,0.0,70.69815195071868,2.0,50.0
PRV56392,8,79,4,43,1,1,1,20,6,14,2093.0,41860,322.9,6458.0,10,3.4,72.02546201232033,5.95,45.0
PRV56393,1,34,0,43,2,1,0,10,0,10,258.0,2580,0.0,0.0,8,2.1,78.83504449007529,4.6,10.0
PRV56394,5,66,0,43,1,1,0,32,0,32,497.5,15920,0.0,0.0,14,2.96875,68.35711841204655,5.53125,25.0
PRV56395,3,56,4,43,1,1,0,7,7,0,15285.714285714286,107000,1068.0,7476.0,7,5.0,69.305563703921,5.0,100.0
PRV56396,39,258,22,44,2,1,1,83,32,51,3486.5060240963853,289380,398.39506172839504,32270.0,71,3.5421686746987953,74.14848717250935,5.132530120481928,51.80722891566265
PRV56397,22,100,0,44,2,1,0,47,0,47,204.25531914893617,9600,1.702127659574468,80.0,43,1.3617021276595744,71.26742103193673,4.808510638297872,19.148936170212767
PRV56398,12,45,0,44,2,1,0,19,1,18,317.36842105263156,6030,56.21052631578947,1068.0,19,0.3157894736842105,74.5081595158327,3.6315789473684212,26.31578947368421
PRV56400,10,30,2,44,2,1,1,9,3,6,5533.333333333333,49800,356.0,3204.0,9,3.2222222222222223,74.69313255760895,4.111111111111111,33.33333333333333
PRV56401,1,253,0,44,1,1,0,143,0,143,191.53846153846155,27390,3.006993006993007,430.0,39,0.5034965034965035,74.69965489678016,5.1678321678321675,26.573426573426573
PRV56403,9,100,5,44,1,1,1,34,10,24,2313.529411764706,78660,299.75757575757575,9892.0,31,1.1176470588235294,71.70350686475822,4.147058823529412,44.11764705882353
PRV56404,41,540,0,44,2,1,0,363,0,363,362.69972451790636,131660,3.2506887052341598,1180.0,143,1.6253443526170799,70.31371018378672,4.046831955922865,17.355371900826448
PRV56405,25,126,0,44,2,1,0,60,0,60,401.5,24090,4.333333333333333,260.0,53,0.9666666666666667,70.70230435774583,4.366666666666666,15.0
PRV56406,7,357,0,44,2,1,0,201,0,201,222.7363184079602,44770,4.3283582089552235,870.0,72,0.8507462686567164,74.2356254320458,4.507462686567164,17.91044776119403
PRV56407,20,104,6,44,2,1,0,40,5,35,987.5,39500,136.0,5440.0,39,2.05,69.3965092402464,4.125,37.5
PRV56408,15,162,4,44,2,1,0,68,3,65,1170.1470588235295,79570,52.26470588235294,3554.0,25,1.75,71.64109997181625,2.6176470588235294,10.294117647058822
PRV56410,19,506,0,44,2,1,0,350,0,350,264.37142857142857,92530,2.942857142857143,1030.0,172,1.1914285714285715,74.68487728561651,4.511428571428572,24.571428571428573
PRV56411,15,167,6,44,2,1,0,75,4,71,1475.3333333333333,110650,60.96,4572.0,35,1.76,71.27191421400867,4.253333333333333,40.0
PRV56412,11,246,5,44,1,1,0,112,9,103,994.2857142857143,111360,88.05357142857143,9862.0,77,1.5357142857142858,70.73398846191454,4.616071428571429,32.142857142857146
PRV56413,4,26,0,44,1,1,0,12,0,12,720.8333333333334,8650,2.5,30.0,12,2.75,71.29454711384896,5.583333333333333,8.333333333333332
PRV56414,31,59,0,44,2,1,0,27,0,27,218.5185185185185,5900,7.407407407407407,200.0,26,0.14814814814814814,69.86822825563415,4.148148148148148,11.11111111111111
PRV56415,24,87,0,44,2,1,0,41,0,41,390.0,15990,5.121951219512195,210.0,41,0.9512195121951219,73.68270980451078,3.951219512195122,17.073170731707318
PRV56416,80,1751,90,44,2,1,1,1592,214,1378,1724.1645728643216,2744870,143.0132325141777,226962.0,695,2.141959798994975,70.45937937462811,4.541457286432161,30.339195979899497
PRV56417,13,227,0,44,2,1,0,119,0,119,170.0,20230,1.7647058823529411,210.0,44,0.8319327731092437,70.09061365819429,4.19327731092437,21.84873949579832
PRV56418,17,68,0,44,2,1,0,29,0,29,337.58620689655174,9790,0.0,0.0,27,0.4827586206896552,69.7659137577002,4.689655172413793,17.24137931034483
PRV56421,53,346,32,44,2,1,1,133,46,87,3840.2255639097743,510750,354.26153846153846,46054.0,100,2.601503759398496,71.26450623478614,4.902255639097745,42.857142857142854
PRV56423,10,36,2,44,2,1,0,12,2,10,1290.8333333333333,15490,178.0,2136.0,10,0.3333333333333333,73.953684690851,4.166666666666667,41.66666666666667
PRV56425,59,621,4,44,2,1,1,381,8,373,355.51181102362204,135450,25.496062992125985,9714.0,138,1.4173228346456692,68.29284224482207,4.73753280839895,19.42257217847769
PRV56426,55,652,0,44,2,1,0,436,0,436,291.8119266055046,127230,2.8440366972477062,1240.0,262,1.385321100917431,72.77204252459984,4.605504587155964,21.3302752293578
PRV56427,15,58,0,44,1,1,0,23,0,23,454.7826086956522,10460,0.8695652173913043,20.0,20,1.0,71.1092461982561,4.304347826086956,30.434782608695656
PRV56428,18,530,4,44,2,1,1,311,8,303,556.0450160771704,172930,29.562700964630224,9194.0,151,1.472668810289389,72.44789830336883,4.495176848874598,27.974276527331188
PRV56430,16,94,0,44,2,1,0,38,0,38,292.89473684210526,11130,2.3684210526315788,90.0,36,2.736842105263158,74.88699160632588,4.894736842105263,18.421052631578945
PRV56432,18,74,4,44,2,1,0,25,6,19,2163.2,54080,222.5,5340.0,18,1.88,72.15868583162218,5.76,44.0
PRV56433,89,229,0,44,2,1,0,121,0,121,326.5289256198347,39510,3.8016528925619837,460.0,114,1.6694214876033058,71.96576555172784,4.305785123966942,19.834710743801654
PRV56435,64,431,3,44,2,1,1,260,4,256,384.7307692307692,100030,18.815384615384616,4892.0,115,1.3192307692307692,71.32444584847049,4.657692307692308,22.692307692307693
PRV56437,9,987,21,44,2,1,1,719,39,680,652.712100139082,469300,58.90529247910864,42294.0,329,1.7524339360222532,72.08925622037604,4.605006954102921,28.789986091794155
PRV56438,75,395,39,44,1,1,1,133,64,69,6220.300751879699,827300,505.9236641221374,66276.0,126,4.097744360902255,72.98523516182654,4.7669172932330826,60.902255639097746
PRV56439,44,642,0,44,2,1,0,443,0,443,304.65011286681715,134960,3.544018058690745,1570.0,237,1.670428893905192,72.1438453207009,4.367945823927765,19.187358916478555
PRV56440,17,175,0,44,2,1,0,89,0,89,327.5280898876405,29150,1.2359550561797752,110.0,72,0.7191011235955056,73.1386075413946,4.943820224719101,22.47191011235955
PRV56441,33,80,0,44,2,1,0,35,0,35,113.71428571428571,3980,4.0,140.0,34,1.6,72.10349075975358,4.114285714285714,14.285714285714285
PRV56442,106,1551,47,44,2,1,1,1330,81,1249,927.9323308270676,1234150,65.67746797287114,87154.0,611,1.7533834586466166,69.93342287958087,4.3691729323308275,24.51127819548872
PRV56444,270,1399,0,44,2,1,1,1317,0,1317,290.91875474563403,383140,3.5611237661351556,4690.0,790,1.569476082004556,72.00286673973838,4.4889901290812455,23.462414578587698
PRV56445,33,202,15,44,2,1,0,55,32,23,3922.7272727272725,215750,623.0181818181818,34266.0,50,3.290909090909091,73.41681289278826,3.890909090909091,69.0909090909091
PRV56447,23,326,0,44,2,1,1,170,0,170,299.2352941176471,50870,2.235294117647059,380.0,101,0.9941176470588236,69.13633691669686,4.129411764705883,17.058823529411764
PRV56448,1,807,1,44,2,1,0,584,0,584,340.6678082191781,198950,3.8698630136986303,2260.0,315,1.4349315068493151,70.29437990492532,4.489726027397261,20.034246575342465
PRV56449,85,289,10,44,2,1,0,135,13,122,1569.4814814814815,211880,106.99259259259259,14444.0,109,2.637037037037037,71.34618095165665,4.614814814814815,24.444444444444443
PRV56451,26,413,0,44,2,1,0,259,0,259,281.66023166023166,72950,2.0463320463320462,530.0,86,1.2046332046332047,70.22055555115104,4.088803088803089,16.216216216216218
PRV56452,54,245,0,44,2,1,0,110,4,106,574.0909090909091,63150,40.29090909090909,4432.0,82,1.3545454545454545,72.36403459647813,4.372727272727273,26.36363636363636
PRV56453,19,222,2,44,2,1,0,115,0,115,378.69565217391306,43550,1.826086956521739,210.0,57,1.2434782608695651,71.32598875100437,3.5739130434782607,25.217391304347824
PRV56454,42,259,0,44,2,1,0,159,0,159,276.1635220125786,43910,3.3333333333333335,530.0,86,0.49056603773584906,70.67810020706072,4.19496855345912,25.78616352201258
PRV56455,6,37,0,44,2,1,0,13,0,13,373.84615384615387,4860,2.3076923076923075,30.0,12,1.6153846153846154,66.69362396672457,4.230769230769231,23.076923076923077
PRV56456,19,157,8,1,1,1,0,46,14,32,2493.695652173913,114710,327.4347826086956,15062.0,37,2.9130434782608696,70.35246852959558,5.260869565217392,36.95652173913043
PRV56458,28,124,1,44,2,1,0,54,7,47,989.074074074074,53410,124.86792452830188,6618.0,48,1.2592592592592593,67.9711004639136,4.481481481481482,31.48148148148148
PRV56461,87,242,8,44,2,1,0,115,10,105,1175.4782608695652,135180,94.52173913043478,10870.0,103,1.2869565217391303,71.46314317174061,4.2956521739130435,26.956521739130434
PRV56463,3,38,0,44,2,1,0,18,0,18,92.22222222222223,1660,6.111111111111111,110.0,17,2.2222222222222223,74.73632975891702,4.333333333333333,27.77777777777778
PRV56464,52,146,0,44,2,1,0,84,0,84,177.61904761904762,14920,3.2142857142857144,270.0,78,0.5595238095238095,70.07871321013005,4.238095238095238,19.047619047619047
PRV56466,17,110,0,44,2,1,0,56,0,56,146.25,8190,3.2142857142857144,180.0,45,1.0892857142857142,73.30991493106482,5.053571428571429,23.214285714285715
PRV56467,30,536,0,44,2,1,0,349,0,349,274.269340974212,95720,2.6361031518624642,920.0,188,1.5530085959885387,71.42075235982733,4.157593123209169,20.057306590257877
PRV56468,21,93,4,44,2,1,0,34,5,29,1390.2941176470588,47270,157.05882352941177,5340.0,32,2.4411764705882355,72.7462253895398,5.0588235294117645,35.294117647058826
PRV56469,91,322,22,44,1,1,0,131,36,95,3286.7175572519086,430560,288.46153846153845,37500.0,121,2.66412213740458,70.24286408451809,4.732824427480916,47.32824427480916
PRV56470,15,111,1,44,2,1,0,37,5,32,962.4324324324324,35610,147.83783783783784,5470.0,26,1.2702702702702702,71.10006104667295,4.1891891891891895,29.72972972972973
PRV56471,10,99,0,44,2,1,0,43,0,43,243.95348837209303,10490,4.4186046511627906,190.0,21,2.395348837209302,76.92036356111615,4.837209302325581,16.27906976744186
PRV56473,51,158,5,11,1,1,0,55,7,48,1296.5454545454545,71310,139.01818181818183,7646.0,50,1.7636363636363637,74.60309874929997,4.927272727272728,30.909090909090907
PRV56474,12,71,0,1,2,1,0,31,1,30,450.64516129032256,13970,38.96774193548387,1208.0,27,0.9032258064516129,71.2932812258506,4.419354838709677,22.58064516129032
PRV56475,12,81,0,44,2,1,0,34,0,34,328.8235294117647,11180,0.0,0.0,18,1.2058823529411764,68.63365140717478,4.029411764705882,29.411764705882355
PRV56476,5,13,1,44,1,1,0,4,1,3,1675.0,6700,267.0,1068.0,4,1.5,78.38124572210815,4.5,50.0
PRV56477,10,27,0,44,2,1,0,9,0,9,495.55555555555554,4460,7.777777777777778,70.0,8,1.4444444444444444,68.70180241843485,4.777777777777778,0.0
PRV56478,56,420,37,11,2,1,0,152,67,85,4202.960526315789,638850,468.19867549668874,70698.0,127,3.6973684210526314,73.50259375337728,5.296052631578948,52.63157894736842
PRV56479,93,289,0,44,2,1,0,140,0,140,278.5,38990,5.0,700.0,118,1.5214285714285714,71.57665004400117,5.0,18.571428571428573
PRV56480,7,46,0,44,1,1,0,21,0,21,148.57142857142858,3120,3.3333333333333335,70.0,19,1.0952380952380953,67.83677194354811,3.9523809523809526,23.809523809523807
PRV56481,33,389,40,44,2,1,1,128,78,50,5225.859375,668910,638.5645161290323,79182.0,85,3.6953125,69.99274897330595,5.5234375,68.75
PRV56482,13,84,0,44,2,1,0,28,0,28,527.8571428571429,14780,0.0,0.0,21,1.5,77.49545321208565,5.25,25.0
PRV56483,38,77,1,44,2,1,0,32,2,30,807.8125,25850,69.5625,2226.0,29,1.71875,71.63047570157427,4.4375,28.125
PRV56484,11,31,0,44,1,1,0,9,0,9,775.5555555555555,6980,0.0,0.0,9,2.4444444444444446,73.1730169594646,4.333333333333333,11.11111111111111
PRV56485,5,121,1,44,1,1,0,48,1,47,558.125,26790,25.166666666666668,1208.0,22,2.3125,70.24150125484827,5.0625,20.833333333333336
PRV56486,8,173,0,44,2,1,0,77,0,77,340.5194805194805,26220,3.5064935064935066,270.0,37,1.8181818181818181,65.61415859978489,4.766233766233766,12.987012987012985
PRV56487,22,82,1,44,2,1,0,27,1,26,452.962962962963,12230,50.2962962962963,1358.0,27,2.074074074074074,69.84095114964383,3.962962962962963,18.51851851851852
PRV56489,10,35,0,44,2,1,0,21,0,21,445.23809523809524,9350,4.761904761904762,100.0,20,1.7619047619047619,72.15814347641863,4.523809523809524,28.57142857142857
PRV56490,7,77,6,44,1,1,0,14,11,3,5583.571428571428,78170,821.5384615384615,10680.0,14,2.2857142857142856,73.67028454092109,4.857142857142857,85.71428571428571
PRV56494,35,752,0,44,2,1,0,560,0,560,331.125,185430,2.5892857142857144,1450.0,257,2.007142857142857,71.38633519116065,4.417857142857143,17.67857142857143
PRV56495,3,91,0,44,2,1,0,36,0,36,326.3888888888889,11750,6.111111111111111,220.0,23,0.8055555555555556,69.64187390676096,4.305555555555555,27.77777777777778
PRV56496,1,88,0,44,2,1,0,41,0,41,332.1951219512195,13620,3.1707317073170733,130.0,28,1.6829268292682926,67.97315570691642,3.8292682926829267,19.51219512195122
PRV56497,5,74,0,44,2,1,0,30,0,30,418.0,12540,2.3333333333333335,70.0,23,1.4666666666666666,66.2423910563541,5.2,10.0
PRV56498,4,26,0,49,2,1,0,7,0,7,358.57142857142856,2510,0.0,0.0,6,1.0,76.38369023173951,4.142857142857143,14.285714285714285
PRV56500,4,294,0,44,2,1,0,151,3,148,430.5298013245033,65010,26.980132450331126,4074.0,74,1.5695364238410596,66.32298480130184,4.47682119205298,24.503311258278146
PRV56501,16,414,5,44,2,1,1,232,6,226,755.1293103448276,175190,25.151515151515152,5810.0,126,1.6896551724137931,70.73314215582147,4.530172413793103,18.103448275862068
PRV56502,4,23,0,44,1,1,0,7,0,7,201.42857142857142,1410,0.0,0.0,6,1.1428571428571428,67.95462990124182,6.0,14.285714285714285
PRV56504,7,149,0,44,2,1,0,66,0,66,258.93939393939394,17090,3.0303030303030303,200.0,38,1.5606060606060606,72.85968514715948,4.136363636363637,19.696969696969695
PRV56507,13,137,10,44,1,1,0,42,7,35,6197.619047619048,260300,206.5,8673.0,26,3.8333333333333335,68.95844333626675,5.095238095238095,40.476190476190474
PRV56508,8,321,0,44,1,1,0,177,0,177,274.4632768361582,48580,2.0338983050847457,360.0,84,1.5593220338983051,69.762433438903,4.129943502824859,19.774011299435028
PRV56509,7,235,0,44,2,1,0,117,0,117,362.13675213675214,42370,1.623931623931624,190.0,55,1.3333333333333333,70.74964460590743,4.803418803418803,19.65811965811966
PRV56510,5,23,0,44,1,1,0,9,0,9,88.88888888888889,800,2.2222222222222223,20.0,7,0.0,64.93634496919918,2.5555555555555554,0.0
PRV56511,3,58,0,49,2,1,0,23,0,23,263.4782608695652,6060,4.3478260869565215,100.0,19,0.9130434782608695,76.82885456655656,5.565217391304348,17.391304347826086
PRV56512,1,49,0,44,2,1,0,27,0,27,372.22222222222223,10050,2.2222222222222223,60.0,17,1.0740740740740742,75.75470884984917,4.777777777777778,40.74074074074074
PRV56514,1,22,0,44,1,1,0,6,0,6,205.0,1230,16.666666666666668,100.0,6,5.333333333333333,79.96030116358658,4.666666666666667,50.0
PRV56515,2,14,0,44,1,1,0,7,0,7,377.14285714285717,2640,0.0,0.0,6,0.14285714285714285,66.4413806590398,5.571428571428571,71.42857142857143
PRV56517,3,240,0,44,2,1,0,123,0,123,310.3252032520325,38170,3.008130081300813,370.0,96,1.6504065040650406,71.29895438584776,4.666666666666667,21.138211382113823
PRV56518,2,5,0,44,2,1,0,2,0,2,450.0,900,0.0,0.0,2,0.0,82.03832991101984,7.0,50.0
PRV56519,1,50,4,44,1,1,0,7,7,0,9857.142857142857,69000,1068.0,7476.0,7,3.857142857142857,75.32296861249633,5.285714285714286,100.0
PRV56521,4,79,0,44,2,1,0,32,0,32,370.0,11840,0.0,0.0,22,2.46875,68.62731006160165,5.28125,21.875
PRV56522,2,6,0,44,1,1,0,3,0,3,566.6666666666666,1700,0.0,0.0,3,6.333333333333333,79.03992699064567,2.6666666666666665,33.33333333333333
PRV56523,2,44,0,44,1,1,1,21,0,21,317.6190476190476,6670,0.0,0.0,20,0.9523809523809523,69.40438707995176,4.380952380952381,23.809523809523807
PRV56524,1,14,0,44,2,1,0,3,0,3,40.0,120,0.0,0.0,3,5.666666666666667,80.88250057038557,5.333333333333333,0.0
PRV56525,1,123,0,44,1,1,0,66,0,66,285.3030303030303,18830,2.121212121212121,140.0,45,1.4242424242424243,68.79003588243836,3.878787878787879,10.606060606060606
PRV56526,1,56,0,44,2,1,0,32,0,32,281.875,9020,5.625,180.0,26,1.9375,71.93839835728953,4.78125,15.625
PRV56527,1,109,0,44,2,1,0,57,0,57,350.70175438596493,19990,1.5789473684210527,90.0,30,0.8245614035087719,70.57521284388247,4.771929824561403,17.543859649122805
PRV56528,2,49,0,44,2,1,0,21,0,21,114.28571428571429,2400,10.476190476190476,220.0,13,0.0,67.30315178775137,2.857142857142857,19.047619047619047
PRV56529,3,70,0,44,2,1,0,34,0,34,146.1764705882353,4970,3.235294117647059,110.0,30,0.35294117647058826,71.32044932962918,3.764705882352941,11.76470588235294
PRV56530,3,5,0,44,1,1,0,3,0,3,126.66666666666667,380,0.0,0.0,3,13.333333333333334,65.14077116130504,4.333333333333333,0.0
PRV56531,1,11,0,44,2,1,0,5,0,5,60.0,300,0.0,0.0,5,0.0,66.40273785078713,5.2,20.0
PRV56533,3,95,7,44,2,1,0,15,15,0,6200.0,93000,1068.0,14952.0,15,4.2,70.01998631074606,5.6,100.0
PRV56535,2,138,0,44,2,1,0,67,0,67,267.46268656716416,17920,4.776119402985074,320.0,50,0.8656716417910447,72.11874916996128,4.268656716417911,16.417910447761194
PRV56536,1,144,0,44,2,1,0,65,0,65,269.2307692307692,17500,1.3846153846153846,90.0,34,2.0615384615384613,74.5205496761965,3.276923076923077,26.153846153846157
PRV56537,2,206,0,44,2,1,0,104,0,104,218.3653846153846,22710,2.1153846153846154,220.0,74,1.3557692307692308,70.25451482124994,4.596153846153846,25.0
PRV56538,1,46,0,44,2,1,0,23,0,23,194.7826086956522,4480,1.3043478260869565,30.0,11,0.8260869565217391,69.83150313960063,4.3478260869565215,13.043478260869565
PRV56539,1,5,0,44,1,1,0,1,0,1,900.0,900,0.0,0.0,1,0.0,70.12183436002738,5.0,0.0
PRV56540,1,10,0,44,1,1,0,1,1,0,0.0,0,1068.0,1068.0,1,5.0,65.79329226557152,2.0,100.0
PRV56541,8,269,35,44,2,1,1,54,54,0,10814.814814814816,584000,1068.0,56604.0,53,6.0,72.33888508631834,5.685185185185185,100.0
PRV56543,2,29,0,44,2,1,0,4,4,0,5500.0,22000,1068.0,4272.0,4,3.0,82.05544147843942,4.75,100.0
PRV56544,2,112,8,44,1,1,0,20,18,2,4981.5,99630,949.3333333333334,17088.0,20,3.8,72.64585900068445,5.3,90.0
PRV56545,1,9,0,44,1,1,0,1,1,0,7000.0,7000,1068.0,1068.0,1,6.0,64.72826830937714,6.0,100.0
PRV56546,1,61,7,44,2,1,0,9,9,0,8888.888888888889,80000,1068.0,8544.0,9,5.555555555555555,79.03931857935964,5.888888888888889,100.0
PRV56547,5,44,4,44,2,1,0,7,7,0,8571.42857142857,60000,1068.0,7476.0,7,4.714285714285714,74.80121247677717,5.571428571428571,100.0
PRV56548,4,56,6,11,2,1,0,8,8,0,15500.0,124000,1068.0,8544.0,7,6.375,69.74469541409994,6.625,100.0
PRV56549,1,17,1,11,2,1,0,2,2,0,7000.0,14000,1068.0,2136.0,2,3.5,78.95003422313485,7.0,100.0
PRV56550,24,301,35,45,2,1,1,80,55,25,6936.125,554890,734.25,58740.0,65,4.2875,71.14548254620124,5.475,77.5
PRV56551,6,84,1,45,2,1,0,36,0,36,390.8333333333333,14070,2.7777777777777777,100.0,30,1.9166666666666667,66.79298805992852,4.666666666666667,30.555555555555557
PRV56552,14,62,0,45,1,1,0,24,0,24,307.9166666666667,7390,0.0,0.0,16,0.875,62.68674423910563,3.2083333333333335,8.333333333333332
PRV56553,17,148,0,45,2,1,0,65,0,65,224.92307692307693,14620,2.1538461538461537,140.0,38,2.246153846153846,74.24107829200231,4.615384615384615,27.692307692307693
PRV56554,37,104,0,45,2,1,0,48,0,48,287.7083333333333,13810,3.9583333333333335,190.0,46,0.5416666666666666,74.47250741501254,4.270833333333333,20.833333333333336
PRV56555,25,265,29,45,2,1,0,69,59,10,7171.014492753623,494800,910.9411764705883,61944.0,67,6.144927536231884,73.81150492515549,5.3478260869565215,86.95652173913044
PRV56556,13,1147,40,45,2,1,0,880,74,806,968.7840909090909,852530,93.07045454545455,81902.0,384,1.6875,73.80833488893037,4.771590909090909,28.863636363636363
PRV56557,52,125,0,19,2,1,0,65,0,65,349.0769230769231,22690,1.3846153846153846,90.0,57,2.923076923076923,70.75709998420471,4.446153846153846,23.076923076923077
PRV56559,23,1284,0,45,2,1,0,1113,0,1113,310.26954177897574,345330,3.1176999101527403,3470.0,807,1.4788858939802336,72.53726816362902,4.531895777178796,22.10242587601078
PRV56560,38,2163,115,45,2,1,1,2313,248,2065,1388.672719412019,3212000,115.44588744588745,266680.0,919,1.9917855598789451,72.59475872615958,4.58019887591872,29.831387808041505
PRV56562,29,102,2,45,2,1,0,37,2,35,1314.8648648648648,48650,59.62162162162162,2206.0,23,1.5675675675675675,77.17268808849917,5.162162162162162,24.324324324324326
PRV56563,23,97,10,45,2,1,0,30,8,22,3229.6666666666665,96890,284.8,8544.0,27,1.0,76.79616700889801,4.766666666666667,43.333333333333336
PRV56566,7,307,1,45,1,1,1,176,1,175,386.9886363636364,68110,9.363636363636363,1648.0,63,0.9829545454545454,67.38826146475017,4.744318181818182,18.75
PRV56568,12,256,0,45,2,1,0,131,0,131,474.6564885496183,62180,6.412213740458015,840.0,55,2.450381679389313,75.37424434795784,4.961832061068702,17.557251908396946
PRV56570,32,108,6,45,2,1,0,30,13,17,5031.333333333333,150940,462.8,13884.0,27,2.1,77.52087611225188,5.8,56.666666666666664
PRV56571,10,49,1,45,2,1,0,11,3,8,2865.4545454545455,31520,300.3636363636364,3304.0,8,3.8181818181818183,81.51353369423185,5.818181818181818,45.45454545454545
PRV56572,16,41,0,45,2,1,0,20,0,20,194.5,3890,0.0,0.0,19,0.0,69.83778234086243,3.85,10.0
PRV56574,53,169,9,32,2,1,0,62,12,50,1954.516129032258,121180,193.9016393442623,11828.0,50,2.2096774193548385,70.29144863217859,3.7580645161290325,38.70967741935484
PRV56575,18,1130,59,45,2,1,1,830,113,717,1391.0,1154530,146.14492753623188,121008.0,510,1.9180722891566264,73.84892011578141,4.51566265060241,30.240963855421686
PRV56576,3,402,0,45,2,1,0,234,1,233,286.96581196581195,67150,6.401709401709402,1498.0,107,1.4444444444444444,72.74303398328038,4.6752136752136755,21.794871794871796
PRV56577,152,492,2,45,2,1,0,293,8,285,383.7201365187713,112430,27.554794520547944,8046.0,247,1.3890784982935154,71.83943860042562,4.552901023890785,22.525597269624573
PRV56578,54,203,8,45,1,1,0,81,7,74,1712.716049382716,138730,94.39506172839506,7646.0,73,1.8888888888888888,73.01662145832805,4.6419753086419755,24.691358024691358
PRV56579,10,94,0,45,2,1,0,39,0,39,175.64102564102564,6850,1.794871794871795,70.0,17,0.2564102564102564,70.52303480229558,4.410256410256411,12.82051282051282
PRV56580,116,317,0,45,2,1,0,185,0,185,339.94594594594594,62890,3.189189189189189,590.0,163,1.372972972972973,73.10660968977191,4.513513513513513,22.162162162162165
PRV56581,1,18,0,45,2,1,0,7,0,7,301.42857142857144,2110,0.0,0.0,7,0.0,74.76366480883935,6.0,28.57142857142857
PRV56582,1,1,0,45,2,1,0,1,0,1,30.0,30,0.0,0.0,1,0.0,73.77960301163587,1.0,0.0
PRV56583,33,95,9,45,2,1,0,24,13,11,4544.583333333333,109070,578.5,13884.0,24,3.0416666666666665,72.28644763860369,4.958333333333333,62.5
PRV56584,13,136,3,45,2,1,0,55,4,51,666.5454545454545,36660,79.12727272727273,4352.0,37,0.38181818181818183,73.60139381494618,4.054545454545455,20.0
PRV56585,11,36,3,45,2,1,0,7,4,3,3584.285714285714,25090,610.2857142857143,4272.0,7,3.142857142857143,74.36002737850787,5.428571428571429,57.14285714285714
PRV56586,4,8,0,45,1,1,0,4,0,4,92.5,370,50.0,200.0,4,1.0,71.8104038329911,4.5,0.0
PRV56587,121,716,11,45,2,1,1,473,18,455,799.0909090909091,377970,40.58474576271186,19156.0,338,2.010570824524313,73.42642604836388,4.357293868921776,25.36997885835095
PRV56588,142,604,49,45,2,1,1,269,100,169,3831.2267657992566,1030600,395.86567164179104,106092.0,251,3.862453531598513,73.43904083621494,4.635687732342007,51.301115241635685
PRV56589,20,75,6,45,2,1,0,24,4,20,1777.0833333333333,42650,183.0,4392.0,24,2.625,70.26283367556468,4.791666666666667,37.5
PRV56590,30,82,0,45,2,1,0,33,0,33,315.45454545454544,10410,0.0,0.0,31,0.6060606060606061,75.84543587829009,4.363636363636363,15.151515151515152
PRV56591,46,317,14,45,2,1,1,143,16,127,947.2727272727273,135460,121.5944055944056,17388.0,87,1.979020979020979,74.57827046328073,4.86013986013986,32.86713286713287
PRV56592,64,384,48,45,2,1,1,118,63,55,6205.423728813559,732240,553.7017543859649,63122.0,99,3.016949152542373,73.59990255107368,5.008474576271187,64.40677966101694
PRV56593,17,103,0,45,2,1,0,46,0,46,293.2608695652174,13490,1.3043478260869565,60.0,46,1.565217391304348,71.20679701217153,4.891304347826087,21.73913043478261
PRV56594,44,136,0,45,2,1,0,70,0,70,424.7142857142857,29730,4.0,280.0,64,2.2,74.82819986310746,4.414285714285715,11.428571428571429
PRV56595,54,103,0,45,2,1,0,56,0,56,281.42857142857144,15760,1.4285714285714286,80.0,46,0.19642857142857142,74.1431504840129,4.964285714285714,17.857142857142858
PRV56596,24,38,0,45,2,1,0,18,0,18,230.0,4140,2.7777777777777777,50.0,18,1.5,69.09346718381626,4.722222222222222,11.11111111111111
PRV56597,1,335,0,45,2,1,0,191,0,191,272.87958115183244,52120,2.8272251308900525,540.0,110,1.4659685863874345,74.61725634382245,4.994764397905759,17.277486910994764
PRV56598,46,432,0,45,2,1,0,280,0,280,311.0,87080,2.75,770.0,194,1.3178571428571428,74.18006257944656,4.642857142857143,20.0
PRV56601,13,88,0,45,2,1,0,33,1,32,348.7878787878788,11510,35.39393939393939,1168.0,31,3.303030303030303,67.09468400638832,4.212121212121212,21.21212121212121
PRV56602,23,259,1,45,1,1,0,145,0,145,384.8965517241379,55810,3.0344827586206895,440.0,49,1.9586206896551723,73.99976397838043,4.882758620689655,17.24137931034483
PRV56603,7,17,2,45,2,1,0,4,1,3,1530.0,6120,267.0,1068.0,4,1.0,59.521560574948666,5.5,50.0
PRV56604,23,62,0,45,2,1,0,29,0,29,337.2413793103448,9780,0.0,0.0,27,0.4827586206896552,75.4830182444712,4.0344827586206895,27.586206896551722
PRV56605,5,208,2,45,2,1,1,108,4,104,474.44444444444446,51240,41.22222222222222,4452.0,33,0.9722222222222222,73.66595685349964,4.212962962962963,25.0
PRV56606,20,161,3,45,2,1,0,64,9,55,1477.34375,94550,151.75,9712.0,26,1.875,69.00838466803559,4.828125,40.625
PRV56607,9,149,1,45,2,1,0,72,4,68,678.0555555555555,48820,64.19444444444444,4622.0,46,1.7777777777777777,72.49965776865162,4.888888888888889,29.166666666666668
PRV56608,52,1073,0,45,2,1,1,856,0,856,274.8247663551402,235250,2.067757009345794,1770.0,421,1.5408878504672898,73.57309038106021,4.531542056074766,19.042056074766357
PRV56610,24,100,6,45,2,1,0,30,12,18,2553.0,76590,427.2,12816.0,28,3.0,66.0374172940908,4.433333333333334,50.0
PRV56611,20,256,0,45,2,1,0,123,0,123,219.26829268292684,26970,6.341463414634147,780.0,59,0.926829268292683,71.39310974218571,3.6910569105691056,19.51219512195122
PRV56613,12,495,1,45,2,1,0,304,0,304,267.73026315789474,81390,2.039473684210526,620.0,128,1.4210526315789473,74.41276703051263,4.690789473684211,24.342105263157894
PRV56614,19,110,11,45,2,1,0,26,15,11,4850.0,126100,578.5,13884.0,25,4.461538461538462,71.95598378349918,5.538461538461538,61.53846153846154
PRV56615,37,262,1,45,2,1,0,129,3,126,501.16279069767444,64650,27.705426356589147,3574.0,98,1.062015503875969,75.3714616196828,4.612403100775194,29.457364341085274
PRV56616,5,317,0,45,2,1,1,176,0,176,216.76136363636363,38150,1.7045454545454546,300.0,138,1.1818181818181819,74.16207765540413,4.579545454545454,21.59090909090909
PRV56618,10,239,0,45,2,1,0,135,0,135,238.59259259259258,32210,4.7407407407407405,640.0,98,0.9111111111111111,74.22447334398053,4.348148148148148,25.925925925925924
PRV56621,79,172,0,45,2,1,0,91,0,91,350.989010989011,31940,4.5054945054945055,410.0,81,1.978021978021978,73.92254289174207,4.857142857142857,15.384615384615385
PRV56622,20,63,0,45,1,1,0,26,0,26,343.46153846153845,8930,0.0,0.0,21,2.3461538461538463,70.96582951613753,4.1923076923076925,23.076923076923077
PRV56624,24,94,11,45,2,1,1,22,7,15,8520.90909090909,187460,343.90909090909093,7566.0,21,3.590909090909091,71.99564432829321,4.909090909090909,54.54545454545454
PRV56625,28,79,0,45,2,1,0,36,0,36,278.3333333333333,10020,0.0,0.0,32,1.1666666666666667,72.98646284888585,3.6944444444444446,13.88888888888889
PRV56626,26,195,2,45,2,1,0,94,4,90,698.6170212765958,65670,47.46808510638298,4462.0,67,1.7234042553191489,74.30192086446182,4.872340425531915,20.212765957446805
PRV56628,53,234,5,45,2,1,0,101,9,92,1093.2673267326732,110420,96.55445544554455,9752.0,85,1.5643564356435644,73.51817892261505,4.623762376237623,23.762376237623762
PRV56630,48,388,34,45,2,1,1,159,63,96,3756.1635220125786,597230,424.49056603773585,67494.0,116,2.6163522012578615,71.50617092626314,4.9245283018867925,52.20125786163522
PRV56632,4,187,6,45,2,1,0,73,7,66,889.3150684931506,64920,102.41095890410959,7476.0,22,1.0684931506849316,67.72193937348223,5.2465753424657535,34.24657534246575
PRV56633,4,18,0,45,2,2,0,5,0,5,120.0,600,0.0,0.0,3,0.2,52.45338809034907,4.6,20.0
PRV56634,4,356,0,45,1,1,0,206,0,206,271.0194174757282,55830,1.941747572815534,400.0,123,1.0776699029126213,73.28397227593815,4.747572815533981,18.932038834951456
PRV56635,10,27,0,45,1,1,0,10,0,10,227.0,2270,0.0,0.0,10,2.0,73.76700889801506,5.5,20.0
PRV56637,80,285,0,45,2,1,0,161,0,161,250.0,40250,2.670807453416149,430.0,137,1.8322981366459627,73.17433392426697,4.527950310559007,20.496894409937887
PRV56638,29,59,0,45,2,1,0,26,0,26,278.0769230769231,7230,3.076923076923077,80.0,24,0.7307692307692307,76.76417627546991,5.115384615384615,19.230769230769234
PRV56639,3,186,0,45,2,1,0,96,0,96,483.3333333333333,46400,1.3541666666666667,130.0,39,2.2916666666666665,71.4329511749943,4.645833333333333,19.791666666666664
PRV56640,19,45,0,45,2,1,0,23,0,23,318.2608695652174,7320,4.3478260869565215,100.0,23,1.0434782608695652,72.07392197125256,4.6521739130434785,21.73913043478261
PRV56641,1,2,0,45,2,1,0,1,0,1,100.0,100,0.0,0.0,1,0.0,46.573579739904176,5.0,0.0
PRV56642,1,254,0,45,2,1,0,141,0,141,322.1985815602837,45430,4.184397163120567,590.0,103,1.24822695035461,74.37515351867224,4.50354609929078,21.98581560283688
PRV56643,22,99,9,45,2,1,0,24,8,16,3028.75,72690,356.0,8544.0,22,2.8333333333333335,78.0190508783938,4.5,41.66666666666667
PRV56645,52,135,0,45,2,1,0,64,0,64,355.0,22720,2.5,160.0,52,1.78125,74.82503422313484,4.5625,17.1875
PRV56647,83,507,63,45,2,1,1,183,121,62,7043.224043715847,1288910,700.4666666666667,126084.0,157,4.344262295081967,74.30714047942311,5.300546448087432,74.31693989071039
PRV56648,32,100,0,45,1,1,0,49,0,49,304.8979591836735,14940,2.857142857142857,140.0,48,1.7142857142857142,73.26829540851249,4.020408163265306,10.204081632653061
PRV56649,12,446,5,45,2,1,1,266,7,259,723.1203007518797,192350,27.841509433962266,7378.0,123,1.906015037593985,70.21721655267532,4.402255639097745,20.676691729323306
PRV56651,18,135,0,45,2,1,0,71,0,71,262.3943661971831,18630,0.5633802816901409,40.0,38,0.16901408450704225,75.0763416914905,4.492957746478873,33.80281690140845
PRV56653,4,141,0,45,2,1,0,72,0,72,292.5,21060,1.3888888888888888,100.0,39,1.4583333333333333,70.02540117119173,4.888888888888889,27.77777777777778
PRV56654,1,114,0,45,2,1,0,49,0,49,359.59183673469386,17620,2.857142857142857,140.0,34,0.6326530612244898,74.15223009121513,4.3061224489795915,22.448979591836736
PRV56655,34,418,2,45,2,1,0,251,0,251,276.41434262948206,69380,4.0239043824701195,1010.0,104,1.6414342629482073,72.57209082901795,4.6892430278884465,23.904382470119522
PRV56656,1,104,0,45,2,1,0,42,0,42,334.76190476190476,14060,6.190476190476191,260.0,29,2.0476190476190474,77.17486392229719,4.0476190476190474,14.285714285714285
PRV56657,17,46,0,45,2,1,0,20,0,20,260.0,5200,0.0,0.0,18,1.85,73.62724161533197,5.3,20.0
PRV56658,44,159,2,45,2,1,0,70,1,69,502.2857142857143,35160,20.4,1428.0,69,1.0285714285714285,73.72480688373912,4.542857142857143,20.0
PRV56659,5,235,1,45,2,1,0,141,2,139,245.03546099290782,34550,16.638297872340427,2346.0,66,1.7163120567375887,71.10083931631401,4.056737588652482,20.56737588652482
PRV56660,3,6,0,45,1,1,0,4,0,4,45.0,180,0.0,0.0,4,0.0,82.09514031485284,4.5,0.0
PRV56662,3,27,1,45,2,1,0,9,3,6,1698.888888888889,15290,356.0,3204.0,7,2.4444444444444446,75.85550231956803,5.0,33.33333333333333
PRV56663,44,489,8,45,2,1,0,251,13,238,636.01593625498,159640,53.344,13336.0,133,1.5418326693227091,74.56138485074077,4.179282868525896,26.294820717131472
PRV56664,3,38,1,45,1,1,0,15,1,14,3973.3333333333335,59600,71.2,1068.0,11,2.066666666666667,70.62140086698608,4.866666666666666,53.333333333333336
PRV56667,14,64,0,45,1,1,0,32,0,32,196.875,6300,2.8125,90.0,28,0.4375,70.69575633127994,4.25,25.0
PRV56668,26,274,34,45,2,1,1,73,52,21,8540.684931506848,623470,761.7260273972603,55606.0,65,4.561643835616438,73.88514153375901,5.616438356164384,78.08219178082192
PRV56669,12,187,15,45,2,1,1,40,29,11,7090.25,283610,769.3333333333334,30004.0,32,5.4,71.07357973990418,4.825,75.0
PRV56671,26,112,2,45,2,1,0,43,3,40,821.8604651162791,35340,78.0,3354.0,30,1.5116279069767442,68.92768572019803,4.72093023255814,27.906976744186046
PRV56672,23,266,0,45,2,1,0,161,0,161,254.53416149068323,40980,1.3664596273291925,220.0,70,1.7577639751552796,71.91203166383954,4.093167701863354,19.25465838509317
PRV56673,4,25,2,45,1,1,0,4,2,2,10660.0,42640,534.0,2136.0,4,1.5,79.64202600958248,5.25,50.0
PRV56674,11,97,0,45,1,1,0,46,0,46,344.7826086956522,15860,2.1739130434782608,100.0,21,1.891304347826087,75.19161979585157,4.5,19.565217391304348
PRV56675,16,516,0,45,2,1,0,323,0,323,305.54179566563465,98690,2.291021671826625,740.0,172,1.6904024767801857,75.52704687192072,4.585139318885449,26.93498452012384
PRV56677,1,2,0,45,2,1,0,1,0,1,20.0,20,0.0,0.0,1,14.0,68.70636550308008,2.0,0.0
PRV56679,9,68,0,45,2,1,0,25,0,25,166.8,4170,4.0,100.0,19,0.68,73.80183436002739,3.64,20.0
PRV56680,22,102,6,45,2,1,0,33,8,25,1951.5151515151515,64400,264.06060606060606,8714.0,32,2.0303030303030303,75.26609005869786,4.212121212121212,45.45454545454545
PRV56681,4,12,0,45,2,1,0,5,0,5,158.0,790,0.0,0.0,5,0.0,75.35331964407939,4.6,0.0
PRV56682,11,66,4,45,1,1,0,19,3,16,863.6842105263158,16410,168.6315789473684,3204.0,19,1.6842105263157894,69.31287150113477,4.578947368421052,31.57894736842105
PRV56683,13,314,0,45,2,1,0,167,0,167,328.622754491018,54880,2.035928143712575,340.0,143,1.215568862275449,73.97010496460877,4.275449101796407,13.17365269461078
PRV56684,82,220,7,45,2,1,0,92,16,76,1870.3260869565217,172070,186.06521739130434,17118.0,88,1.7173913043478262,73.00267833229177,4.836956521739131,31.521739130434785
PRV56685,29,659,19,45,2,1,1,405,35,370,1074.79012345679,435290,85.7363184079602,34466.0,121,1.874074074074074,72.23178441960098,4.930864197530864,27.160493827160494
PRV56686,10,109,10,45,1,1,0,20,15,5,7150.0,143000,806.0,16120.0,18,4.1,73.11129363449692,5.65,85.0
PRV56687,6,14,0,45,2,1,0,9,0,9,457.77777777777777,4120,12.222222222222221,110.0,7,0.0,73.00661647273557,3.3333333333333335,44.44444444444444
PRV56688,16,90,0,45,1,1,0,37,0,37,212.43243243243242,7860,3.7837837837837838,140.0,19,2.081081081081081,73.13073237508556,3.7567567567567566,29.72972972972973
PRV56689,16,1660,0,45,2,1,1,1794,0,1794,281.7892976588629,505530,3.0379041248606464,5450.0,796,1.4319955406911928,74.09838712508116,4.513935340022297,22.686733556298773
PRV56691,5,18,0,45,1,1,0,4,0,4,85.0,340,0.0,0.0,4,1.25,83.86652977412732,3.25,0.0
PRV56693,23,569,0,45,2,1,0,373,0,373,244.58445040214477,91230,3.6193029490616624,1350.0,302,1.0402144772117963,72.93360711841206,4.549597855227882,18.230563002680967
PRV56694,9,19,0,45,2,1,0,8,0,8,493.75,3950,8.75,70.0,8,7.0,78.7258726899384,5.625,12.5
PRV56696,33,119,4,45,2,1,0,34,7,27,2035.8823529411766,69220,221.94117647058823,7546.0,33,1.2058823529411764,74.57068083907075,4.411764705882353,35.294117647058826
PRV56697,11,158,0,45,2,1,0,78,0,78,276.53846153846155,21570,2.5641025641025643,200.0,36,0.8205128205128205,73.28514013934958,4.6923076923076925,19.230769230769234
PRV56699,4,12,0,45,2,1,0,3,0,3,183.33333333333334,550,0.0,0.0,3,0.0,76.97923796486425,3.3333333333333335,33.33333333333333
PRV56700,5,8,0,45,1,1,0,5,0,5,128.0,640,0.0,0.0,5,0.0,76.50814510609172,3.4,20.0
PRV56701,19,74,3,45,2,1,0,23,4,19,1594.7826086956522,36680,185.7391304347826,4272.0,22,1.3043478260869565,72.58685236437223,4.217391304347826,34.78260869565217
PRV56702,49,401,0,45,2,1,0,224,0,224,211.38392857142858,47350,1.6964285714285714,380.0,82,1.4285714285714286,72.33252664515499,5.125,21.428571428571427
PRV56703,31,171,11,45,2,1,0,48,21,27,3876.4583333333335,186070,468.2916666666667,22478.0,46,3.5416666666666665,76.90639972621493,4.270833333333333,60.416666666666664
PRV56705,19,53,4,45,1,1,0,16,4,12,3820.0,61120,267.0,4272.0,16,1.9375,72.90639972621491,4.0625,43.75
PRV56706,21,614,16,45,2,1,1,347,31,316,998.1556195965418,346360,93.9306358381503,32500.0,144,2.1412103746397695,72.05868626557547,4.8645533141210375,29.971181556195965
PRV56707,2,33,0,45,2,1,0,18,0,18,158.88888888888889,2860,8.88888888888889,160.0,6,0.0,73.66491748421933,2.611111111111111,27.77777777777778
PRV56708,4,20,0,45,1,1,0,7,0,7,504.2857142857143,3530,0.0,0.0,5,0.42857142857142855,63.325315341742446,2.4285714285714284,14.285714285714285
PRV56710,26,172,6,45,2,1,0,67,10,57,965.5223880597015,64690,160.59701492537314,10760.0,53,0.835820895522388,71.02352712821927,4.597014925373134,41.7910447761194
PRV56711,19,157,9,45,1,1,1,63,8,55,1713.4920634920634,107950,139.26984126984127,8774.0,39,2.507936507936508,70.79956107471507,4.825396825396825,23.809523809523807
PRV56712,3,16,2,45,2,2,0,4,2,2,1327.5,5310,534.0,2136.0,2,2.75,87.42026009582477,7.0,100.0
PRV56713,50,430,36,45,2,1,0,173,55,118,2889.7109826589594,499920,333.2397660818713,56984.0,141,2.1502890173410405,73.94178506288749,4.797687861271676,47.97687861271676
PRV56715,9,39,1,45,2,1,0,13,3,10,1436.1538461538462,18670,183.83333333333334,2206.0,13,2.5384615384615383,71.81108829568788,5.769230769230769,53.84615384615385
PRV56716,13,241,0,45,2,1,0,124,0,124,381.93548387096774,47360,4.838709677419355,600.0,65,1.75,75.93846459561503,4.669354838709677,22.58064516129032
PRV56717,11,22,1,45,1,1,0,8,1,7,1425.0,11400,133.5,1068.0,7,1.25,72.0930869267625,6.125,25.0
PRV56718,11,277,0,45,2,1,0,142,0,142,229.71830985915494,32620,4.154929577464789,590.0,77,1.119718309859155,72.08115221100732,4.901408450704225,23.239436619718308
PRV56719,70,188,11,54,2,1,1,67,10,57,1844.7761194029852,123600,161.34328358208955,10810.0,57,2.8507462686567164,72.67800627253875,4.358208955223881,29.850746268656714
PRV56720,9,31,2,45,2,1,0,12,2,10,1562.5,18750,182.16666666666666,2186.0,12,2.25,66.39402235911477,4.75,33.33333333333333
PRV56721,8,361,0,45,2,1,0,202,0,202,297.6237623762376,60120,4.0594059405940595,820.0,182,1.0445544554455446,72.05696627157582,4.391089108910891,23.26732673267327
PRV56722,21,67,2,45,2,1,0,25,2,23,990.8,24770,56.166666666666664,1348.0,25,3.04,69.91156741957563,4.6,28.000000000000004
PRV56723,4,31,0,45,2,1,0,18,0,18,157.22222222222223,2830,4.444444444444445,80.0,11,0.5,72.44277131340786,2.888888888888889,22.22222222222222
PRV56724,28,100,8,45,2,1,0,26,6,20,3302.3076923076924,85860,249.15384615384616,6478.0,26,1.9230769230769231,73.02785236666139,4.769230769230769,38.46153846153847
PRV56725,14,487,0,45,2,1,0,291,0,291,341.27147766323026,99310,3.2302405498281788,940.0,132,1.0756013745704467,71.67307615411936,4.353951890034364,21.305841924398624
PRV56726,17,45,2,45,1,1,0,16,3,13,4527.5,72440,200.25,3204.0,16,1.5,70.14818617385353,4.125,18.75
PRV56728,11,88,0,45,2,1,0,42,0,42,253.33333333333334,10640,1.1904761904761905,50.0,17,1.0952380952380953,67.43046184935302,4.0,16.666666666666664
PRV56729,51,369,0,45,2,1,0,219,0,219,320.0,70080,3.835616438356164,840.0,179,1.6757990867579908,72.17597254648251,4.497716894977169,20.54794520547945
PRV56730,45,200,23,45,2,1,1,54,23,31,5628.7037037037035,303950,454.8888888888889,24564.0,51,3.685185185185185,70.44150378989531,5.092592592592593,53.70370370370371
PRV56731,20,69,4,45,1,1,1,20,4,16,5485.0,109700,217.6,4352.0,20,3.65,72.11115674195756,4.15,25.0
PRV56732,28,111,6,45,2,1,1,28,13,15,6175.714285714285,172920,498.35714285714283,13954.0,26,3.25,74.27779407450865,5.321428571428571,53.57142857142857
PRV56733,12,373,5,45,2,1,0,198,12,186,622.7272727272727,123300,67.05050505050505,13276.0,89,0.8232323232323232,72.99833378272804,4.782828282828283,29.797979797979796
PRV56734,28,80,6,45,2,1,0,22,10,12,4986.363636363636,109700,489.54545454545456,10770.0,22,4.045454545454546,69.1603509426918,4.2272727272727275,50.0
PRV56735,3,640,0,45,2,1,0,412,0,412,324.34466019417476,133630,4.70873786407767,1940.0,285,1.6140776699029127,72.72235402005542,4.483009708737864,20.87378640776699
PRV56738,13,759,14,45,2,1,0,512,19,493,524.765625,268680,42.2109375,21612.0,300,1.5390625,73.32217338295688,4.935546875,23.6328125
PRV56739,4,19,2,45,2,1,0,5,1,4,2230.0,11150,213.6,1068.0,5,0.6,81.35523613963039,3.6,40.0
PRV56740,27,100,0,45,1,1,0,45,0,45,193.77777777777777,8720,1.7777777777777777,80.0,38,0.8,69.98050041828276,3.977777777777778,13.333333333333334
PRV56741,23,52,0,45,2,1,0,25,0,25,224.8,5620,3.6,90.0,25,0.04,73.65399041752225,4.32,24.0
PRV56742,5,111,8,45,2,1,0,35,9,26,3450.0,120750,274.62857142857143,9612.0,32,3.8857142857142857,74.28195951892052,4.942857142857143,51.42857142857142
PRV56743,26,588,0,45,2,1,0,393,0,393,323.0534351145038,126960,2.6717557251908395,1050.0,328,1.1450381679389312,72.41753966139125,4.488549618320611,21.374045801526716
PRV56745,5,261,0,45,2,1,0,132,0,132,208.03030303030303,27460,4.015151515151516,530.0,53,1.1363636363636365,76.60075083483707,5.5,18.181818181818183
PRV56746,53,141,11,45,2,1,0,43,15,28,3977.4418604651164,171030,373.95348837209303,16080.0,42,2.6511627906976742,73.54274708307467,4.883720930232558,51.162790697674424
PRV56747,14,37,1,45,2,1,0,16,1,15,1158.125,18530,66.75,1068.0,16,3.0625,76.7096167008898,5.125,25.0
PRV56748,16,792,50,45,2,1,1,463,117,346,3057.840172786177,1415780,268.351409978308,123710.0,361,2.386609071274298,73.05186098459147,4.8725701943844495,41.252699784017274
PRV56749,38,105,11,45,2,1,0,28,11,17,3936.0714285714284,110210,395.55555555555554,10680.0,26,3.1785714285714284,72.89165933313777,4.214285714285714,53.57142857142857
PRV56750,16,31,2,45,1,1,0,11,1,10,2395.4545454545455,26350,97.0909090909091,1068.0,11,3.3636363636363638,75.84269802750295,4.636363636363637,18.181818181818183
PRV56751,10,178,3,45,2,1,0,84,5,79,1028.6904761904761,86410,67.85714285714286,5700.0,51,0.9880952380952381,70.33965646491313,3.6904761904761907,17.857142857142858
PRV56752,18,65,2,45,2,1,0,25,1,24,644.8,16120,47.52,1188.0,24,1.0,76.04862422997947,3.36,40.0
PRV56753,20,83,6,45,2,1,0,24,9,15,4170.0,100080,400.5,9612.0,21,3.0,76.66370066164727,5.416666666666667,66.66666666666666
PRV56754,35,238,2,45,1,1,0,109,9,100,679.3577981651376,74050,89.65137614678899,9772.0,70,1.6697247706422018,75.05330645718341,4.73394495412844,24.770642201834864
PRV56755,15,55,3,45,2,1,0,18,3,15,3008.8888888888887,54160,181.88888888888889,3274.0,17,1.8888888888888888,75.85565442238953,4.0,33.33333333333333
PRV56758,11,741,0,45,2,1,0,531,0,531,310.52730696798494,164890,3.3333333333333335,1770.0,347,1.6497175141242937,73.78860028023011,4.323917137476459,19.58568738229755
PRV56759,11,44,2,45,2,1,0,11,2,9,2569.090909090909,28260,197.8181818181818,2176.0,11,4.636363636363637,72.4273536183187,5.454545454545454,54.54545454545454
PRV56760,9,893,0,45,2,1,0,643,0,643,292.84603421461895,188300,2.5038880248833593,1610.0,403,1.5489891135303266,74.06097146865682,4.615863141524105,21.15085536547434
PRV56761,23,372,41,45,2,1,0,117,92,25,7112.991452991453,832220,832.9557522123894,94124.0,107,4.478632478632479,75.55396432603825,5.487179487179487,82.90598290598291
PRV56762,16,86,0,45,2,1,0,39,1,38,274.61538461538464,10710,29.94871794871795,1168.0,35,0.4358974358974359,77.36780217273031,4.435897435897436,15.384615384615385
PRV56763,31,114,13,45,2,1,0,26,13,13,4480.384615384615,116490,489.5,11748.0,25,4.846153846153846,74.27873427052072,5.0,50.0
PRV56764,48,366,3,45,2,1,0,201,5,196,476.0199004975124,95680,29.402985074626866,5910.0,139,1.8606965174129353,73.45040710206666,4.532338308457711,19.402985074626866
PRV56765,20,53,0,45,2,1,0,22,0,22,271.3636363636364,5970,0.0,0.0,21,1.5454545454545454,73.59367805363698,4.090909090909091,13.636363636363635
PRV56766,28,66,1,45,2,1,0,29,2,27,854.4827586206897,24780,74.34482758620689,2156.0,27,1.8275862068965518,70.68120559843281,3.9655172413793105,20.689655172413794
PRV56767,20,71,3,45,2,1,0,18,6,12,2865.0,51570,359.8888888888889,6478.0,18,2.888888888888889,72.57783861890637,4.555555555555555,44.44444444444444
PRV56768,2,32,2,45,2,1,0,4,4,0,4250.0,17000,1068.0,4272.0,4,2.5,75.54072553045859,5.0,100.0
PRV56769,30,87,3,45,1,1,0,23,4,19,1526.9565217391305,35120,185.7391304347826,4272.0,21,1.4782608695652173,74.4545427491593,4.3478260869565215,30.434782608695656
PRV56771,2,5,0,19,1,1,0,2,0,2,230.0,460,15.0,30.0,2,0.0,72.03285420944559,5.5,0.0
PRV56772,41,180,5,45,2,1,0,70,5,65,685.1428571428571,47960,78.14285714285714,5470.0,54,1.6285714285714286,74.04533098660409,4.914285714285715,38.57142857142858
PRV56773,14,118,1,45,1,1,0,43,7,36,1505.3488372093022,64730,178.97674418604652,7696.0,33,1.5813953488372092,70.33163013545995,4.558139534883721,27.906976744186046
PRV56774,1,9,0,45,2,5,0,1,1,0,4000.0,4000,1068.0,1068.0,1,4.0,67.33196440793976,9.0,100.0
PRV56775,20,61,1,5,2,1,0,18,3,15,1908.3333333333333,34350,178.0,3204.0,18,2.888888888888889,70.09445585215606,4.611111111111111,33.33333333333333
PRV56777,50,150,8,45,2,1,0,44,13,31,2571.590909090909,113150,319.40909090909093,14054.0,44,2.6136363636363638,75.61047850164893,4.659090909090909,38.63636363636363
PRV56778,37,138,8,45,2,1,0,38,15,23,3215.2631578947367,122180,422.10526315789474,16040.0,38,3.1315789473684212,74.33315321157103,4.552631578947368,52.63157894736842
PRV56780,3,19,0,45,2,1,0,7,0,7,125.71428571428571,880,0.0,0.0,7,0.0,72.74000195560771,5.0,42.857142857142854
PRV56782,19,458,0,45,2,1,0,288,0,288,312.53472222222223,90010,1.7708333333333333,510.0,109,1.7534722222222223,73.83506350292798,4.819444444444445,19.444444444444446
PRV56783,1,162,0,45,2,1,0,85,0,85,299.1764705882353,25430,0.0,0.0,69,1.411764705882353,71.29176631638282,4.447058823529412,21.176470588235293
PRV56784,13,52,0,45,1,1,0,19,0,19,364.2105263157895,6920,20.526315789473685,390.0,18,0.05263157894736842,70.32832594834109,4.105263157894737,21.052631578947366
PRV56788,7,300,0,45,2,1,0,177,0,177,282.8813559322034,50070,0.96045197740113,170.0,116,1.271186440677966,74.07994678979261,4.451977401129944,18.07909604519774
PRV56789,9,157,3,45,2,1,0,67,7,60,947.9104477611941,63510,114.11940298507463,7646.0,49,1.1343283582089552,75.00640534493854,4.388059701492537,31.343283582089555
PRV56790,16,193,0,45,2,1,0,91,0,91,384.5054945054945,34990,0.43956043956043955,40.0,64,1.2527472527472527,72.63253379064469,4.329670329670329,20.87912087912088
PRV56791,7,401,1,45,2,1,0,233,0,233,287.6824034334764,67030,2.532188841201717,590.0,162,1.3562231759656653,73.08529345236522,4.351931330472103,18.4549356223176
PRV56792,4,19,0,45,1,1,0,8,0,8,307.5,2460,0.0,0.0,8,0.875,72.2060232717317,5.375,37.5
PRV56793,17,82,2,45,2,1,0,31,3,28,1817.0967741935483,56330,103.35483870967742,3204.0,29,2.3548387096774195,71.54648826477667,4.935483870967742,32.25806451612903
PRV56796,54,192,2,6,2,1,0,92,3,89,777.0652173913044,71490,27.0989010989011,2466.0,87,0.7717391304347826,72.32684581733774,4.804347826086956,26.08695652173913
PRV56797,4,6,0,45,2,1,0,5,0,5,252.0,1260,0.0,0.0,5,0.0,76.21902806297058,4.4,20.0
PRV56798,17,69,0,45,1,1,0,24,0,24,420.8333333333333,10100,1.6666666666666667,40.0,22,2.375,76.67738991558294,5.0,16.666666666666664
PRV56800,18,159,6,45,2,1,0,57,7,50,1768.9473684210527,100830,132.73684210526315,7566.0,48,2.2280701754385963,73.42896598100316,4.7894736842105265,35.08771929824561
PRV56801,12,54,0,45,2,1,0,25,0,25,328.4,8210,1.6,40.0,24,2.76,74.33768651608487,4.2,28.000000000000004
PRV56802,1,92,7,45,2,1,0,13,13,0,14230.76923076923,185000,1068.0,13884.0,11,4.384615384615385,79.86689833096405,5.153846153846154,100.0
PRV56803,152,1015,7,45,2,1,0,795,8,787,401.7861635220126,319420,11.30478589420655,8976.0,416,1.6666666666666667,74.24258563317105,4.477987421383648,17.9874213836478
PRV56805,1,1,0,45,2,1,0,1,0,1,70.0,70,0.0,0.0,1,0.0,73.8672142368241,2.0,0.0
PRV56807,2,185,0,45,2,1,0,91,0,91,249.8901098901099,22740,4.285714285714286,390.0,85,1.2637362637362637,72.69974652315514,4.3076923076923075,25.274725274725274
PRV56808,16,242,26,45,1,1,1,62,47,15,6993.709677419355,433610,809.6129032258065,50196.0,62,3.661290322580645,75.21441345962775,4.483870967741935,82.25806451612904
PRV56809,18,118,4,45,2,1,0,44,4,40,1028.8636363636363,45270,98.45454545454545,4332.0,41,1.4545454545454546,74.58266442660694,4.045454545454546,34.090909090909086
PRV56810,8,42,0,45,2,1,0,14,0,14,563.5714285714286,7890,0.0,0.0,14,2.857142857142857,71.20015644861641,3.857142857142857,21.428571428571427
PRV56811,52,141,6,45,1,1,0,62,8,54,1710.483870967742,106050,127.14754098360656,7756.0,60,1.8225806451612903,75.32874080943235,4.612903225806452,24.193548387096776
PRV56813,14,193,0,45,1,1,0,106,0,106,320.188679245283,33940,3.207547169811321,340.0,83,1.4245283018867925,68.6561026952333,4.3584905660377355,21.69811320754717
PRV56816,13,49,0,45,2,1,0,15,0,15,469.3333333333333,7040,0.0,0.0,15,1.4,69.17745836185262,3.8666666666666667,26.666666666666668
PRV56818,17,62,8,45,1,1,0,20,4,16,2277.0,45540,213.6,4272.0,17,1.15,74.36427104722793,3.7,35.0
PRV56819,3,129,17,45,2,1,0,25,24,1,8836.0,220900,1023.5,24564.0,23,6.44,78.43898699520877,5.12,96.0
PRV56820,3,10,0,45,1,1,0,5,0,5,164.0,820,0.0,0.0,4,0.0,69.31964407939768,1.6,0.0
PRV56821,14,22,0,45,1,1,0,12,0,12,263.3333333333333,3160,5.833333333333333,70.0,11,1.6666666666666667,68.93611681496692,3.8333333333333335,33.33333333333333
PRV56823,11,52,0,45,2,1,0,18,0,18,351.1111111111111,6320,0.5555555555555556,10.0,15,2.2222222222222223,78.86135827819606,4.888888888888889,22.22222222222222
PRV56824,2,260,0,45,2,1,0,136,0,136,349.55882352941177,47540,0.9558823529411765,130.0,125,1.4264705882352942,73.93342593710996,4.669117647058823,19.11764705882353
PRV56826,20,86,2,45,2,1,0,24,4,20,869.5833333333334,20870,181.75,4362.0,24,1.7083333333333333,73.7000912616929,4.666666666666667,33.33333333333333
PRV56828,24,253,0,45,2,1,0,142,0,142,285.28169014084506,40510,2.816901408450704,400.0,131,1.204225352112676,73.1165032632482,4.345070422535211,17.6056338028169
PRV56829,2,335,0,45,2,1,0,193,0,193,291.55440414507774,56270,1.761658031088083,340.0,95,2.0,70.37741911459608,4.419689119170984,21.761658031088082
PRV56830,2,27,0,45,2,1,0,7,0,7,940.0,6580,14.285714285714286,100.0,7,7.0,78.31426615820865,4.857142857142857,14.285714285714285
PRV56831,5,14,0,45,2,1,0,5,0,5,152.0,760,0.0,0.0,5,2.2,69.65639972621491,5.0,20.0
PRV56832,5,14,0,45,2,1,0,11,0,11,683.6363636363636,7520,0.0,0.0,11,0.0,67.9313048347956,3.6363636363636362,27.27272727272727
PRV56833,5,25,0,45,2,1,0,8,0,8,88.75,710,0.0,0.0,7,0.0,74.5116358658453,4.5,37.5
PRV56834,7,38,0,45,2,1,0,16,1,15,428.125,6850,66.75,1068.0,6,0.1875,81.30561259411363,4.6875,25.0
PRV56835,6,186,0,45,2,1,0,103,0,103,239.2233009708738,24640,2.8155339805825244,290.0,52,0.6407766990291263,68.48513121083445,4.631067961165049,22.330097087378643
PRV56836,2,5,0,45,2,1,0,3,0,3,246.66666666666666,740,0.0,0.0,3,1.3333333333333333,72.14328085785992,5.666666666666667,0.0
PRV56837,3,106,0,45,1,1,0,42,0,42,408.8095238095238,17170,2.142857142857143,90.0,27,3.238095238095238,75.6975326749454,3.642857142857143,26.190476190476193
PRV56839,12,37,2,45,2,1,0,12,2,10,1489.1666666666667,17870,178.0,2136.0,12,2.8333333333333335,74.01437371663245,4.0,41.66666666666667
PRV56840,10,175,0,45,2,1,0,89,0,89,214.4943820224719,19090,6.51685393258427,580.0,33,1.3595505617977528,77.60887186704504,4.348314606741573,20.224719101123593
PRV56843,2,11,0,45,1,1,0,2,0,2,430.0,860,0.0,0.0,2,0.0,90.9158110882957,1.5,0.0
PRV56845,6,23,0,45,1,1,0,9,0,9,66.66666666666667,600,14.444444444444445,130.0,9,0.0,79.98600654042133,5.666666666666667,33.33333333333333
PRV56846,5,52,0,45,2,1,0,21,0,21,334.2857142857143,7020,1.4285714285714286,30.0,9,0.047619047619047616,76.59033277924448,2.9523809523809526,28.57142857142857
PRV56850,4,39,0,45,1,1,0,17,0,17,273.52941176470586,4650,9.411764705882353,160.0,6,1.1764705882352942,72.02399645689898,4.882352941176471,11.76470588235294
PRV56851,6,56,0,45,2,1,0,20,0,20,369.0,7380,3.0,60.0,7,0.8,79.81902806297056,6.1,15.0
PRV56852,5,49,0,45,2,1,0,20,0,20,98.0,1960,4.5,90.0,9,0.0,69.2826830937714,1.85,15.0
PRV56853,3,77,0,45,2,1,0,27,0,27,197.77777777777777,5340,1.4814814814814814,40.0,6,2.3703703703703702,73.48127867771947,4.481481481481482,25.925925925925924
PRV56854,2,10,0,45,1,2,0,3,0,3,200.0,600,0.0,0.0,3,0.3333333333333333,73.10517910107232,4.666666666666667,0.0
PRV56855,2,12,0,45,1,1,0,4,0,4,72.5,290,25.0,100.0,3,3.5,75.33538672142367,4.75,0.0
PRV56856,17,180,0,45,2,1,0,90,0,90,263.0,23670,3.0,270.0,31,0.6666666666666666,75.00284432276219,4.844444444444444,28.888888888888886
PRV56857,3,94,0,45,2,1,0,46,0,46,358.2608695652174,16480,0.0,0.0,20,0.7608695652173914,74.18730470493706,5.021739130434782,15.217391304347828
PRV56858,6,90,0,45,2,1,0,40,0,40,196.75,7870,5.5,220.0,23,1.5,71.57200547570157,4.675,30.0
PRV56860,5,10,0,45,1,1,0,3,0,3,856.6666666666666,2570,0.0,0.0,3,6.666666666666667,73.5916039242528,2.3333333333333335,33.33333333333333
PRV56861,7,73,0,45,1,1,0,31,0,31,179.3548387096774,5560,0.0,0.0,22,1.1935483870967742,72.2500275993023,4.096774193548387,16.129032258064516
PRV56862,1,30,0,45,2,1,0,14,0,14,213.57142857142858,2990,0.0,0.0,8,0.5,83.52224503764545,5.5,21.428571428571427
PRV56863,4,103,0,45,2,1,0,52,0,52,270.5769230769231,14070,1.9230769230769231,100.0,29,0.6346153846153846,68.77007318485758,4.038461538461538,17.307692307692307
PRV56864,5,43,0,45,2,1,0,24,0,24,158.33333333333334,3800,0.0,0.0,12,2.5,77.59091946155601,5.166666666666667,25.0
PRV56866,8,130,0,45,2,1,0,68,0,68,399.70588235294116,27180,1.6176470588235294,110.0,23,2.9558823529411766,83.2819986310746,4.720588235294118,25.0
PRV56867,2,26,0,45,2,1,0,9,0,9,381.1111111111111,3430,7.777777777777778,70.0,8,2.2222222222222223,73.02517301695947,5.333333333333333,11.11111111111111
PRV56868,6,52,0,45,1,1,0,18,0,18,421.6666666666667,7590,0.0,0.0,7,1.2222222222222223,71.73458057646968,4.222222222222222,11.11111111111111
PRV56869,2,80,0,45,1,1,0,36,0,36,311.6666666666667,11220,1.3888888888888888,50.0,24,0.9166666666666666,74.16708494942581,5.0,27.77777777777778
PRV56870,4,80,12,45,1,1,0,13,13,0,9153.846153846154,119000,1068.0,13884.0,13,4.538461538461538,76.7080503343337,5.0,100.0
PRV56871,4,37,0,45,2,1,0,11,0,11,395.45454545454544,4350,4.545454545454546,50.0,11,1.8181818181818181,76.26084251135586,4.454545454545454,18.181818181818183
PRV56873,2,10,0,45,1,1,0,2,1,1,3035.0,6070,534.0,1068.0,2,1.5,79.40314852840521,7.0,50.0
PRV56877,21,138,9,45,2,1,1,44,15,29,3872.9545454545455,170410,365.22727272727275,16070.0,34,2.8636363636363638,74.80418144483853,4.340909090909091,52.27272727272727
PRV56878,2,56,0,45,1,1,0,26,0,26,256.15384615384613,6660,1.5384615384615385,40.0,8,0.038461538461538464,80.04054125204023,4.0,19.230769230769234
PRV56879,4,17,0,45,1,1,0,7,0,7,1162.857142857143,8140,14.285714285714286,100.0,6,0.14285714285714285,66.75466901339591,2.5714285714285716,42.857142857142854
PRV56880,3,9,0,45,1,1,0,2,0,2,130.0,260,0.0,0.0,2,0.0,69.2539356605065,6.0,100.0
PRV56881,5,156,0,45,2,1,0,78,0,78,220.51282051282053,17200,1.9230769230769231,150.0,31,1.8205128205128205,71.39753242422647,4.653846153846154,28.205128205128204
PRV56882,4,51,0,45,1,1,0,21,0,21,192.85714285714286,4050,1.9047619047619047,40.0,10,1.9047619047619047,75.585671914214,3.0952380952380953,14.285714285714285
PRV56884,6,22,0,45,1,1,0,8,0,8,180.0,1440,12.5,100.0,8,1.0,72.79466119096509,5.625,37.5
PRV56885,3,64,6,45,2,1,0,10,9,1,6605.0,66050,961.2,9612.0,6,5.0,70.77426420260096,5.9,90.0
PRV56886,5,28,0,45,2,1,0,11,0,11,123.63636363636364,1360,0.0,0.0,3,2.6363636363636362,77.91749113309687,6.7272727272727275,36.36363636363637
PRV56887,4,74,0,45,2,1,0,36,0,36,253.33333333333334,9120,6.388888888888889,230.0,11,0.6111111111111112,83.51418358810557,3.111111111111111,8.333333333333332
PRV56888,10,34,0,45,2,1,0,10,0,10,605.0,6050,1.0,10.0,10,0.2,71.77631759069132,4.5,20.0
PRV56889,14,129,5,45,2,1,0,50,5,45,2531.0,126550,115.8,5790.0,29,1.08,72.43477070499658,4.72,28.000000000000004
PRV56890,1,26,0,45,2,1,0,12,0,12,355.8333333333333,4270,5.0,60.0,5,0.9166666666666666,83.80857859913301,3.9166666666666665,8.333333333333332
PRV56891,1,2,0,45,2,2,0,1,0,1,10.0,10,20.0,20.0,1,0.0,46.38740588637919,5.0,100.0
PRV56892,3,30,0,45,2,1,0,13,0,13,244.6153846153846,3180,0.0,0.0,5,0.38461538461538464,71.74074659084926,3.769230769230769,15.384615384615385
PRV56893,4,16,0,45,2,1,0,7,0,7,431.42857142857144,3020,0.0,0.0,7,2.7142857142857144,80.36374303314756,5.0,14.285714285714285
PRV56894,6,55,0,32,2,1,0,26,0,26,167.69230769230768,4360,0.0,0.0,23,1.9615384615384615,72.6948875901648,3.769230769230769,26.923076923076923
PRV56895,9,81,6,45,2,1,0,14,13,1,10357.142857142857,145000,991.7142857142857,13884.0,14,7.357142857142857,73.79642123789968,5.5,100.0
PRV56896,6,26,4,45,1,1,0,3,3,0,20000.0,60000,1068.0,3204.0,3,9.333333333333334,65.33333333333333,4.666666666666667,100.0
PRV56897,6,58,9,45,2,1,0,8,8,0,7750.0,62000,1068.0,7476.0,8,5.25,73.29192334017796,5.75,100.0
PRV56900,1,15,1,32,2,1,0,2,2,0,9500.0,19000,1068.0,2136.0,2,5.0,84.43668720054757,6.0,100.0
PRV56901,7,149,0,45,1,1,0,66,0,66,154.3939393939394,10190,0.30303030303030304,20.0,48,0.8333333333333334,72.9908945720034,4.393939393939394,25.757575757575758
PRV56902,1,9,0,45,1,5,0,1,1,0,4000.0,4000,1068.0,1068.0,1,3.0,80.72279260780287,4.0,100.0
PRV56903,4,18,4,45,2,1,0,2,2,0,28500.0,57000,1068.0,2136.0,2,10.0,67.11978097193703,8.0,100.0
PRV56904,6,32,3,45,1,1,0,4,4,0,7000.0,28000,1068.0,4272.0,4,5.5,70.01095140314852,5.75,100.0
PRV56905,10,46,0,45,1,1,0,15,0,15,405.3333333333333,6080,3.3333333333333335,50.0,13,4.666666666666667,72.49536846908511,5.533333333333333,20.0
PRV56906,8,47,4,45,2,1,0,7,6,1,7442.857142857143,52100,915.4285714285714,6408.0,7,7.142857142857143,64.88354356116163,6.142857142857143,85.71428571428571
PRV56907,1,25,0,45,1,1,0,15,0,15,388.0,5820,0.0,0.0,15,1.3333333333333333,72.88158795345653,3.8,6.666666666666667
PRV56908,2,10,0,45,1,1,0,2,1,1,2530.0,5060,534.0,1068.0,2,0.0,69.10746064339494,2.5,50.0
PRV56909,6,33,2,45,2,1,0,7,3,4,2655.714285714286,18590,457.7142857142857,3204.0,6,3.142857142857143,64.61875427789185,3.857142857142857,42.857142857142854
PRV56910,3,29,4,45,1,1,0,5,4,1,7452.0,37260,854.4,4272.0,5,2.6,67.25639972621492,4.2,80.0
PRV56912,7,52,6,45,2,1,0,7,7,0,12857.142857142857,90000,1068.0,7476.0,7,5.285714285714286,74.24660213161239,6.285714285714286,100.0
PRV56914,1,42,5,45,1,1,0,6,6,0,11666.666666666666,70000,1068.0,6408.0,6,7.333333333333333,70.00547570157427,6.166666666666667,100.0
PRV56915,7,35,3,45,1,1,0,4,4,0,7725.0,30900,1068.0,4272.0,4,5.75,81.55441478439425,7.25,100.0
PRV56916,6,70,6,45,2,1,0,11,11,0,10336.363636363636,113700,1068.0,11748.0,10,4.2727272727272725,70.94916308879348,6.545454545454546,100.0
PRV56917,9,30,1,45,1,1,0,8,2,6,1860.0,14880,267.0,2136.0,7,0.875,66.44284736481862,5.25,50.0
PRV56918,7,48,7,45,2,1,1,7,7,0,20285.714285714286,142000,1068.0,7476.0,7,11.571428571428571,69.48117727583846,4.428571428571429,100.0
PRV56919,1,9,0,32,1,1,0,2,0,2,15.0,30,0.0,0.0,2,1.5,78.03285420944559,5.0,50.0
PRV56920,2,4,0,45,1,1,0,1,0,1,80.0,80,0.0,0.0,1,0.0,73.62628336755647,1.0,0.0
PRV56923,1,94,0,45,2,1,0,41,0,41,147.0731707317073,6030,7.560975609756097,310.0,27,0.975609756097561,75.31119680806664,3.8780487804878048,9.75609756097561
PRV56926,1,3,0,45,2,1,0,1,0,1,20.0,20,0.0,0.0,1,0.0,74.70225872689939,4.0,100.0
PRV56928,2,75,0,45,2,1,0,32,0,32,204.0625,6530,3.4375,110.0,28,1.0,73.06913073237509,5.09375,15.625
PRV56929,2,87,0,45,2,1,0,45,0,45,170.44444444444446,7670,3.111111111111111,140.0,32,1.8444444444444446,72.12813141683779,4.844444444444444,17.77777777777778
PRV56930,3,68,0,45,2,1,0,24,0,24,278.3333333333333,6680,0.0,0.0,19,1.6666666666666667,76.43839835728953,3.9166666666666665,12.5
PRV56931,2,56,0,45,1,1,0,21,0,21,314.76190476190476,6610,0.0,0.0,17,1.0952380952380953,69.36423193507383,3.8095238095238093,38.095238095238095
PRV56932,2,12,0,45,2,1,0,9,0,9,90.0,810,3.3333333333333335,30.0,8,2.2222222222222223,78.76644611757548,5.0,11.11111111111111
PRV56933,2,37,0,45,1,1,0,12,0,12,388.3333333333333,4660,0.0,0.0,12,3.25,65.32808578599133,4.0,16.666666666666664
PRV56934,3,16,0,45,1,1,0,6,0,6,75.0,450,0.0,0.0,6,0.0,75.87497148072096,1.8333333333333333,16.666666666666664
PRV56935,1,54,0,45,2,1,0,24,0,24,549.5833333333334,13190,0.0,0.0,15,1.25,74.21412274697695,4.208333333333333,12.5
PRV56937,2,9,0,45,2,1,0,5,0,5,62.0,310,0.0,0.0,5,6.8,65.54688569472964,3.2,20.0
PRV56938,4,39,0,45,1,1,0,22,0,22,174.54545454545453,3840,3.6363636363636362,80.0,21,2.5,73.46898139505942,4.181818181818182,22.727272727272727
PRV56939,4,49,0,45,2,1,0,16,0,16,317.5,5080,5.0,80.0,15,1.0,71.05441478439425,4.625,37.5
PRV56941,1,48,0,45,2,1,0,21,0,21,203.8095238095238,4280,4.761904761904762,100.0,20,2.857142857142857,73.94517779733386,4.0,14.285714285714285
PRV56942,6,56,0,45,2,1,0,24,0,24,290.0,6960,1.6666666666666667,40.0,23,0.9583333333333334,76.49828884325804,5.083333333333333,25.0
PRV56944,1,4,0,45,2,1,0,3,0,3,60.0,180,0.0,0.0,3,0.0,76.50193931097421,4.0,0.0
PRV56945,2,130,0,45,2,1,0,57,0,57,375.43859649122805,21400,2.6315789473684212,150.0,41,2.0,75.03987895817573,4.368421052631579,14.035087719298245
PRV56946,2,9,0,45,2,1,0,2,0,2,60.0,120,0.0,0.0,1,0.0,67.29089664613278,7.0,0.0
PRV56947,2,14,0,45,2,1,0,3,0,3,193.33333333333334,580,6.666666666666667,20.0,3,1.0,72.3294547113849,4.333333333333333,0.0
PRV56948,2,6,0,45,2,1,0,3,0,3,223.33333333333334,670,0.0,0.0,3,0.0,78.54437599817477,2.6666666666666665,0.0
PRV56949,2,209,0,45,2,1,0,104,0,104,307.3076923076923,31960,4.8076923076923075,500.0,43,1.5673076923076923,72.9076765123993,4.509615384615385,19.230769230769234
PRV56950,1,8,0,45,1,1,0,3,0,3,380.0,1140,0.0,0.0,3,0.0,65.48208989276752,6.666666666666667,66.66666666666666
PRV56951,3,50,0,45,2,1,0,19,0,19,272.10526315789474,5170,3.6842105263157894,70.0,8,2.526315789473684,73.50552973810296,5.684210526315789,21.052631578947366
PRV56953,3,44,0,45,1,1,0,20,0,20,143.5,2870,7.0,140.0,19,1.55,75.05051334702259,4.2,40.0
PRV56954,3,44,0,45,2,1,0,20,0,20,145.5,2910,0.0,0.0,19,2.05,75.49500342231349,4.65,15.0
PRV56956,1,9,0,45,1,1,0,5,0,5,562.0,2810,0.0,0.0,5,4.0,67.57399041752225,2.8,20.0
PRV56957,1,248,0,45,2,1,0,138,0,138,321.7391304347826,44400,4.27536231884058,590.0,108,1.1884057971014492,69.96569750716702,4.340579710144928,22.463768115942027
PRV56958,2,35,0,45,2,1,0,13,0,13,383.0769230769231,4980,0.0,0.0,12,3.076923076923077,75.17969778339388,4.461538461538462,7.6923076923076925
PRV56960,3,19,0,45,2,1,0,8,0,8,317.5,2540,3.75,30.0,8,0.0,70.8186173853525,4.75,12.5
PRV56963,2,17,0,45,2,1,0,6,0,6,240.0,1440,0.0,0.0,6,0.0,78.6881131644992,3.6666666666666665,0.0
PRV56964,3,12,0,45,1,1,0,5,0,5,200.0,1000,0.0,0.0,5,0.0,69.06557152635182,3.2,0.0
PRV56965,2,4,0,45,1,1,0,3,0,3,216.66666666666666,650,0.0,0.0,3,0.0,75.18685831622177,2.3333333333333335,33.33333333333333
PRV56966,2,3,0,45,2,1,0,2,0,2,120.0,240,0.0,0.0,2,0.0,67.92334017796031,1.5,0.0
PRV56967,4,195,0,45,2,1,0,91,0,91,279.56043956043953,25440,4.175824175824176,380.0,79,1.4945054945054945,72.8991884228024,4.285714285714286,18.681318681318682
PRV56969,1,1,0,45,2,1,0,1,0,1,10.0,10,0.0,0.0,1,0.0,85.20465434633813,6.0,100.0
PRV56970,2,2,0,45,2,1,0,2,0,2,105.0,210,0.0,0.0,2,0.0,59.624914442162904,4.0,0.0
PRV56971,2,11,0,45,1,1,0,4,0,4,100.0,400,0.0,0.0,4,0.0,74.29774127310061,5.25,0.0
PRV56972,3,107,0,45,1,1,0,48,0,48,495.0,23760,1.25,60.0,45,1.5416666666666667,76.7109285877253,4.458333333333333,16.666666666666664
PRV56973,3,34,0,45,2,1,0,17,0,17,307.05882352941177,5220,0.5882352941176471,10.0,17,0.0,75.3946128759512,3.8823529411764706,5.88235294117647
PRV56974,1,2,0,45,2,1,0,1,0,1,80.0,80,0.0,0.0,1,0.0,98.71868583162218,3.0,0.0
PRV56976,4,17,0,45,2,1,0,6,0,6,323.3333333333333,1940,0.0,0.0,6,3.8333333333333335,80.81953000228155,4.333333333333333,33.33333333333333
PRV56977,2,18,0,45,1,1,0,8,0,8,130.0,1040,0.0,0.0,8,0.875,78.2457221081451,6.125,25.0
PRV56978,1,196,0,45,1,1,0,120,0,120,200.25,24030,2.75,330.0,97,1.3833333333333333,73.04777549623546,4.291666666666667,27.500000000000004
PRV56980,3,35,0,45,1,1,0,17,0,17,180.58823529411765,3070,0.0,0.0,17,1.1764705882352942,70.95736200024157,4.352941176470588,17.647058823529413
PRV56981,5,10,0,45,1,1,0,7,0,7,101.42857142857143,710,0.0,0.0,7,0.0,72.3211107851765,2.4285714285714284,14.285714285714285
PRV56982,2,52,0,45,2,1,0,24,0,24,394.5833333333333,9470,4.166666666666667,100.0,21,1.6666666666666667,72.91489847136664,4.125,4.166666666666666
PRV56984,1,7,0,45,1,1,0,3,0,3,260.0,780,0.0,0.0,3,1.0,70.58179329226557,2.6666666666666665,0.0
PRV56985,3,49,0,45,2,1,0,17,0,17,114.11764705882354,1940,2.3529411764705883,40.0,17,0.058823529411764705,68.47847968756291,4.0588235294117645,17.647058823529413
PRV56986,1,3,0,45,1,1,0,2,0,2,155.0,310,0.0,0.0,2,0.0,76.52977412731006,0.0,50.0
PRV56987,1,17,0,45,2,1,0,7,0,7,172.85714285714286,1210,0.0,0.0,7,0.0,76.10912290994426,4.714285714285714,28.57142857142857
PRV56988,1,3,0,45,2,1,0,1,0,1,0.0,0,0.0,0.0,1,0.0,67.26078028747433,1.0,0.0
PRV56989,3,4,0,45,2,1,0,2,0,2,55.0,110,0.0,0.0,2,0.0,70.91854893908283,2.0,0.0
PRV56990,1,108,0,45,2,1,0,55,0,55,151.27272727272728,8320,0.0,0.0,11,1.8,71.47044987866343,4.672727272727273,16.363636363636363
PRV56991,4,42,0,45,2,1,0,15,0,15,442.6666666666667,6640,0.0,0.0,15,1.2,72.09801505817933,4.866666666666666,20.0
PRV56992,2,4,0,45,1,1,0,2,0,2,50.0,100,0.0,0.0,2,0.0,83.48117727583846,6.0,0.0
PRV56993,3,53,0,45,2,1,0,24,0,24,225.0,5400,4.166666666666667,100.0,24,2.75,73.30161989504906,5.041666666666667,20.833333333333336
PRV56995,1,23,0,45,1,1,0,10,0,10,433.0,4330,0.0,0.0,10,2.0,74.68911704312116,5.5,40.0
PRV56996,2,37,0,45,2,1,0,11,0,11,185.45454545454547,2040,0.0,0.0,11,3.090909090909091,74.08001991164208,5.363636363636363,36.36363636363637
PRV56997,3,56,0,45,2,1,0,25,0,25,87.2,2180,1.6,40.0,24,0.2,70.24788501026694,4.12,24.0
PRV56998,1,4,0,45,1,1,0,2,0,2,165.0,330,0.0,0.0,2,0.0,77.31553730321698,5.0,0.0
PRV56999,2,21,0,45,1,1,0,8,0,8,293.75,2350,5.0,40.0,8,0.0,73.06605065023956,4.75,12.5
PRV57000,2,138,0,45,2,1,0,61,0,61,310.0,18910,2.459016393442623,150.0,55,2.180327868852459,71.76535272270284,4.672131147540983,13.114754098360656
PRV57002,2,102,0,45,2,1,0,50,0,50,209.0,10450,2.8,140.0,49,0.84,72.61229295003423,4.3,20.0
PRV57004,5,224,0,45,2,1,0,123,0,123,271.869918699187,33440,3.3333333333333335,410.0,93,1.5772357723577235,72.50053699715642,4.699186991869919,22.76422764227642
PRV57005,1,4,0,45,1,1,0,2,0,2,155.0,310,0.0,0.0,2,0.0,68.48049281314168,4.0,50.0
PRV57006,2,218,1,45,2,1,0,105,0,105,386.2857142857143,40560,3.4285714285714284,360.0,61,2.0,72.59189726540856,4.780952380952381,29.523809523809526
PRV57010,2,130,0,45,2,1,0,57,0,57,423.3333333333333,24130,4.912280701754386,280.0,56,1.4736842105263157,73.5767138585684,4.4035087719298245,26.31578947368421
PRV57011,2,39,0,45,1,1,0,17,0,17,221.1764705882353,3760,11.176470588235293,190.0,16,0.0,76.27491242903731,4.588235294117647,23.52941176470588
PRV57013,3,78,0,45,2,1,0,41,0,41,381.7073170731707,15650,0.0,0.0,31,1.2926829268292683,71.10679287491027,4.804878048780488,12.195121951219512
PRV57014,2,153,0,45,2,1,0,76,0,76,225.92105263157896,17170,4.605263157894737,350.0,46,1.6710526315789473,73.25242263770309,4.7631578947368425,26.31578947368421
PRV57015,2,90,0,45,2,1,0,44,0,44,521.1363636363636,22930,3.409090909090909,150.0,39,1.1818181818181819,73.93933171551242,4.454545454545454,29.545454545454547
PRV57016,1,106,13,45,2,1,0,16,16,0,12350.0,197600,1068.0,17088.0,15,7.625,68.15896646132786,6.1875,100.0
PRV57017,6,136,16,45,2,1,1,23,23,0,11569.565217391304,266100,1068.0,23496.0,21,5.3478260869565215,77.67258875695622,5.565217391304348,100.0
PRV57018,3,145,24,45,2,1,1,33,24,9,10081.515151515152,332690,767.625,24564.0,31,4.151515151515151,70.9732229896501,5.424242424242424,81.81818181818183
PRV57020,1,41,6,45,1,1,0,6,6,0,8833.333333333334,53000,1068.0,6408.0,6,4.5,71.61441934747889,6.5,100.0
PRV57021,2,86,6,45,2,1,1,14,14,0,9785.714285714286,137000,1068.0,14952.0,12,6.428571428571429,74.47325706463285,5.928571428571429,100.0
PRV57023,2,99,11,45,2,1,0,15,15,0,11533.333333333334,173000,1068.0,14952.0,15,5.933333333333334,71.01145334245952,5.2,100.0
PRV57024,1,63,7,45,1,1,0,9,9,0,14744.444444444445,132700,1068.0,9612.0,9,7.0,73.94113620807667,4.0,100.0
PRV57025,11,166,10,45,2,1,1,49,17,32,2951.8367346938776,144640,370.53061224489795,18156.0,45,3.183673469387755,72.9923870985766,4.795918367346939,44.89795918367347
PRV57030,4,180,12,45,2,1,1,57,16,41,3593.157894736842,204810,301.5438596491228,17188.0,53,2.473684210526316,72.61812985578251,4.491228070175438,47.368421052631575
PRV57031,9,322,13,45,2,1,0,152,15,137,1339.4736842105262,203600,107.63157894736842,16360.0,145,1.986842105263158,75.1970532079686,4.565789473684211,25.0
PRV57033,5,182,8,45,2,1,0,53,17,36,4100.566037735849,217330,344.8301886792453,18276.0,49,2.7358490566037736,72.08518331977322,4.811320754716981,45.28301886792453
PRV57034,6,184,12,45,2,1,0,64,21,43,3064.53125,196130,340.95238095238096,21480.0,63,1.953125,72.72758384668036,4.8125,46.875
PRV57036,4,58,0,45,1,1,0,20,0,20,435.0,8700,0.0,0.0,20,1.75,69.68473648186173,4.6,10.0
PRV57038,3,80,0,45,2,1,0,33,0,33,191.21212121212122,6310,2.727272727272727,90.0,33,2.0303030303030303,73.95673366104577,4.454545454545454,18.181818181818183
PRV57039,2,8,0,45,2,2,0,5,0,5,182.0,910,0.0,0.0,4,0.0,82.37043121149898,4.0,0.0
PRV57041,2,58,0,45,2,1,0,26,0,26,198.84615384615384,5170,0.0,0.0,21,1.2307692307692308,76.25398831148317,3.576923076923077,19.230769230769234
PRV57043,1,1,0,45,2,1,0,1,0,1,50.0,50,0.0,0.0,1,0.0,57.98220396988364,4.0,100.0
PRV57046,7,205,0,45,1,1,0,97,0,97,296.8041237113402,28790,2.6804123711340204,260.0,56,1.6494845360824741,67.78876211040313,3.9278350515463916,15.463917525773196
PRV57047,1,36,0,45,2,1,0,16,0,16,258.125,4130,10.625,170.0,16,2.5,67.72108145106091,4.0625,43.75
PRV57048,2,14,0,45,2,1,0,5,0,5,44.0,220,0.0,0.0,5,0.0,65.61368925393566,4.0,40.0
PRV57049,5,120,16,45,2,1,1,22,18,4,12116.363636363636,266560,873.8181818181819,19224.0,22,4.318181818181818,72.2304772571713,5.136363636363637,86.36363636363636
PRV57051,2,10,0,45,2,1,0,3,0,3,490.0,1470,0.0,0.0,3,6.666666666666667,70.88751996349532,4.0,33.33333333333333
PRV57052,3,31,0,45,2,1,0,13,0,13,593.8461538461538,7720,3.076923076923077,40.0,13,3.0,77.75011846469752,5.076923076923077,30.76923076923077
PRV57053,2,52,0,45,2,1,0,23,0,23,495.6521739130435,11400,0.0,0.0,16,3.782608695652174,72.50650239561944,3.260869565217391,21.73913043478261
PRV57054,6,73,0,45,1,1,0,27,0,27,192.22222222222223,5190,1.4814814814814814,40.0,18,0.48148148148148145,73.63003523715365,5.148148148148148,14.814814814814813
PRV57056,1,22,0,45,2,1,0,10,0,10,125.0,1250,0.0,0.0,10,0.0,77.56988364134155,4.7,10.0
PRV57057,3,49,0,45,2,1,0,26,0,26,406.15384615384613,10560,8.846153846153847,230.0,10,1.5384615384615385,61.41409993155373,3.3461538461538463,26.923076923076923
PRV57058,2,77,0,45,1,1,0,29,0,29,362.7586206896552,10520,0.0,0.0,8,2.7586206896551726,65.91536264721849,6.0,20.689655172413794
PRV57059,1,16,0,45,2,1,0,9,0,9,472.22222222222223,4250,17.77777777777778,160.0,9,0.0,72.08426496311506,5.666666666666667,0.0
PRV57061,1,2,0,45,1,1,0,1,0,1,100.0,100,0.0,0.0,1,0.0,55.35386721423682,6.0,100.0
PRV57062,4,116,0,45,2,1,0,58,0,58,276.2068965517241,16020,1.0344827586206897,60.0,42,0.5,77.83893884679837,4.810344827586207,24.137931034482758
PRV57063,1,4,0,45,2,1,0,1,0,1,40.0,40,0.0,0.0,1,0.0,72.17522245037645,3.0,0.0
PRV57067,3,44,0,45,2,1,0,18,0,18,169.44444444444446,3050,8.333333333333334,150.0,13,1.0,72.61647273556925,4.777777777777778,11.11111111111111
PRV57069,2,15,0,45,1,1,0,2,2,0,2000.0,4000,1068.0,2136.0,2,4.5,69.20465434633812,4.0,100.0
PRV57072,2,30,4,45,1,1,0,4,4,0,7500.0,30000,1068.0,4272.0,4,5.5,69.0116358658453,7.0,100.0
PRV57073,1,67,6,45,2,1,0,10,10,0,10800.0,108000,1068.0,10680.0,9,5.7,71.79028062970568,6.2,100.0
PRV57074,3,49,5,45,1,1,0,7,7,0,8428.57142857143,59000,1068.0,7476.0,7,4.857142857142857,82.99599100420457,5.428571428571429,100.0
PRV57075,2,18,1,45,1,1,0,2,2,0,8000.0,16000,1068.0,2136.0,2,3.5,71.41409993155372,7.5,100.0
PRV57076,1,17,2,45,1,1,0,2,2,0,5000.0,10000,1068.0,1068.0,2,6.0,68.28747433264887,4.5,100.0
PRV57077,1,25,3,45,2,1,0,3,3,0,9666.666666666666,29000,1068.0,3204.0,2,3.0,66.62924937257587,9.0,100.0
PRV57078,2,67,8,45,2,1,0,10,10,0,7500.0,75000,1068.0,10680.0,9,6.2,77.89103353867215,4.4,100.0
PRV57080,1,9,1,45,2,1,0,1,1,0,57000.0,57000,1068.0,1068.0,1,35.0,80.60780287474333,8.0,100.0
PRV57081,6,166,17,45,1,1,0,37,37,0,11189.18918918919,414000,1068.0,38448.0,34,7.72972972972973,74.94955324934791,5.756756756756757,100.0
PRV57082,2,40,5,32,2,1,0,5,5,0,20000.0,100000,1068.0,5340.0,5,4.2,71.81711156741957,5.0,100.0
PRV57084,1,51,7,45,1,1,0,8,7,1,7755.0,62040,934.5,7476.0,8,4.75,78.88501026694045,5.0,87.5
PRV57085,1,36,4,45,2,1,0,5,5,0,8400.0,42000,1068.0,5340.0,5,4.6,74.1284052019165,6.2,100.0
PRV57086,1,47,6,45,1,1,0,6,6,0,8833.333333333334,53000,1068.0,5340.0,6,6.0,77.36527492584987,5.166666666666667,100.0
PRV57087,1,34,2,45,2,1,0,4,4,0,7750.0,31000,1068.0,4272.0,4,3.5,77.09924709103353,4.5,100.0
PRV57088,4,55,6,45,1,1,0,10,6,4,5059.0,50590,640.8,6408.0,10,6.8,71.66954140999316,6.1,60.0
PRV57089,4,26,3,45,2,1,0,3,3,0,7000.0,21000,1068.0,3204.0,3,8.666666666666666,74.89573351585672,5.333333333333333,100.0
PRV57091,2,33,1,45,2,1,0,4,4,0,11500.0,46000,1068.0,4272.0,3,5.75,77.94592744695414,6.0,100.0
PRV57092,2,18,0,45,1,1,0,2,2,0,3500.0,7000,1068.0,2136.0,2,9.5,79.54277891854895,5.0,100.0
PRV57093,1,10,0,45,1,1,0,1,1,0,5000.0,5000,1068.0,1068.0,1,7.0,75.04996577686516,8.0,100.0
PRV57094,1,27,1,45,2,1,0,3,3,0,16000.0,48000,1068.0,3204.0,3,20.0,81.7513118868355,5.333333333333333,100.0
PRV57096,2,65,8,45,2,1,1,11,11,0,14545.454545454546,160000,1068.0,11748.0,11,5.909090909090909,73.2713583473337,4.909090909090909,100.0
PRV57097,2,19,1,45,1,1,0,3,3,0,7000.0,21000,1068.0,3204.0,3,2.6666666666666665,74.34451289071411,6.333333333333333,100.0
PRV57098,13,214,27,45,2,1,0,49,49,0,10000.0,490000,1068.0,51264.0,47,6.224489795918367,75.09142466021316,5.142857142857143,100.0
PRV57099,10,31,0,46,2,1,0,14,0,14,460.0,6440,0.7142857142857143,10.0,13,2.5714285714285716,69.37929011440305,5.071428571428571,21.428571428571427
PRV57100,9,51,0,3,1,1,0,25,0,25,303.2,7580,2.4,60.0,18,1.36,77.55367556468173,3.32,8.0
PRV57101,180,507,19,13,2,1,0,263,30,233,1405.6273764258556,369680,119.2442748091603,31242.0,211,2.55893536121673,71.31813982297662,4.1216730038022815,29.65779467680608
PRV57102,17,65,5,46,1,1,0,16,4,12,3965.625,63450,267.0,4272.0,16,2.375,73.40468856947297,4.9375,31.25
PRV57103,206,1928,21,46,2,1,1,2049,29,2020,435.71010248901905,892770,17.16544655929722,35172.0,804,1.3265007320644218,71.56120228929221,4.280624694973158,19.08247925817472
PRV57104,15,269,10,46,1,1,1,135,10,125,1197.2592592592594,161630,73.97014925373135,9912.0,61,1.0740740740740742,68.97540497376225,4.481481481481482,32.592592592592595
PRV57105,4,9,0,5,2,1,0,4,0,4,135.0,540,0.0,0.0,3,0.0,71.53388090349077,5.75,25.0
PRV57107,11,24,0,46,2,1,0,13,0,13,416.15384615384613,5410,0.0,0.0,12,0.0,72.10382772600431,4.153846153846154,23.076923076923077
PRV57108,30,126,5,3,2,1,0,49,5,44,1493.265306122449,73170,111.0204081632653,5440.0,45,2.63265306122449,77.71361522021539,4.469387755102041,26.53061224489796
PRV57109,57,174,6,13,1,1,0,86,6,80,1009.1860465116279,86790,78.0,6708.0,78,1.930232558139535,71.91983827579071,4.046511627906977,29.069767441860467
PRV57110,16,47,2,46,1,1,0,19,1,18,885.7894736842105,16830,57.26315789473684,1088.0,19,1.736842105263158,77.69458553982491,4.7368421052631575,21.052631578947366
PRV57112,10,356,13,46,2,1,0,160,30,130,1788.875,286220,201.1875,32190.0,134,1.88125,71.68446269678302,4.21875,33.125
PRV57113,7,22,4,46,2,1,0,7,2,5,4050.0,28350,315.14285714285717,2206.0,7,1.7142857142857142,74.86965874645546,5.0,42.857142857142854
PRV57115,9,25,1,46,2,1,0,12,1,11,1170.8333333333333,14050,89.0,1068.0,12,5.25,79.4423910563541,4.25,16.666666666666664
PRV57116,8,22,0,46,2,1,0,7,0,7,84.28571428571429,590,0.0,0.0,7,2.142857142857143,78.59626478928327,5.142857142857143,14.285714285714285
PRV57117,30,499,34,46,2,1,1,190,67,123,2907.2105263157896,552370,377.13684210526316,71656.0,140,2.957894736842105,72.0307359775208,4.463157894736842,48.421052631578945
PRV57118,9,34,0,46,1,1,0,13,0,13,190.76923076923077,2480,3.8461538461538463,50.0,10,0.6923076923076923,61.414415837413785,4.846153846153846,23.076923076923077
PRV57119,4,8,0,54,2,1,0,5,0,5,266.0,1330,0.0,0.0,4,0.0,69.2435318275154,4.2,20.0
PRV57120,53,132,10,46,2,1,0,48,13,35,3896.875,187050,291.3333333333333,13984.0,46,2.3958333333333335,72.72678530686744,4.416666666666667,45.83333333333333
PRV57121,8,98,1,46,2,1,0,38,3,35,933.421052631579,35470,86.94736842105263,3304.0,16,3.8684210526315788,75.07114809611298,5.526315789473684,26.31578947368421
PRV57122,10,53,1,46,1,1,0,14,1,13,724.2857142857143,10140,76.28571428571429,1068.0,13,0.2857142857142857,72.15195071868582,4.142857142857143,28.57142857142857
PRV57124,53,163,5,46,2,1,0,58,9,49,1843.7931034482758,106940,167.44827586206895,9712.0,55,2.0172413793103448,72.32835327716019,4.775862068965517,39.6551724137931
PRV57125,42,588,0,46,2,1,0,370,0,370,259.3243243243243,95950,2.135135135135135,790.0,154,0.9486486486486486,71.62616497400892,4.013513513513513,21.62162162162162
PRV57126,47,109,7,46,2,1,0,43,10,33,1921.3953488372092,82620,249.30232558139534,10720.0,42,1.4651162790697674,72.31612625949094,3.255813953488372,48.837209302325576
PRV57127,24,86,6,46,2,1,0,22,8,14,3705.909090909091,81530,388.3636363636364,8544.0,22,2.409090909090909,69.5772509489142,5.090909090909091,50.0
PRV57128,12,121,0,46,2,1,0,60,0,60,335.5,20130,1.0,60.0,56,1.7666666666666666,69.47789185489391,3.8833333333333333,20.0
PRV57129,128,536,24,46,2,1,0,282,32,250,1409.5390070921985,397490,119.13879003558719,33478.0,244,1.2943262411347518,71.20779025344537,4.6879432624113475,28.368794326241137
PRV57130,3,5,0,46,1,1,0,3,0,3,86.66666666666667,260,0.0,0.0,2,4.333333333333333,81.11339265343372,4.0,0.0
PRV57131,1,3,0,46,2,1,0,2,0,2,440.0,880,0.0,0.0,1,10.0,83.0965092402464,5.0,0.0
PRV57132,2,33,0,6,2,1,0,9,0,9,437.77777777777777,3940,0.0,0.0,4,0.7777777777777778,73.56331279945243,3.888888888888889,11.11111111111111
PRV57133,9,26,0,46,1,1,0,14,0,14,117.85714285714286,1650,0.0,0.0,4,1.2857142857142858,65.81499951109808,3.5714285714285716,7.142857142857142
PRV57134,12,32,0,46,1,1,0,16,0,16,179.375,2870,0.0,0.0,15,1.125,69.26933607118411,4.4375,6.25
PRV57136,3,111,0,46,1,1,0,43,0,43,191.62790697674419,8240,0.9302325581395349,40.0,26,1.9069767441860466,71.08352036674466,5.441860465116279,18.6046511627907
PRV57137,6,79,0,46,2,1,0,43,0,43,232.32558139534885,9990,1.1627906976744187,50.0,21,0.4883720930232558,79.53507473377584,4.4186046511627906,16.27906976744186
PRV57138,5,20,0,46,2,1,0,6,0,6,580.0,3480,0.0,0.0,6,3.3333333333333335,73.28815879534565,4.333333333333333,16.666666666666664
PRV57139,6,44,0,46,1,1,0,16,0,16,359.375,5750,0.0,0.0,13,0.8125,67.10746064339493,2.875,43.75
PRV57140,1,4,0,46,1,1,0,2,0,2,225.0,450,0.0,0.0,2,0.0,85.52361396303903,3.5,50.0
PRV57141,1,96,12,46,2,1,0,17,15,2,10325.29411764706,175530,942.3529411764706,16020.0,14,6.235294117647059,71.6165398397552,5.0,88.23529411764706
PRV57142,3,28,0,46,1,1,0,12,0,12,564.1666666666666,6770,0.0,0.0,7,1.75,79.34040611453342,2.9166666666666665,25.0
PRV57143,1,9,0,46,1,1,0,1,0,1,100.0,100,0.0,0.0,1,3.0,72.41889117043121,5.0,0.0
PRV57144,5,52,5,46,2,1,0,8,8,0,8750.0,70000,1068.0,7476.0,8,6.125,75.00924024640658,4.0,100.0
PRV57145,1,31,4,46,2,1,0,4,4,0,17500.0,70000,1068.0,4272.0,4,4.5,77.63381245722108,5.5,100.0
PRV57146,3,59,6,46,2,1,0,9,9,0,11444.444444444445,103000,1068.0,9612.0,9,5.222222222222222,75.5753289223515,4.666666666666667,100.0
PRV57147,4,34,0,46,2,1,0,12,0,12,346.6666666666667,4160,0.0,0.0,12,0.0,67.03582021446498,5.083333333333333,33.33333333333333
PRV57148,40,196,10,10,1,1,0,83,15,68,2419.6385542168673,200830,197.10843373493975,16360.0,66,1.4457831325301205,71.49930316749544,5.192771084337349,40.963855421686745
PRV57149,50,224,0,7,2,1,0,143,0,143,191.53846153846155,27390,1.9580419580419581,280.0,129,1.2307692307692308,72.08764951680763,3.8461538461538463,21.678321678321677
PRV57150,85,318,0,41,2,1,0,166,0,166,223.85542168674698,37160,1.5060240963855422,250.0,123,1.2951807228915662,75.7376941029003,4.024096385542169,26.506024096385545
PRV57151,59,690,0,47,2,1,0,515,0,515,328.2135922330097,169030,2.6990291262135924,1390.0,231,1.3436893203883495,72.50632696052045,4.483495145631068,23.883495145631066
PRV57152,199,610,1,33,2,1,0,400,0,400,256.2,102480,3.475,1390.0,383,1.13,73.7393223819302,4.295,20.25
PRV57153,46,197,0,33,2,1,0,94,0,94,315.8510638297872,29690,2.021276595744681,190.0,92,1.9042553191489362,73.05398517482925,4.648936170212766,21.27659574468085
PRV57154,30,113,0,47,1,1,0,52,0,52,281.34615384615387,14630,6.153846153846154,320.0,39,1.25,71.07371136734587,4.326923076923077,25.0
PRV57156,30,361,0,47,2,1,0,215,0,215,328.2325581395349,70570,2.0930232558139537,450.0,105,2.1627906976744184,74.88611495789758,3.911627906976744,14.883720930232558
PRV57157,24,326,12,47,2,1,0,156,16,140,1220.8974358974358,190460,106.12903225806451,16450.0,90,1.685897435897436,70.96112602888783,4.1923076923076925,28.205128205128204
PRV57158,16,515,19,47,2,1,1,271,30,241,1518.8560885608856,411610,117.04444444444445,31602.0,138,1.96309963099631,73.43088568462687,3.8265682656826567,29.88929889298893
PRV57159,24,384,0,47,2,1,0,228,0,228,273.2894736842105,62310,5.394736842105263,1230.0,118,1.2894736842105263,74.93859048716932,4.162280701754386,18.859649122807017
PRV57160,36,227,0,31,2,1,0,101,0,101,363.86138613861385,36750,2.4752475247524752,250.0,97,1.0495049504950495,76.1465427856954,4.178217821782178,22.772277227722775
PRV57161,6,15,0,33,2,1,0,6,0,6,246.66666666666666,1480,0.0,0.0,6,2.3333333333333335,76.64339493497604,2.6666666666666665,33.33333333333333
PRV57162,19,217,7,54,2,1,1,104,7,97,1881.5384615384614,195680,65.12621359223301,6708.0,51,3.298076923076923,68.62220291686411,3.8461538461538463,24.03846153846154
PRV57165,30,87,1,49,2,1,0,37,3,34,1073.5135135135135,39720,63.22222222222222,2276.0,32,2.027027027027027,75.75396340899421,5.081081081081081,35.13513513513514
PRV57166,99,368,21,49,2,1,1,151,29,122,1951.6556291390727,294700,206.90066225165563,31242.0,128,2.013245033112583,72.73949168445817,4.47682119205298,34.437086092715234
PRV57167,7,394,0,49,2,1,1,238,0,238,273.52941176470586,65100,2.0168067226890756,480.0,102,2.630252100840336,73.54413634036777,4.705882352941177,24.369747899159663
PRV57168,46,171,0,34,2,1,0,75,0,75,495.2,37140,1.0666666666666667,80.0,67,2.4,72.21234770704997,4.76,14.666666666666666
PRV57169,19,134,11,49,2,1,0,31,17,14,5221.935483870968,161880,585.6774193548387,18156.0,26,3.5161290322580645,71.22633635821687,5.0,70.96774193548387
PRV57170,21,780,0,49,2,1,1,579,0,579,290.77720207253884,168360,3.3678756476683938,1950.0,232,1.4317789291882557,74.55621637532671,4.552677029360967,22.279792746113987
PRV57171,30,367,1,49,1,1,0,191,3,188,286.3350785340314,54690,20.230366492146597,3864.0,66,1.2303664921465969,73.36346402628911,5.2513089005235605,23.036649214659686
PRV57172,132,1774,43,49,2,1,1,1760,88,1672,787.5568181818181,1386100,54.83570210346788,96456.0,605,1.6863636363636363,72.81578464314603,4.296022727272727,25.397727272727273
PRV57173,465,1424,46,49,2,1,1,1225,96,1129,1082.7836734693878,1326410,85.12254901960785,104190.0,938,1.8293877551020408,73.77043735769462,4.588571428571429,27.918367346938776
PRV57174,34,153,6,49,2,1,0,54,12,42,1776.4814814814815,95930,237.88888888888889,12846.0,48,1.462962962962963,73.10269475498771,4.62962962962963,38.88888888888889
PRV57175,68,158,0,10,2,1,0,78,0,78,417.94871794871796,32600,2.948717948717949,230.0,76,1.6666666666666667,72.82637462924937,4.4743589743589745,33.33333333333333
PRV57176,83,275,3,54,2,1,0,131,4,127,469.618320610687,61520,35.66412213740458,4672.0,105,1.549618320610687,70.5653034886698,4.129770992366412,20.610687022900763
PRV57177,37,850,34,49,2,1,1,564,73,491,1504.2021276595744,848370,137.89679715302492,77498.0,257,1.7074468085106382,73.60165241916302,4.76595744680851,27.127659574468083
PRV57179,90,440,13,49,2,1,1,206,26,180,1638.1553398058252,337460,132.14634146341464,27090.0,140,1.529126213592233,75.32678109819715,4.106796116504855,32.5242718446602
PRV57181,21,246,0,49,2,1,0,121,0,121,263.7190082644628,31910,0.8264462809917356,100.0,48,1.0330578512396693,77.97254229809764,5.347107438016529,27.27272727272727
PRV57182,23,171,4,49,2,1,0,76,5,71,1013.1578947368421,77000,71.05263157894737,5400.0,63,0.881578947368421,72.71076047408047,4.2631578947368425,30.263157894736842
PRV57183,26,104,0,49,2,1,0,52,0,52,253.26923076923077,13170,3.8461538461538463,200.0,45,1.6538461538461537,74.76912546727742,4.0,15.384615384615385
PRV57184,34,222,3,34,2,1,0,115,2,113,582.2608695652174,66960,22.22608695652174,2556.0,75,1.4434782608695653,71.63110436568162,5.008695652173913,17.391304347826086
PRV57185,23,348,7,49,2,1,1,186,7,179,846.236559139785,157400,42.39784946236559,7886.0,102,1.5483870967741935,72.94775268081223,4.736559139784946,26.344086021505376
PRV57186,32,105,0,54,2,1,0,42,0,42,282.3809523809524,11860,8.571428571428571,360.0,36,0.8809523809523809,70.44868159447215,4.309523809523809,30.952380952380953
PRV57187,93,241,0,21,2,1,0,114,0,114,307.10526315789474,35010,1.5789473684210527,180.0,98,1.719298245614035,73.8814318479292,4.824561403508772,20.175438596491226
PRV57188,19,64,1,34,2,1,0,21,5,16,2275.2380952380954,47780,258.0952380952381,5420.0,18,0.7619047619047619,75.54786349858219,5.428571428571429,28.57142857142857
PRV57189,79,416,2,49,2,1,1,256,4,252,438.7109375,112310,14.250980392156864,3634.0,127,0.984375,73.18312585557837,4.3515625,23.828125
PRV57190,52,152,0,49,2,1,0,83,0,83,287.34939759036143,23850,2.1686746987951806,180.0,63,1.4819277108433735,73.21807971104128,4.0,24.096385542168676
PRV57191,7,1680,95,49,2,1,1,1500,185,1315,1616.2866666666666,2424430,132.82965931863728,198846.0,784,1.9326666666666668,73.11126990645677,4.343333333333334,31.0
PRV57192,6,595,0,49,2,1,0,407,0,407,341.2776412776413,138900,3.0466830466830466,1240.0,185,1.7911547911547911,73.12314442499247,4.958230958230958,21.867321867321866
PRV57193,68,607,0,49,2,1,0,393,0,393,263.40966921119593,103520,3.5623409669211195,1400.0,171,0.8193384223918575,74.11144724673574,4.338422391857506,23.40966921119593
PRV57194,24,74,1,49,2,1,0,30,2,28,808.6666666666666,24260,74.86666666666666,2246.0,26,0.26666666666666666,75.27072781200091,4.066666666666666,26.666666666666668
PRV57196,19,161,6,34,2,1,0,68,10,58,1394.5588235294117,94830,157.5,10710.0,42,1.8088235294117647,73.72786568426139,4.132352941176471,33.82352941176471
PRV57197,16,221,7,49,2,1,0,100,8,92,1155.4,115540,87.44,8744.0,50,1.66,70.59066392881589,4.91,19.0
PRV57198,18,118,3,49,2,1,0,54,3,51,540.7407407407408,29200,62.2962962962963,3364.0,43,0.8333333333333334,71.6334322001673,4.407407407407407,35.18518518518518
PRV57199,4,13,0,49,1,1,0,7,0,7,281.42857142857144,1970,7.142857142857143,50.0,7,0.42857142857142855,73.4467585802288,5.857142857142857,14.285714285714285
PRV57200,8,56,0,49,2,1,0,25,0,25,486.0,12150,5.2,130.0,24,1.6,71.70255989048597,3.88,16.0
PRV57202,33,281,0,49,2,1,0,165,0,165,247.33333333333334,40810,3.393939393939394,560.0,85,1.5818181818181818,75.53277331839959,5.042424242424242,18.181818181818183
PRV57203,27,109,1,49,2,1,0,47,2,45,970.4255319148937,45610,47.787234042553195,2246.0,47,0.44680851063829785,72.98644181338925,4.531914893617022,25.53191489361702
PRV57204,28,294,15,49,2,1,1,133,21,112,1668.9473684210527,221970,166.06060606060606,21920.0,81,1.8721804511278195,73.82657876724666,5.203007518796992,34.58646616541353
PRV57205,64,182,8,49,2,1,0,93,12,81,1458.9247311827958,135680,143.72043010752688,13366.0,87,1.2795698924731183,73.555629153695,4.483870967741935,31.182795698924732
PRV57206,80,704,5,49,2,1,1,490,7,483,480.2040816326531,235300,17.522448979591836,8586.0,228,1.1979591836734693,72.9058430764503,4.3040816326530615,21.428571428571427
PRV57207,13,131,0,49,2,1,0,73,0,73,256.3013698630137,18710,2.191780821917808,160.0,49,0.9726027397260274,73.40774286705484,4.36986301369863,20.54794520547945
PRV57208,106,255,11,49,2,1,0,113,10,103,1987.4336283185842,224580,78.41441441441441,8704.0,109,2.106194690265487,74.56352480117266,4.247787610619469,27.43362831858407
PRV57209,183,1226,11,49,2,1,1,1108,15,1093,437.7617328519856,485040,17.247292418772563,19110.0,564,1.8402527075812274,72.75278788822254,4.4702166064981945,21.931407942238266
PRV57210,27,138,8,10,2,1,1,43,10,33,3186.5116279069766,137020,253.25581395348837,10890.0,35,2.953488372093023,76.05462967384557,5.6976744186046515,39.53488372093023
PRV57211,61,241,5,49,2,1,0,111,8,103,738.1081081081081,81930,79.49549549549549,8824.0,104,1.4864864864864864,74.40151445079576,4.486486486486487,30.630630630630627
PRV57212,19,209,0,49,2,1,0,101,0,101,343.26732673267327,34670,2.871287128712871,290.0,60,1.693069306930693,71.85944795711605,4.346534653465347,26.732673267326735
PRV57213,57,149,0,49,2,1,0,82,0,82,415.1219512195122,34040,3.048780487804878,250.0,76,1.1219512195121952,73.36438456787032,4.121951219512195,20.73170731707317
PRV57215,5,63,4,49,1,1,0,11,8,3,4451.818181818182,48970,747.6,7476.0,9,4.2727272727272725,69.15512413664364,6.363636363636363,81.81818181818183
PRV57216,37,185,3,49,2,1,0,82,10,72,1295.8536585365853,106260,132.1951219512195,10840.0,62,2.3048780487804876,74.20627368491344,4.817073170731708,31.70731707317073
PRV57217,55,170,7,49,2,1,0,62,9,53,1920.3225806451612,119060,157.29032258064515,9752.0,59,1.8064516129032258,71.71574926585855,5.064516129032258,27.419354838709676
PRV57218,4,612,0,49,2,1,0,413,0,413,298.3777239709443,123230,2.5181598062953996,1040.0,285,0.9878934624697336,73.49491293402475,4.230024213075061,20.09685230024213
PRV57219,14,101,0,49,2,1,0,46,0,46,257.17391304347825,11830,0.0,0.0,36,0.8260869565217391,71.55230187780853,4.173913043478261,19.565217391304348
PRV57223,26,226,24,49,2,1,1,54,34,20,5195.0,280530,672.4444444444445,36312.0,49,3.537037037037037,74.65211549674247,5.481481481481482,75.92592592592592
PRV57224,63,369,3,49,2,1,0,214,2,212,368.97196261682245,78960,12.411214953271028,2656.0,144,1.574766355140187,72.97986912049741,4.47196261682243,21.02803738317757
PRV57225,109,378,27,49,2,1,0,178,47,131,2457.9775280898875,437520,285.4269662921348,50806.0,145,1.8258426966292134,73.34897599766207,4.870786516853933,36.51685393258427
PRV57227,52,166,15,51,2,1,0,52,21,31,3688.4615384615386,191800,418.8235294117647,21360.0,50,3.8846153846153846,74.77549623545517,4.6923076923076925,50.0
PRV57228,3,759,17,49,2,1,0,529,34,495,717.1455576559546,379370,71.13799621928166,37632.0,337,1.281663516068053,73.79729811908615,4.20226843100189,26.46502835538752
PRV57230,112,382,13,49,2,1,1,181,27,154,1655.0828729281768,299570,151.56424581005587,27130.0,160,2.1712707182320443,73.44395158088193,4.486187845303867,32.04419889502763
PRV57231,41,162,12,49,2,1,0,48,18,30,3735.4166666666665,179300,400.7083333333333,19234.0,42,3.6875,72.7442391056354,4.895833333333333,43.75
PRV57232,8,14,0,49,2,1,0,7,0,7,130.0,910,0.0,0.0,7,0.2857142857142857,75.19741859782927,4.142857142857143,28.57142857142857
PRV57233,2,256,0,49,1,1,0,140,0,140,299.42857142857144,41920,3.5714285714285716,500.0,58,0.9071428571428571,74.31921384570256,5.121428571428571,28.57142857142857
PRV57234,14,99,5,49,2,1,0,24,9,15,3712.5,89100,404.25,9702.0,23,3.2916666666666665,72.42721879990874,5.375,58.333333333333336
PRV57235,10,50,1,49,2,1,0,15,3,12,1827.3333333333333,27410,213.6,3204.0,13,2.2666666666666666,77.38389231120237,4.2,33.33333333333333
PRV57236,5,194,0,49,2,1,0,87,0,87,220.3448275862069,19170,3.103448275862069,270.0,39,1.0919540229885059,73.40813645196567,4.160919540229885,19.54022988505747
PRV57238,11,89,3,49,2,1,0,45,1,44,376.44444444444446,16940,25.955555555555556,1168.0,29,1.4,71.5172256445357,4.133333333333334,26.666666666666668
PRV57239,8,65,0,49,2,1,0,28,0,28,220.71428571428572,6180,1.7857142857142858,50.0,19,0.25,70.80170137870343,4.392857142857143,39.285714285714285
PRV57240,16,155,0,49,2,1,0,72,0,72,344.30555555555554,24790,4.305555555555555,310.0,31,0.7916666666666666,71.48444748650087,3.861111111111111,23.61111111111111
PRV57241,34,139,0,49,2,1,0,59,0,59,443.728813559322,26180,1.694915254237288,100.0,44,3.9152542372881354,75.13103400271464,5.033898305084746,16.94915254237288
PRV57242,2,222,0,49,2,1,0,103,0,103,309.70873786407765,31900,2.233009708737864,230.0,44,1.6699029126213591,76.74971923738894,5.456310679611651,19.41747572815534
PRV57244,1,14,0,49,1,1,0,4,0,4,152.5,610,0.0,0.0,4,5.0,67.79466119096509,3.75,25.0
PRV57245,2,176,0,49,1,1,0,92,0,92,356.4130434782609,32790,6.195652173913044,570.0,27,1.9456521739130435,74.31021039788115,4.195652173913044,23.91304347826087
PRV57246,1,17,0,49,1,1,0,6,0,6,683.3333333333334,4100,0.0,0.0,6,3.3333333333333335,78.7004334930413,4.333333333333333,0.0
PRV57247,1,28,0,49,2,1,0,11,0,11,87.27272727272727,960,0.0,0.0,9,0.0,69.80100802688072,4.363636363636363,0.0
PRV57248,1,12,0,49,2,1,0,6,0,6,36.666666666666664,220,0.0,0.0,6,3.1666666666666665,83.35523613963039,4.333333333333333,16.666666666666664
PRV57250,1,59,0,49,2,1,0,23,0,23,554.7826086956521,12760,4.3478260869565215,100.0,16,1.3043478260869565,78.56405678064459,5.260869565217392,21.73913043478261
PRV57251,1,97,7,49,1,1,0,15,15,0,10400.0,156000,1068.0,14952.0,14,5.066666666666666,73.71006160164272,5.466666666666667,100.0
PRV57252,3,26,2,49,2,1,0,3,3,0,6000.0,18000,1068.0,3204.0,3,2.6666666666666665,82.49965776865162,6.0,100.0
PRV57253,4,93,0,49,2,1,0,44,0,44,247.95454545454547,10910,4.7727272727272725,210.0,36,0.6818181818181818,73.96863916371103,4.340909090909091,22.727272727272727
PRV57255,4,68,0,49,1,1,0,34,0,34,202.64705882352942,6890,8.235294117647058,280.0,23,0.6176470588235294,69.81197407094254,4.205882352941177,11.76470588235294
PRV57256,1,9,0,49,2,1,0,8,0,8,236.25,1890,0.0,0.0,8,0.0,72.96406570841889,3.125,12.5
PRV57257,3,52,0,49,1,1,0,17,0,17,289.4117647058824,4920,12.352941176470589,210.0,11,0.11764705882352941,67.55356927165116,4.764705882352941,29.411764705882355
PRV57259,1,105,0,49,2,1,0,48,0,48,342.7083333333333,16450,3.75,180.0,38,0.4583333333333333,70.96138489618983,4.520833333333333,14.583333333333334
PRV57261,1,31,0,49,1,1,0,10,0,10,160.0,1600,0.0,0.0,9,1.6,72.58809034907597,5.7,50.0
PRV57262,1,71,0,49,2,1,0,24,0,24,173.33333333333334,4160,3.3333333333333335,80.0,16,1.5833333333333333,72.78359571070042,3.625,25.0
PRV57263,1,105,0,49,1,1,0,52,0,52,579.4230769230769,30130,0.19230769230769232,10.0,22,3.2115384615384617,67.32206602432476,3.5961538461538463,19.230769230769234
PRV57264,2,24,0,49,1,1,0,8,0,8,345.0,2760,10.0,80.0,6,0.625,78.70533880903491,4.75,37.5
PRV57265,1,7,0,49,1,1,0,1,0,1,200.0,200,0.0,0.0,1,0.0,69.36618754277892,7.0,100.0
PRV57266,2,62,0,49,1,1,0,34,0,34,290.0,9860,1.7647058823529411,60.0,32,2.5294117647058822,75.49100132866289,3.8529411764705883,14.705882352941178
PRV57269,3,96,0,49,2,1,0,37,0,37,143.78378378378378,5320,6.756756756756757,250.0,17,1.027027027027027,76.15139574893169,4.027027027027027,27.027027027027028
PRV57270,2,19,0,49,2,1,0,9,0,9,111.11111111111111,1000,0.0,0.0,9,0.4444444444444444,82.81755266560195,5.111111111111111,33.33333333333333
PRV57272,2,70,0,49,2,1,0,25,0,25,350.8,8770,0.0,0.0,18,0.44,73.4035318275154,3.96,28.000000000000004
PRV57273,1,22,0,49,1,1,0,9,0,9,121.11111111111111,1090,0.0,0.0,6,0.2222222222222222,72.75929728496463,5.888888888888889,33.33333333333333
PRV57274,2,11,0,49,1,1,0,4,0,4,32.5,130,0.0,0.0,4,0.0,64.67830253251198,4.25,0.0
PRV57275,2,114,0,49,2,1,0,61,0,61,185.7377049180328,11330,3.7704918032786887,230.0,41,0.39344262295081966,75.53416142098945,4.19672131147541,16.39344262295082
PRV57276,1,25,0,49,1,1,0,13,0,13,346.15384615384613,4500,3.076923076923077,40.0,9,0.0,69.8844837571737,4.153846153846154,23.076923076923077
PRV57277,1,13,0,49,2,1,0,7,0,7,178.57142857142858,1250,0.0,0.0,7,0.0,70.7378507871321,5.857142857142857,14.285714285714285
PRV57278,2,17,0,21,2,1,0,7,0,7,135.71428571428572,950,12.857142857142858,90.0,7,0.0,79.02141390437077,4.142857142857143,42.857142857142854
PRV57280,1,9,0,49,2,1,0,3,0,3,56.666666666666664,170,0.0,0.0,3,0.0,76.75747205110655,3.6666666666666665,0.0
PRV57282,2,91,0,49,1,1,1,41,0,41,203.65853658536585,8350,0.0,0.0,25,0.5365853658536586,75.82224002938182,4.585365853658536,7.317073170731707
PRV57283,1,2,0,49,2,2,0,1,0,1,900.0,900,0.0,0.0,1,0.0,75.10746064339493,4.0,100.0
PRV57284,9,131,15,49,1,1,1,23,19,4,7024.782608695652,161570,882.2608695652174,20292.0,22,4.043478260869565,67.43564562687855,5.391304347826087,95.65217391304348
PRV57285,1,53,5,49,2,1,0,8,8,0,10375.0,83000,1068.0,7476.0,8,5.125,80.45037645448323,4.625,100.0
PRV57286,2,3,0,49,1,1,0,2,0,2,10.0,20,0.0,0.0,2,0.0,76.39698836413416,3.0,0.0
PRV57287,1,474,0,49,1,1,0,289,0,289,278.16608996539793,80390,1.1418685121107266,330.0,107,1.7301038062283738,73.7491645528848,4.764705882352941,20.415224913494807
PRV57288,1,188,0,49,1,1,0,93,0,93,297.31182795698925,27650,4.301075268817204,400.0,47,1.8709677419354838,73.2323272467672,5.053763440860215,26.881720430107524
PRV57289,1,19,0,49,2,1,0,10,0,10,583.0,5830,3.0,30.0,7,4.0,66.93004791238877,4.6,10.0
PRV57290,2,18,1,49,2,1,0,2,2,0,27500.0,55000,1068.0,2136.0,2,4.5,90.80629705681041,5.0,100.0
PRV57291,2,11,0,49,2,1,0,3,0,3,466.6666666666667,1400,0.0,0.0,3,0.0,69.83527264430755,3.6666666666666665,0.0
PRV57293,2,86,7,49,1,1,0,12,12,0,8333.333333333334,100000,1068.0,12816.0,10,8.75,68.09126169290441,4.75,100.0
PRV57294,1,11,1,49,1,1,0,2,2,0,6000.0,12000,1068.0,2136.0,2,8.5,75.55783709787816,5.5,100.0
PRV57295,1,82,6,49,1,1,1,14,14,0,12357.142857142857,173000,1068.0,14952.0,13,5.214285714285714,64.92774029529677,5.357142857142857,100.0
PRV57297,1,60,7,49,2,1,1,8,8,0,6625.0,53000,1068.0,8544.0,8,5.5,74.10369609856264,5.375,100.0
PRV57298,3,26,0,49,2,1,0,3,3,0,4666.666666666667,14000,1068.0,3204.0,3,3.6666666666666665,72.57221081451061,5.333333333333333,100.0
PRV57299,2,42,3,49,1,1,0,6,6,0,6666.666666666667,40000,1068.0,6408.0,6,3.1666666666666665,73.56787588409765,5.0,100.0
PRV57301,25,92,2,50,2,1,0,32,4,28,1315.3125,42090,139.75,4472.0,32,1.09375,74.08350444900753,4.71875,25.0
PRV57302,5,28,1,50,1,1,0,4,2,2,3540.0,14160,534.0,2136.0,4,2.0,76.73305954825462,5.0,75.0
PRV57303,62,222,7,2,2,1,0,105,11,94,1112.952380952381,116860,112.55238095238096,11818.0,92,2.057142857142857,72.97110263681105,4.038095238095238,33.33333333333333
PRV57304,25,192,4,50,2,1,0,93,3,90,736.989247311828,68540,36.924731182795696,3434.0,32,1.3655913978494623,73.1830753718546,4.903225806451613,25.806451612903224
PRV57305,1,883,0,50,2,1,0,675,0,675,260.3703703703704,175750,3.8074074074074074,2570.0,343,1.1851851851851851,71.89428651101477,4.1466666666666665,17.037037037037038
PRV57306,31,1964,2,50,2,1,1,2315,0,2315,271.9049676025918,629460,2.099352051835853,4860.0,1407,1.320086393088553,72.99432235975536,4.170626349892008,20.647948164146868
PRV57307,47,128,9,50,2,1,0,38,12,26,3730.0,141740,337.2631578947368,12816.0,35,3.6052631578947367,73.78904139198097,4.684210526315789,42.10526315789473
PRV57308,3,15,0,50,1,1,0,6,0,6,516.6666666666666,3100,0.0,0.0,6,0.0,72.18115446041524,4.666666666666667,16.666666666666664
PRV57309,34,126,9,50,2,1,0,35,12,23,3093.1428571428573,108260,366.1714285714286,12816.0,35,2.8,75.90057690427301,4.571428571428571,45.714285714285715
PRV57310,63,338,32,50,2,1,1,122,65,57,5519.836065573771,673420,565.7190082644628,68452.0,99,3.0,71.53070544540569,4.663934426229508,61.47540983606557
PRV57311,28,516,0,50,2,1,0,338,0,338,252.4852071005917,85340,3.0473372781065087,1030.0,158,1.1390532544378698,70.90177352789894,4.038461538461538,18.04733727810651
PRV57312,20,492,0,50,2,1,1,334,0,334,273.41317365269464,91320,3.9221556886227544,1310.0,137,1.9850299401197604,75.02219380540767,4.425149700598802,22.75449101796407
PRV57313,1,619,0,50,2,1,0,402,0,402,253.65671641791045,101970,4.079601990049751,1640.0,328,1.4427860696517414,74.79595860533064,4.223880597014926,15.92039800995025
PRV57314,34,101,0,50,2,1,0,48,0,48,318.125,15270,0.0,0.0,46,1.25,70.29101072324892,4.020833333333333,20.833333333333336
PRV57315,18,38,0,50,2,1,0,22,0,22,270.90909090909093,5960,0.0,0.0,22,1.0454545454545454,70.59374027751852,4.454545454545454,27.27272727272727
PRV57316,34,266,22,50,2,1,0,85,39,46,4528.470588235294,384920,484.3333333333333,40684.0,78,2.835294117647059,77.2776744373314,5.0588235294117645,50.588235294117645
PRV57317,41,794,50,50,2,1,1,458,84,374,2022.5545851528384,926330,197.2297592997812,90134.0,352,1.8711790393013101,73.48689806885874,4.168122270742358,35.80786026200873
PRV57318,64,256,0,50,2,1,0,150,0,150,294.53333333333336,44180,2.2,330.0,131,0.86,74.31749942961443,4.44,22.0
PRV57319,102,493,9,5,2,1,0,279,16,263,636.0573476702509,177460,62.86021505376344,17538.0,254,1.6129032258064515,74.01346845951736,4.422939068100359,22.22222222222222
PRV57320,36,126,6,50,2,1,0,38,10,28,2745.0,104310,282.36842105263156,10730.0,38,2.9210526315789473,71.94610756871646,4.7631578947368425,44.73684210526316
PRV57321,37,191,11,50,2,1,0,84,15,69,2160.2380952380954,181460,192.73809523809524,16190.0,60,1.630952380952381,70.90942276979237,4.321428571428571,41.66666666666667
PRV57322,34,96,3,50,2,1,0,33,7,26,1842.121212121212,60790,232.9090909090909,7686.0,31,2.9696969696969697,72.96480202435028,4.0606060606060606,27.27272727272727
PRV57324,104,284,9,5,1,1,0,117,22,95,1825.2136752136753,213550,202.35897435897436,23676.0,112,2.324786324786325,73.16431199798755,4.247863247863248,35.8974358974359
PRV57325,29,102,0,50,1,1,0,41,0,41,282.4390243902439,11580,2.926829268292683,120.0,39,0.975609756097561,74.35789051935694,3.902439024390244,21.951219512195124
PRV57326,6,40,4,50,2,1,0,5,5,0,7400.0,37000,1068.0,5340.0,5,6.6,66.27022587268993,7.0,100.0
PRV57327,4,9,0,50,2,1,0,3,0,3,63.333333333333336,190,0.0,0.0,3,0.0,84.04380561259411,5.666666666666667,0.0
PRV57328,39,62,0,50,2,1,0,38,0,38,141.05263157894737,5360,4.473684210526316,170.0,38,0.02631578947368421,73.2721639828524,3.6052631578947367,21.052631578947366
PRV57329,36,75,0,5,2,1,0,36,0,36,318.6111111111111,11470,1.6666666666666667,60.0,35,1.1111111111111112,73.55122062514259,4.666666666666667,27.77777777777778
PRV57330,14,126,6,50,2,1,0,34,12,22,2222.6470588235293,75570,360.24242424242425,11888.0,28,4.970588235294118,77.61686193984781,5.264705882352941,58.82352941176471
PRV57331,115,285,15,13,2,1,0,141,16,125,1540.4255319148936,217200,122.68085106382979,17298.0,128,2.425531914893617,71.61943874058863,4.397163120567376,26.24113475177305
PRV57332,36,205,0,50,2,1,0,98,0,98,230.20408163265307,22560,1.836734693877551,180.0,89,1.4183673469387754,72.27236027881379,3.9183673469387754,26.53061224489796
PRV57333,17,1172,0,50,2,1,0,1004,0,1004,289.8605577689243,291020,2.808764940239044,2820.0,723,1.346613545816733,72.59197024359781,4.145418326693227,20.219123505976093
PRV57334,44,232,22,50,2,1,0,68,39,29,6618.823529411765,450080,601.0,39666.0,60,4.720588235294118,72.30349881225591,3.9705882352941178,64.70588235294117
PRV57335,52,984,8,50,2,1,1,807,3,804,352.75092936802974,284670,6.448574969021066,5204.0,306,1.5724907063197027,74.11656560876045,4.223048327137547,18.83519206939281
PRV57336,99,273,0,13,2,1,0,135,0,135,209.03703703703704,28220,5.2592592592592595,710.0,117,1.451851851851852,73.44615306613937,4.237037037037037,22.962962962962962
PRV57339,16,669,1,50,2,1,0,458,0,458,229.5414847161572,105130,3.034934497816594,1390.0,187,1.1244541484716157,72.27105918360637,4.277292576419214,20.305676855895197
PRV57340,33,151,14,50,2,1,0,41,17,24,4984.390243902439,204360,427.95,17118.0,39,2.1219512195121952,71.90337390026878,4.536585365853658,60.97560975609756
PRV57341,88,440,45,50,2,1,1,177,77,100,4612.146892655367,816350,461.3142857142857,80730.0,158,3.361581920903955,70.807225141823,4.796610169491525,53.10734463276836
PRV57343,38,156,0,2,1,1,0,75,0,75,494.53333333333336,37090,0.9333333333333333,70.0,55,3.2133333333333334,69.5768925393566,4.226666666666667,18.666666666666668
PRV57344,46,745,22,50,2,1,1,480,25,455,893.125,428700,58.458333333333336,28060.0,189,2.4270833333333335,73.19478667579283,4.402083333333334,23.125
PRV57345,51,289,28,50,1,1,1,88,43,45,5287.727272727273,465320,509.27906976744185,43798.0,82,3.7954545454545454,73.15235517391575,4.613636363636363,57.95454545454546
PRV57346,33,770,0,50,2,1,0,532,0,532,282.7631578947368,150430,3.1766917293233083,1690.0,447,1.593984962406015,73.40438879539711,4.137218045112782,20.48872180451128
PRV57347,109,292,8,50,2,1,0,145,17,128,1003.8620689655172,145560,126.93793103448276,18406.0,141,1.5034482758620689,73.51912955226699,4.172413793103448,28.27586206896552
PRV57348,7,1073,0,50,2,1,0,920,0,920,278.0108695652174,255770,3.1630434782608696,2910.0,638,1.367391304347826,72.42325685206677,4.190217391304348,18.043478260869566
PRV57350,15,115,4,50,2,1,0,46,9,37,1551.9565217391305,71390,213.95652173913044,9842.0,41,0.5434782608695652,70.35746808320685,4.456521739130435,36.95652173913043
PRV57351,16,68,0,13,2,1,0,34,0,34,593.5294117647059,20180,6.470588235294118,220.0,32,0.8235294117647058,72.66094939002295,4.088235294117647,23.52941176470588
PRV57352,20,95,3,13,2,1,0,44,3,41,569.3181818181819,25050,73.95454545454545,3254.0,41,1.2272727272727273,74.1721734801817,4.045454545454546,20.454545454545457
PRV57354,17,48,0,50,1,1,0,22,0,22,386.8181818181818,8510,0.0,0.0,21,1.6818181818181819,68.82994213179019,3.3181818181818183,22.727272727272727
PRV57355,7,69,0,50,2,1,0,34,0,34,477.6470588235294,16240,5.588235294117647,190.0,21,0.14705882352941177,78.15847324556105,4.735294117647059,17.647058823529413
PRV57356,24,128,0,50,2,1,0,67,0,67,351.7910447761194,23570,3.582089552238806,240.0,25,3.2686567164179103,63.68735378548735,4.08955223880597,19.402985074626866
PRV57357,2,105,8,50,1,1,0,16,15,1,7168.75,114700,1001.25,16020.0,13,4.0625,78.50513347022587,6.125,93.75
PRV57358,1,159,1,50,2,1,0,77,0,77,158.44155844155844,12200,1.2987012987012987,100.0,32,0.974025974025974,74.79075886468084,4.5064935064935066,24.675324675324674
PRV57359,1,204,0,50,2,1,0,102,0,102,337.15686274509807,34390,1.9607843137254901,200.0,67,1.7647058823529411,74.4482828038813,4.352941176470588,23.52941176470588
PRV57361,6,127,0,50,2,1,0,60,0,60,313.1666666666667,18790,1.0,60.0,32,2.5166666666666666,73.9741273100616,4.316666666666666,15.0
PRV57363,3,3,0,38,2,1,0,2,0,2,200.0,400,20.0,40.0,2,0.0,73.82340862422998,1.0,0.0
PRV57364,7,43,3,50,2,1,0,10,3,7,4265.0,42650,320.4,3204.0,9,1.4,72.71129363449691,5.0,40.0
PRV57365,10,337,0,50,2,1,0,183,0,183,312.89617486338796,57260,2.6775956284153004,490.0,84,2.1311475409836067,73.6361426225768,4.103825136612022,19.672131147540984
PRV57366,8,35,0,50,2,1,0,12,0,12,413.3333333333333,4960,0.0,0.0,7,0.0,79.72940908053845,5.083333333333333,25.0
PRV57367,5,32,0,50,2,1,0,11,0,11,733.6363636363636,8070,7.2727272727272725,80.0,8,1.9090909090909092,80.44701636488084,4.363636363636363,18.181818181818183
PRV57368,4,57,0,50,1,1,0,22,0,22,159.0909090909091,3500,0.0,0.0,22,0.0,71.74301536929873,3.5,18.181818181818183
PRV57369,20,98,9,50,2,1,0,28,11,17,4262.5,119350,426.7142857142857,11948.0,27,1.9285714285714286,71.41664222157036,4.285714285714286,46.42857142857143
PRV57371,1,2,0,50,2,1,0,1,0,1,70.0,70,0.0,0.0,1,0.0,68.91718001368925,5.0,0.0
PRV57372,10,126,10,50,2,1,0,32,15,17,3867.1875,123750,506.875,16220.0,28,3.96875,70.46406570841889,5.09375,53.125
PRV57373,2,3,0,50,1,1,0,2,0,2,400.0,800,0.0,0.0,2,0.0,69.78507871321013,7.0,100.0
PRV57374,6,10,0,50,2,1,0,6,0,6,133.33333333333334,800,0.0,0.0,5,3.3333333333333335,74.06753365274926,3.3333333333333335,16.666666666666664
PRV57375,11,191,3,50,2,1,0,81,6,75,891.604938271605,72220,81.08641975308642,6568.0,35,1.4074074074074074,70.04443092419363,4.91358024691358,28.39506172839506
PRV57376,9,50,0,50,1,1,0,20,0,20,253.0,5060,0.0,0.0,18,0.6,66.94496919917864,4.45,25.0
PRV57378,11,89,0,50,2,1,0,35,0,35,193.71428571428572,6780,3.4285714285714284,120.0,29,1.0571428571428572,71.51352302728073,4.571428571428571,20.0
PRV57379,16,76,2,50,2,1,0,28,3,25,2013.5714285714287,56380,114.42857142857143,3204.0,26,3.5357142857142856,67.20993448714188,4.428571428571429,28.57142857142857
PRV57380,7,168,0,50,2,1,0,87,0,87,262.98850574712645,22880,3.793103448275862,330.0,64,1.3333333333333333,74.06843053490365,4.540229885057471,24.137931034482758
PRV57381,2,98,0,50,2,1,0,49,0,49,380.40816326530614,18640,2.0408163265306123,100.0,12,3.0816326530612246,77.12609479109919,4.387755102040816,12.244897959183673
PRV57382,18,166,3,50,2,1,0,79,5,74,1263.4177215189873,99810,58.23076923076923,4542.0,45,1.0759493670886076,74.76654623588837,3.9746835443037973,20.253164556962027
PRV57385,2,181,0,50,1,1,0,90,0,90,243.66666666666666,21930,2.7777777777777777,250.0,41,0.6222222222222222,69.34440641873907,4.188888888888889,18.88888888888889
PRV57386,1,2,0,50,1,1,0,1,0,1,300.0,300,0.0,0.0,1,0.0,72.32306639288159,2.0,0.0
PRV57388,3,29,0,50,2,1,0,9,0,9,184.44444444444446,1660,11.11111111111111,100.0,7,2.3333333333333335,72.84234542550765,3.888888888888889,22.22222222222222
PRV57389,2,16,0,50,2,1,0,6,0,6,635.0,3810,0.0,0.0,4,0.0,76.11042664841433,3.8333333333333335,16.666666666666664
PRV57390,1,115,0,13,1,1,0,55,0,55,197.0909090909091,10840,3.4545454545454546,190.0,42,0.16363636363636364,72.91792670026756,4.2,23.636363636363637
PRV57391,1,58,0,50,2,1,0,19,0,19,251.57894736842104,4780,0.0,0.0,13,1.3157894736842106,74.70125004503043,4.631578947368421,31.57894736842105
PRV57392,2,4,0,50,1,1,0,2,0,2,35.0,70,0.0,0.0,2,0.0,76.81177275838468,5.5,0.0
PRV57393,2,24,0,50,1,1,0,5,0,5,560.0,2800,0.0,0.0,5,0.0,74.03696098562628,5.2,20.0
PRV57394,5,39,0,50,2,1,0,16,0,16,414.375,6630,0.0,0.0,15,3.8125,69.25547570157427,3.625,25.0
PRV57396,2,3,0,50,2,1,0,1,0,1,0.0,0,0.0,0.0,1,0.0,65.6208076659822,4.0,100.0
PRV57397,2,44,6,50,1,1,0,7,7,0,9285.714285714286,65000,1068.0,7476.0,7,2.7142857142857144,72.97741273100617,4.428571428571429,100.0
PRV57398,2,15,2,50,2,1,0,3,3,0,16866.666666666668,50600,1068.0,3204.0,3,2.6666666666666665,55.88592288386949,3.6666666666666665,100.0
PRV57399,3,9,1,50,1,1,0,1,1,0,57000.0,57000,1068.0,1068.0,1,15.0,57.47296372347707,7.0,100.0
PRV57400,3,59,4,50,1,1,0,8,8,0,8375.0,67000,1068.0,8544.0,6,4.125,76.04585900068446,6.125,100.0
PRV57401,1,56,10,50,2,1,0,8,8,0,8125.0,65000,1068.0,8544.0,8,6.0,75.9715947980835,5.125,100.0
PRV57402,1,1,0,50,2,1,0,1,0,1,20.0,20,0.0,0.0,1,0.0,70.67214236824093,2.0,0.0
PRV57403,11,100,12,50,1,1,0,15,15,0,11466.666666666666,172000,1068.0,16020.0,13,7.466666666666667,73.21086014145563,5.4,100.0
PRV57404,43,139,6,51,2,1,0,46,9,37,1614.1304347826087,74250,191.86666666666667,8634.0,43,1.673913043478261,69.70901407612416,4.391304347826087,43.47826086956522
PRV57405,31,73,0,36,2,1,0,32,0,32,177.8125,5690,3.125,100.0,27,0.9375,75.47039698836413,4.09375,18.75
PRV57406,27,253,23,51,2,1,0,68,46,22,7433.235294117647,505460,717.3134328358209,48060.0,58,3.6323529411764706,73.83983572895278,5.3088235294117645,70.58823529411765
PRV57407,21,381,0,51,2,1,0,217,0,217,289.6774193548387,62860,3.0414746543778803,660.0,103,1.8709677419354838,71.49234947340531,4.350230414746544,19.81566820276498
PRV57408,53,128,2,51,2,1,0,55,0,55,157.27272727272728,8650,2.0,110.0,50,0.6363636363636364,74.6583037769896,4.6,14.545454545454545
PRV57409,49,231,14,51,2,1,1,71,24,47,3079.154929577465,218620,361.01408450704224,25632.0,64,3.140845070422535,70.71980410870424,4.267605633802817,53.52112676056338
PRV57410,21,351,0,51,2,1,0,241,0,241,239.46058091286307,57710,2.2821576763485476,550.0,125,1.1369294605809128,71.65924550058081,4.452282157676349,29.87551867219917
PRV57411,26,66,0,36,2,1,0,29,0,29,295.17241379310343,8560,7.241379310344827,210.0,27,2.103448275862069,73.52649342679788,4.068965517241379,17.24137931034483
PRV57412,38,517,8,51,2,1,0,298,9,289,504.6308724832215,150380,36.5503355704698,10892.0,107,1.74496644295302,69.66249098484535,4.295302013422819,24.161073825503358
PRV57413,4,131,0,51,2,1,0,52,0,52,346.7307692307692,18030,1.3461538461538463,70.0,31,0.5384615384615384,68.62986363397042,4.596153846153846,26.923076923076923
PRV57414,26,122,12,51,1,1,0,28,18,10,7695.0,215460,686.5714285714286,19224.0,25,4.571428571428571,75.570059646035,5.428571428571429,71.42857142857143
PRV57415,9,188,0,51,1,1,0,86,0,86,454.5348837209302,39090,4.883720930232558,420.0,41,2.4069767441860463,70.5381468570428,4.651162790697675,15.11627906976744
PRV57416,6,19,0,51,1,1,0,7,0,7,171.42857142857142,1200,0.0,0.0,6,0.0,69.42954923242397,4.571428571428571,28.57142857142857
PRV57417,6,19,0,51,2,1,0,9,0,9,291.1111111111111,2620,0.0,0.0,9,0.0,74.25385960909574,3.6666666666666665,44.44444444444444
PRV57419,10,29,0,51,1,1,0,17,0,17,288.2352941176471,4900,5.882352941176471,100.0,17,1.1764705882352942,66.472118210734,4.176470588235294,11.76470588235294
PRV57421,32,84,0,51,2,1,0,35,0,35,230.85714285714286,8080,10.0,350.0,33,0.9714285714285714,72.69330204361005,5.228571428571429,22.857142857142858
PRV57422,12,206,0,51,2,1,0,104,0,104,323.2692307692308,33620,3.9423076923076925,410.0,60,1.2596153846153846,75.2619386089612,4.240384615384615,16.346153846153847
PRV57423,27,106,0,51,2,1,0,47,0,47,454.8936170212766,21380,6.808510638297872,320.0,41,3.5106382978723403,73.92296153902166,4.0638297872340425,27.659574468085108
PRV57424,15,92,0,51,2,1,0,38,0,38,312.89473684210526,11890,0.0,0.0,28,3.210526315789474,69.1323174465939,4.657894736842105,13.157894736842104
PRV57425,49,316,21,51,2,1,1,124,32,92,2788.064516129032,345720,269.3333333333333,33128.0,101,2.75,70.85295091740082,4.879032258064516,41.935483870967744
PRV57426,21,113,0,51,2,1,0,60,0,60,270.6666666666667,16240,2.0,120.0,33,0.36666666666666664,69.76623317362537,4.666666666666667,28.333333333333332
PRV57427,24,110,11,51,2,1,0,30,14,16,3786.3333333333335,113590,498.4,14952.0,27,3.1,74.74168377823409,5.3,56.666666666666664
PRV57429,46,294,0,51,2,1,0,154,0,154,269.4155844155844,41490,3.7662337662337664,580.0,80,1.7792207792207793,70.86366747557713,4.896103896103896,17.532467532467532
PRV57431,10,56,0,51,2,1,0,24,0,24,566.6666666666666,13600,0.0,0.0,19,1.7083333333333333,73.79557380789414,4.291666666666667,50.0
PRV57432,35,94,0,51,1,1,0,48,0,48,279.5833333333333,13420,2.2916666666666665,110.0,41,1.7708333333333333,70.50667351129364,4.25,14.583333333333334
PRV57433,57,177,11,51,1,1,0,70,16,54,2021.4285714285713,141500,249.82857142857142,17488.0,63,1.4714285714285715,69.28053192529578,4.142857142857143,35.714285714285715
PRV57434,10,493,0,51,2,1,0,316,0,316,265.7911392405063,83990,2.0569620253164556,650.0,151,1.3227848101265822,71.05375198190939,4.379746835443038,19.303797468354432
PRV57435,18,52,0,51,2,1,0,25,0,25,194.4,4860,0.4,10.0,21,1.84,74.57763175906912,4.12,40.0
PRV57436,27,69,0,51,1,1,0,41,0,41,267.0731707317073,10950,3.902439024390244,160.0,32,1.0,71.79886813241849,3.6341463414634148,21.951219512195124
PRV57437,25,85,3,51,2,1,0,27,6,21,2339.6296296296296,63170,244.74074074074073,6608.0,27,1.4074074074074074,65.91365629832433,4.888888888888889,44.44444444444444
PRV57438,5,47,4,51,2,1,0,14,4,10,1727.142857142857,24180,305.14285714285717,4272.0,11,2.7857142857142856,71.67595580326586,4.714285714285714,42.857142857142854
PRV57440,4,10,0,51,2,1,0,4,0,4,82.5,330,0.0,0.0,3,5.0,71.25188227241615,3.0,25.0
PRV57441,7,171,0,51,1,1,0,74,0,74,360.27027027027026,26660,0.0,0.0,39,1.6756756756756757,75.8066485376547,5.054054054054054,22.972972972972975
PRV57443,8,118,0,51,2,1,0,52,0,52,649.8076923076923,33790,2.3076923076923075,120.0,22,1.0,71.88379929447692,4.230769230769231,23.076923076923077
PRV57444,8,40,0,51,2,1,0,13,0,13,580.7692307692307,7550,0.0,0.0,13,2.3846153846153846,70.0468593692413,3.6923076923076925,15.384615384615385
PRV57445,8,70,0,51,2,1,0,30,2,28,738.3333333333334,22150,74.53333333333333,2236.0,20,0.9,65.65375313712069,3.7333333333333334,30.0
PRV57446,3,21,0,21,2,1,0,8,0,8,700.0,5600,0.0,0.0,7,5.0,79.41683778234086,5.75,25.0
PRV57447,6,16,0,51,1,1,0,9,0,9,471.1111111111111,4240,0.0,0.0,9,5.222222222222222,72.69267624914443,4.555555555555555,33.33333333333333
PRV57448,26,376,0,51,2,1,0,205,0,205,253.26829268292684,51920,2.5853658536585367,530.0,113,1.424390243902439,72.95749987479341,4.321951219512195,17.073170731707318
PRV57449,17,187,0,21,2,1,0,103,0,103,275.5339805825243,28380,3.3980582524271843,350.0,57,1.5533980582524272,73.69401194819349,3.8446601941747574,13.592233009708737
PRV57450,5,31,0,51,1,1,0,11,0,11,431.8181818181818,4750,7.2727272727272725,80.0,11,2.0,74.83417335573394,4.454545454545454,9.090909090909092
PRV57452,3,6,0,49,2,1,0,3,0,3,40.0,120,0.0,0.0,3,0.0,63.515400410677614,3.3333333333333335,0.0
PRV57453,5,44,0,51,1,1,0,17,0,17,167.64705882352942,2850,0.0,0.0,15,0.058823529411764705,70.45746265652052,4.235294117647059,29.411764705882355
PRV57454,2,78,0,51,2,1,0,42,0,42,133.57142857142858,5610,2.619047619047619,110.0,29,0.8095238095238095,66.81776995534696,3.3333333333333335,21.428571428571427
PRV57455,2,19,0,51,1,1,0,6,0,6,355.0,2130,16.666666666666668,100.0,6,3.3333333333333335,61.922883869495784,4.0,0.0
PRV57456,5,32,0,51,1,1,0,16,0,16,146.875,2350,0.0,0.0,15,0.5625,68.52464065708419,3.8125,25.0
PRV57459,1,27,0,51,1,1,0,11,0,11,418.1818181818182,4600,0.0,0.0,9,0.09090909090909091,76.74544210067823,5.545454545454546,45.45454545454545
PRV57460,3,84,0,51,2,1,0,36,0,36,217.77777777777777,7840,5.555555555555555,200.0,28,0.5555555555555556,69.26678834892387,4.666666666666667,33.33333333333333
PRV57461,1,0,0,51,1,1,0,1,0,1,0.0,0,0.0,0.0,1,0.0,77.04585900068446,3.0,0.0
PRV57462,3,31,0,51,1,1,0,10,0,10,156.0,1560,0.0,0.0,10,4.0,72.4788501026694,4.1,10.0
PRV57463,3,55,0,51,2,1,0,28,0,28,264.64285714285717,7410,2.857142857142857,80.0,26,0.10714285714285714,67.27173169062286,4.357142857142857,14.285714285714285
PRV57464,2,11,0,51,1,1,0,2,0,2,40.0,80,0.0,0.0,2,0.0,54.06570841889116,4.0,0.0
PRV57465,2,44,0,51,2,1,0,22,0,22,124.0909090909091,2730,2.272727272727273,50.0,19,0.9545454545454546,67.91325990915313,3.6818181818181817,27.27272727272727
PRV57467,1,4,0,51,1,1,0,1,0,1,40.0,40,0.0,0.0,1,0.0,51.92881587953457,0.0,0.0
PRV57468,3,41,0,21,1,1,0,12,0,12,191.66666666666666,2300,0.0,0.0,8,0.16666666666666666,80.4020077572439,5.5,25.0
PRV57469,1,126,0,51,2,1,0,58,0,58,380.17241379310343,22050,3.103448275862069,180.0,37,1.0517241379310345,74.42927612169275,4.327586206896552,13.793103448275861
PRV57470,4,31,0,51,2,1,0,12,0,12,134.16666666666666,1610,0.0,0.0,11,2.0,74.16198950490532,3.0833333333333335,41.66666666666667
PRV57471,1,2,0,51,1,1,0,2,0,2,175.0,350,0.0,0.0,2,0.0,61.790554414784395,3.0,0.0
PRV57472,2,9,0,51,1,1,0,4,0,4,425.0,1700,0.0,0.0,4,5.0,81.41615331964408,6.25,50.0
PRV57473,1,1,0,51,2,1,0,1,0,1,90.0,90,0.0,0.0,1,0.0,37.07871321013005,2.0,0.0
PRV57474,1,9,0,51,2,1,0,4,0,4,207.5,830,0.0,0.0,4,0.0,72.47501711156741,3.5,25.0
PRV57475,1,61,0,51,2,1,0,23,0,23,406.0869565217391,9340,0.0,0.0,16,2.6956521739130435,76.94646311341249,5.956521739130435,17.391304347826086
PRV57476,3,254,0,51,2,1,0,145,0,145,324.62068965517244,47070,3.6551724137931036,530.0,56,1.2,72.64558521560575,4.124137931034483,20.0
PRV57477,1,163,0,51,2,1,0,85,0,85,267.52941176470586,22740,2.0,170.0,42,1.6705882352941177,76.72147199742321,4.270588235294118,15.294117647058824
PRV57479,2,40,0,51,2,1,0,19,0,19,380.0,7220,0.0,0.0,17,1.4210526315789473,72.95709499621744,4.526315789473684,10.526315789473683
PRV57481,9,296,45,51,1,1,1,62,62,0,12516.129032258064,776000,1068.0,65148.0,52,6.435483870967742,76.16422688834426,5.596774193548387,100.0
PRV57484,1,27,0,51,2,1,0,9,0,9,121.11111111111111,1090,0.0,0.0,6,2.2222222222222223,81.39082819986311,5.888888888888889,11.11111111111111
PRV57485,1,20,0,51,2,1,0,10,0,10,167.0,1670,0.0,0.0,10,2.0,62.388501026694044,3.9,70.0
PRV57486,1,81,0,51,2,1,0,35,0,35,126.57142857142857,4430,3.7142857142857144,130.0,19,1.1714285714285715,73.02692871809914,3.6857142857142855,22.857142857142858
PRV57487,1,91,10,51,2,1,0,15,15,0,9333.333333333334,140000,1068.0,16020.0,14,7.933333333333334,75.43107460643394,4.933333333333334,100.0
PRV57488,2,12,0,51,2,1,0,5,0,5,108.0,540,0.0,0.0,5,0.0,80.60068446269679,5.0,0.0
PRV57489,7,101,7,51,2,1,0,17,17,0,10705.882352941177,182000,1068.0,18156.0,17,6.176470588235294,70.02729798284817,4.588235294117647,100.0
PRV57490,2,103,18,51,2,1,0,21,21,0,9580.952380952382,201200,1068.0,21360.0,19,4.761904761904762,69.6683941201395,5.761904761904762,100.0
PRV57491,37,220,0,52,2,1,0,116,0,116,265.7758620689655,30830,0.0,0.0,62,1.456896551724138,74.34666855483962,4.474137931034483,20.689655172413794
PRV57492,89,310,23,52,2,1,0,117,36,81,2974.6153846153848,348030,322.8448275862069,37450.0,95,2.3675213675213675,73.06333912494077,4.547008547008547,41.02564102564102
PRV57495,81,331,20,52,2,1,1,113,37,76,3544.5132743362833,400530,350.8495575221239,39646.0,99,2.3008849557522124,74.61447790033498,4.495575221238938,48.67256637168141
PRV57496,24,91,0,52,2,1,0,38,0,38,203.94736842105263,7750,2.6315789473684212,100.0,36,0.5526315789473685,73.88702763067835,4.131578947368421,15.789473684210526
PRV57499,16,40,0,52,2,1,0,18,0,18,496.6666666666667,8940,0.0,0.0,18,0.05555555555555555,66.91854893908283,4.722222222222222,16.666666666666664
PRV57500,56,158,0,52,2,1,0,79,0,79,330.253164556962,26090,1.518987341772152,120.0,78,0.7848101265822784,74.42407229312332,4.3164556962025316,26.582278481012654
PRV57501,37,121,0,52,2,1,0,64,0,64,183.4375,11740,3.59375,230.0,63,0.265625,75.034522587269,3.984375,31.25
PRV57502,99,599,60,52,2,1,1,260,114,146,4605.961538461538,1197550,460.234375,117820.0,235,2.9307692307692306,73.65658926973096,4.819230769230769,55.38461538461539
PRV57504,16,53,0,52,2,1,0,28,0,28,211.07142857142858,5910,3.5714285714285716,100.0,28,1.25,71.30751931162608,4.75,25.0
PRV57507,51,207,0,52,2,1,0,112,0,112,238.75,26740,1.6071428571428572,180.0,96,1.0982142857142858,76.43842280238584,4.5625,16.071428571428573
PRV57509,31,143,0,52,2,1,0,58,0,58,201.55172413793105,11690,1.0344827586206897,60.0,53,0.9827586206896551,75.46734640893105,4.206896551724138,22.413793103448278
PRV57510,147,517,27,52,2,1,0,247,43,204,1971.6194331983806,486990,186.49392712550608,46064.0,214,2.3643724696356276,74.72053692911793,4.218623481781377,30.76923076923077
PRV57512,31,199,0,52,2,1,0,108,0,108,225.27777777777777,24330,3.888888888888889,420.0,84,1.3425925925925926,72.70218267548863,4.194444444444445,22.22222222222222
PRV57514,39,126,0,52,2,1,0,51,0,51,294.70588235294116,15030,0.0,0.0,44,1.8235294117647058,74.09574425252647,4.0,19.607843137254903
PRV57515,76,222,13,52,2,1,0,88,19,69,1908.75,167970,231.5,20372.0,80,2.272727272727273,72.97750606682845,4.829545454545454,40.909090909090914
PRV57516,10,20,0,52,2,1,0,10,0,10,229.0,2290,0.0,0.0,10,0.8,79.47734428473647,4.3,10.0
PRV57517,37,120,0,52,2,1,0,60,0,60,337.1666666666667,20230,3.0,180.0,56,1.2166666666666666,67.80497376226329,4.45,28.333333333333332
PRV57518,24,185,2,52,1,1,0,97,2,95,702.3711340206186,68130,24.90721649484536,2416.0,47,1.0515463917525774,71.29374739798331,4.690721649484536,15.463917525773196
PRV57519,101,302,6,52,2,1,0,157,12,145,912.6114649681529,143280,84.56050955414013,13276.0,142,1.9681528662420382,74.73619412582778,4.1528662420382165,25.477707006369428
PRV57520,18,55,0,52,2,1,0,23,0,23,249.56521739130434,5740,2.608695652173913,60.0,23,0.6521739130434783,71.31434693330952,4.826086956521739,21.73913043478261
PRV57521,73,252,8,52,2,1,0,111,12,99,1091.4414414414414,121150,110.7090909090909,12178.0,105,2.135135135135135,73.55793575916779,4.1891891891891895,30.630630630630627
PRV57522,29,76,0,52,2,1,0,40,0,40,207.75,8310,0.25,10.0,40,0.9,73.44695414099931,4.225,17.5
PRV57523,66,310,12,52,2,1,0,151,15,136,1125.5629139072848,169960,89.02702702702703,13176.0,129,2.172185430463576,75.4229662165531,4.231788079470198,23.178807947019866
PRV57525,59,263,12,52,2,1,1,107,21,86,1998.3177570093458,213820,210.7289719626168,22548.0,78,2.1401869158878504,74.06515828999468,4.925233644859813,34.57943925233645
PRV57526,49,364,4,52,2,1,0,202,2,200,541.1386138613861,109310,12.554455445544555,2536.0,154,1.7326732673267327,75.06674527822392,4.396039603960396,18.81188118811881
PRV57527,46,413,33,52,2,1,1,165,51,114,4033.3333333333335,665500,331.6848484848485,54728.0,135,3.187878787878788,73.38628170825297,4.648484848484848,45.45454545454545
PRV57528,172,605,7,52,2,1,1,401,13,388,501.29675810473816,201020,37.11720698254364,14884.0,345,1.7556109725685785,73.94691232220612,4.531172069825437,21.94513715710723
PRV57529,57,448,0,52,2,1,0,295,0,295,255.38983050847457,75340,1.3559322033898304,400.0,188,1.7152542372881356,73.77435005046462,3.922033898305085,19.661016949152543
PRV57530,231,746,22,52,2,1,0,478,52,426,1057.7196652719665,505590,118.17154811715481,56486.0,391,1.5564853556485356,73.10758092554249,4.447698744769874,28.661087866108787
PRV57531,20,145,0,52,1,1,0,68,0,68,244.55882352941177,16630,2.3529411764705883,160.0,43,0.8382352941176471,69.43165438660063,4.794117647058823,32.35294117647059
PRV57532,3,555,0,52,2,1,0,351,0,351,317.83475783475785,111560,2.5925925925925926,910.0,157,2.111111111111111,74.89520310601762,4.262108262108262,19.37321937321937
PRV57533,35,266,19,52,2,1,0,108,22,86,2773.703703703704,299560,210.9158878504673,22568.0,83,2.1574074074074074,74.5833903718914,4.944444444444445,39.81481481481482
PRV57534,39,277,0,52,2,1,0,152,0,152,255.39473684210526,38820,2.6315789473684212,400.0,117,1.9078947368421053,72.59474404697575,4.4868421052631575,17.763157894736842
PRV57536,48,170,0,52,2,1,0,79,0,79,234.9367088607595,18560,0.759493670886076,60.0,71,1.5443037974683544,72.9565842712205,4.89873417721519,15.18987341772152
PRV57539,12,83,0,52,2,1,0,33,0,33,322.1212121212121,10630,3.0303030303030303,100.0,32,0.9393939393939394,73.31275796984217,4.303030303030303,9.090909090909092
PRV57540,21,80,0,52,2,1,0,39,0,39,191.28205128205127,7460,0.0,0.0,32,1.6666666666666667,70.83683462328226,3.6923076923076925,15.384615384615385
PRV57541,34,65,0,52,1,1,0,31,0,31,314.51612903225805,9750,3.225806451612903,100.0,24,0.3225806451612903,76.11657945287143,4.451612903225806,12.903225806451612
PRV57542,23,97,0,52,2,1,0,37,0,37,144.05405405405406,5330,0.8108108108108109,30.0,35,1.7297297297297298,72.4666925652552,4.72972972972973,29.72972972972973
PRV57543,223,644,30,52,2,1,1,354,46,308,1458.6440677966102,516360,134.86363636363637,47472.0,327,1.689265536723164,73.1994957404765,4.361581920903955,31.92090395480226
PRV57544,32,112,0,52,1,1,0,52,0,52,198.84615384615384,10340,0.0,0.0,47,0.6923076923076923,76.4310008950666,4.038461538461538,23.076923076923077
PRV57545,29,132,1,52,2,1,0,61,1,60,662.7868852459017,40430,19.147540983606557,1168.0,54,0.8688524590163934,72.29025706623578,4.508196721311475,27.86885245901639
PRV57546,16,49,0,52,2,1,0,18,0,18,295.0,5310,0.5555555555555556,10.0,18,1.2777777777777777,73.48726138869876,4.833333333333333,27.77777777777778
PRV57547,60,247,13,52,2,1,1,86,18,68,2721.860465116279,234080,224.58139534883722,19314.0,79,3.441860465116279,74.47769129140602,4.372093023255814,39.53488372093023
PRV57548,68,523,61,52,2,1,1,210,107,103,5090.714285714285,1069050,540.9615384615385,112520.0,180,3.3190476190476192,72.67361559271211,5.214285714285714,57.61904761904761
PRV57549,5,718,0,52,2,1,0,518,0,518,311.11969111969114,161160,2.0077220077220077,1040.0,324,1.223938223938224,73.49098174149509,4.223938223938224,19.498069498069498
PRV57550,14,58,0,52,2,1,0,29,0,29,209.31034482758622,6070,6.206896551724138,180.0,22,1.0344827586206897,72.41332106020911,4.103448275862069,13.793103448275861
PRV57551,64,248,0,52,2,1,0,132,0,132,320.6818181818182,42330,4.318181818181818,570.0,100,2.257575757575758,72.68836206002531,4.71969696969697,22.727272727272727
PRV57552,4,27,0,52,1,1,0,11,0,11,212.72727272727272,2340,0.0,0.0,11,1.8181818181818181,77.13123016613775,4.909090909090909,0.0
PRV57553,17,48,0,52,2,1,0,21,0,21,402.85714285714283,8460,1.9047619047619047,40.0,20,3.0952380952380953,77.71506795736775,4.9523809523809526,28.57142857142857
PRV57555,24,164,22,52,2,1,0,42,27,15,7875.714285714285,330780,687.047619047619,28856.0,39,2.880952380952381,73.7678041784818,5.166666666666667,71.42857142857143
PRV57557,11,187,0,52,1,1,0,97,0,97,213.4020618556701,20700,0.5154639175257731,50.0,39,1.2164948453608246,71.8937318740871,4.484536082474227,20.618556701030926
PRV57558,15,130,7,52,1,1,0,57,8,49,1606.842105263158,91590,151.64912280701753,8644.0,40,2.508771929824561,76.07324951667327,4.649122807017544,31.57894736842105
PRV57560,3,10,1,52,1,1,0,2,1,1,4500.0,9000,534.0,1068.0,2,1.0,63.875427789185494,6.5,50.0
PRV57561,7,48,1,52,2,1,0,17,1,16,988.8235294117648,16810,64.58823529411765,1098.0,17,3.3529411764705883,68.08229657366027,5.0,17.647058823529413
PRV57563,5,17,0,52,2,1,0,6,0,6,138.33333333333334,830,0.0,0.0,6,1.5,64.860141455624,5.333333333333333,16.666666666666664
PRV57564,7,20,0,52,2,1,0,7,0,7,40.0,280,0.0,0.0,7,0.0,74.47384374694435,3.857142857142857,28.57142857142857
PRV57565,6,14,0,52,2,1,0,6,0,6,1056.6666666666667,6340,8.333333333333334,50.0,6,1.1666666666666667,76.82089892767512,4.833333333333333,50.0
PRV57567,9,58,4,52,1,1,0,12,7,5,9357.5,112290,582.5454545454545,6408.0,11,4.75,76.16335843029889,5.083333333333333,75.0
PRV57568,23,161,12,52,2,1,0,47,18,29,2560.6382978723404,120350,412.0,19364.0,46,2.297872340425532,73.4666142397367,4.723404255319149,48.93617021276596
PRV57569,42,171,3,24,2,1,1,73,5,68,793.6986301369863,57940,73.97260273972603,5400.0,62,3.0273972602739727,76.79247653605618,4.698630136986301,24.65753424657534
PRV57570,3,13,0,52,2,1,0,4,0,4,107.5,430,0.0,0.0,4,5.0,67.19301848049281,3.0,0.0
PRV57571,1,1,0,52,2,1,0,1,0,1,400.0,400,0.0,0.0,1,0.0,79.62217659137578,2.0,0.0
PRV57572,55,451,0,52,2,1,0,265,0,265,302.07547169811323,80050,4.226415094339623,1120.0,207,1.2226415094339622,76.11183862177624,4.464150943396226,17.358490566037734
PRV57573,14,63,0,52,2,1,0,33,0,33,187.27272727272728,6180,0.9090909090909091,30.0,16,2.272727272727273,76.91112355588741,3.787878787878788,15.151515151515152
PRV57574,16,118,0,52,1,1,0,58,0,58,338.62068965517244,19640,3.2758620689655173,190.0,48,1.4655172413793103,73.59267388892823,3.8620689655172415,15.517241379310345
PRV57575,13,50,0,52,2,1,0,24,0,24,248.75,5970,1.25,30.0,13,0.8333333333333334,75.48288843258042,3.5416666666666665,8.333333333333332
PRV57576,15,53,0,52,2,1,0,22,0,22,196.36363636363637,4320,8.181818181818182,180.0,21,0.045454545454545456,71.73940638417024,4.318181818181818,31.818181818181817
PRV57577,2,156,0,52,2,1,0,73,0,73,408.35616438356163,29810,1.36986301369863,100.0,36,2.684931506849315,72.28844945758675,4.821917808219178,32.87671232876712
PRV57578,3,5,0,24,1,1,0,2,0,2,90.0,180,0.0,0.0,2,10.0,64.38740588637918,3.5,50.0
PRV57580,3,251,1,52,2,1,0,134,0,134,183.955223880597,24650,2.8358208955223883,380.0,83,1.126865671641791,73.3301051212112,4.029850746268656,19.402985074626866
PRV57581,10,31,0,52,2,1,0,15,0,15,158.0,2370,0.0,0.0,15,1.3333333333333333,70.73657312343144,4.0,20.0
PRV57583,7,36,0,52,2,1,0,14,0,14,220.0,3080,0.0,0.0,12,1.4285714285714286,79.43130927935856,3.857142857142857,14.285714285714285
PRV57584,11,117,2,52,2,1,0,43,3,40,668.8372093023256,28760,76.37209302325581,3284.0,25,0.6511627906976745,69.57069862948283,2.9069767441860463,18.6046511627907
PRV57585,6,273,0,52,2,1,0,140,0,140,315.85714285714283,44220,1.7142857142857142,240.0,71,1.5857142857142856,71.90259118020924,4.785714285714286,19.28571428571429
PRV57586,5,279,0,52,2,1,0,144,0,144,345.2083333333333,49710,1.1805555555555556,170.0,51,3.1805555555555554,73.36989504905316,4.215277777777778,17.36111111111111
PRV57588,2,5,0,52,1,1,0,2,0,2,265.0,530,0.0,0.0,2,10.0,76.12046543463381,5.0,50.0
PRV57590,25,193,3,52,2,1,0,76,3,73,441.05263157894734,33520,45.44736842105263,3454.0,60,1.8421052631578947,75.2987139306171,4.2631578947368425,22.36842105263158
PRV57592,12,155,0,52,2,1,0,79,0,79,213.67088607594937,16880,3.9240506329113924,310.0,64,1.1898734177215189,77.19734185879275,4.6075949367088604,12.658227848101266
PRV57593,20,86,6,52,2,1,0,26,6,20,3265.769230769231,84910,246.46153846153845,6408.0,21,3.1538461538461537,71.18127731269415,4.423076923076923,34.61538461538461
PRV57594,8,38,0,52,1,1,0,14,1,13,450.0,6300,79.14285714285714,1108.0,14,0.8571428571428571,71.27896743913172,4.071428571428571,28.57142857142857
PRV57595,14,133,0,52,2,1,0,56,0,56,183.03571428571428,10250,1.7857142857142858,100.0,24,1.2857142857142858,73.68998728854991,4.428571428571429,28.57142857142857
PRV57596,13,312,0,52,2,1,0,160,0,160,237.75,38040,2.0625,330.0,75,1.075,73.31548596851471,4.925,16.875
PRV57597,13,382,0,52,2,1,0,227,0,227,207.04845814977975,47000,2.8193832599118944,640.0,107,1.1762114537444934,75.07250781704643,4.8766519823788546,19.823788546255507
PRV57598,16,55,0,52,2,1,0,23,0,23,125.65217391304348,2890,4.3478260869565215,100.0,23,0.6521739130434783,73.48439127458857,3.5652173913043477,26.08695652173913
PRV57599,2,11,0,52,1,1,0,5,0,5,102.0,510,0.0,0.0,5,0.0,76.05968514715948,5.2,20.0
PRV57600,18,128,3,52,2,1,0,51,9,42,1470.5882352941176,75000,172.48,8624.0,46,1.5098039215686274,72.00971668612688,4.176470588235294,45.09803921568628
PRV57601,11,149,0,52,2,1,0,62,0,62,339.03225806451616,21020,1.1290322580645162,70.0,48,1.6774193548387097,74.97414497361507,4.080645161290323,29.03225806451613
PRV57602,8,92,0,52,2,1,0,38,0,38,236.05263157894737,8970,8.421052631578947,320.0,30,1.368421052631579,68.3789041391981,4.657894736842105,15.789473684210526
PRV57603,13,304,0,52,2,1,0,169,0,169,291.9526627218935,49340,1.183431952662722,200.0,76,0.6331360946745562,74.89933538267135,3.591715976331361,23.076923076923077
PRV57605,27,250,0,52,2,1,0,134,0,134,265.5970149253731,35590,1.2686567164179106,170.0,91,1.462686567164179,71.9100186950259,4.7164179104477615,23.134328358208954
PRV57609,2,7,0,52,1,1,0,2,0,2,1500.0,3000,0.0,0.0,2,7.0,72.82409308692677,3.5,0.0
PRV57610,7,89,0,52,2,1,0,32,0,32,234.375,7500,4.6875,150.0,16,0.71875,72.83752566735113,4.28125,12.5
PRV57611,14,294,2,52,2,1,0,134,0,134,287.46268656716416,38520,1.044776119402985,140.0,74,0.746268656716418,73.57326304820864,4.186567164179104,20.8955223880597
PRV57612,5,29,0,52,1,1,0,6,3,3,5248.333333333333,31490,534.0,3204.0,6,8.5,79.79374857403604,6.0,50.0
PRV57613,1,5,0,52,2,1,0,2,0,2,125.0,250,0.0,0.0,2,0.0,81.21971252566735,2.0,0.0
PRV57614,2,17,0,52,2,1,0,4,0,4,425.0,1700,0.0,0.0,2,0.0,64.06981519507187,7.5,0.0
PRV57615,2,4,0,52,1,1,0,2,0,2,55.0,110,0.0,0.0,2,0.0,79.58110882956879,5.0,50.0
PRV57616,1,12,0,52,2,1,0,7,0,7,91.42857142857143,640,0.0,0.0,7,1.0,61.96929695903002,5.571428571428571,28.57142857142857
PRV57617,3,14,0,52,1,1,0,3,0,3,43.333333333333336,130,0.0,0.0,3,6.666666666666667,72.80766598220397,5.666666666666667,33.33333333333333
PRV57618,2,383,0,52,2,1,0,220,0,220,251.27272727272728,55280,1.9090909090909092,420.0,95,1.0818181818181818,73.90212183436003,3.9318181818181817,21.818181818181817
PRV57619,2,40,0,52,2,1,0,21,0,21,120.0,2520,2.857142857142857,60.0,18,2.0,77.6266744890975,5.571428571428571,14.285714285714285
PRV57623,1,8,0,52,1,1,0,4,0,4,235.0,940,0.0,0.0,4,0.0,64.49075975359344,5.5,75.0
PRV57624,2,83,0,52,1,1,0,41,0,41,169.02439024390245,6930,1.7073170731707317,70.0,26,0.975609756097561,73.81359242750538,5.0,31.70731707317073
PRV57625,1,98,0,52,2,1,0,44,0,44,166.8181818181818,7340,5.2272727272727275,230.0,21,2.6363636363636362,74.7277082944434,4.818181818181818,13.636363636363635
PRV57626,3,18,0,52,2,1,0,6,0,6,150.0,900,11.666666666666666,70.0,6,0.0,71.29363449691992,3.3333333333333335,33.33333333333333
PRV57627,1,58,0,52,1,1,0,28,0,28,370.0,10360,4.642857142857143,130.0,28,0.14285714285714285,74.54864574166423,3.5,14.285714285714285
PRV57629,2,65,5,52,2,1,0,10,10,0,12230.0,122300,1068.0,9612.0,9,5.9,72.1886379192334,5.7,100.0
PRV57630,1,58,3,52,2,1,0,8,8,0,6500.0,52000,1068.0,8544.0,8,6.875,78.06570841889116,4.625,100.0
PRV57631,3,108,14,52,2,1,1,18,18,0,12611.111111111111,227000,1068.0,18156.0,17,5.388888888888889,73.89337592212335,5.555555555555555,100.0
PRV57632,2,7,2,52,2,1,0,1,1,0,6000.0,6000,1068.0,1068.0,1,2.0,87.854893908282,6.0,100.0
PRV57633,2,24,5,52,1,1,0,4,4,0,7750.0,31000,1068.0,4272.0,3,11.25,83.32785763175907,6.25,100.0
PRV57634,3,56,4,52,1,1,0,8,8,0,7250.0,58000,1068.0,8544.0,8,4.25,74.27789185489391,5.625,100.0
PRV57635,4,95,10,52,2,1,0,18,18,0,15277.777777777777,275000,1068.0,19224.0,16,4.388888888888889,73.29850178720815,6.166666666666667,100.0
PRV57636,3,34,1,52,2,1,0,5,5,0,5600.0,28000,1068.0,5340.0,5,4.2,75.52251882272415,4.4,100.0
PRV57638,3,59,7,52,2,1,0,9,9,0,8044.444444444444,72400,1068.0,9612.0,8,4.444444444444445,70.64811012244277,6.0,100.0
PRV57639,3,46,0,53,2,1,0,17,0,17,287.6470588235294,4890,0.0,0.0,14,2.235294117647059,74.0730361959979,4.823529411764706,17.647058823529413
PRV57640,15,53,2,27,2,1,0,15,5,10,3208.6666666666665,48130,356.0,5340.0,14,4.533333333333333,72.76532055669632,4.466666666666667,46.666666666666664
PRV57641,23,132,3,53,1,1,0,61,3,58,483.11475409836066,29470,54.81967213114754,3344.0,25,2.5081967213114753,73.76730512449367,3.540983606557377,22.950819672131146
PRV57642,56,414,18,53,2,1,1,220,23,197,1461.2272727272727,321470,114.83636363636364,25264.0,108,1.5136363636363637,73.00832555534814,4.159090909090909,23.636363636363637
PRV57643,14,232,3,53,2,1,0,109,7,102,723.5779816513761,78870,72.44036697247707,7896.0,31,1.724770642201835,71.07458131605222,4.4036697247706424,23.853211009174313
PRV57645,6,8,0,3,2,1,0,6,0,6,65.0,390,0.0,0.0,6,0.0,69.30412959160392,4.666666666666667,0.0
PRV57646,8,65,0,53,2,1,0,25,0,25,342.8,8570,8.8,220.0,11,0.68,67.99233401779603,2.12,28.000000000000004
PRV57647,23,86,0,53,2,1,0,46,0,46,185.43478260869566,8530,3.0434782608695654,140.0,16,0.43478260869565216,73.63836562211708,4.021739130434782,23.91304347826087
PRV57650,3,72,1,53,1,1,0,36,1,35,394.72222222222223,14210,32.44444444444444,1168.0,10,1.1666666666666667,68.54072553045859,4.694444444444445,33.33333333333333
PRV57651,8,44,0,53,1,1,0,22,0,22,144.54545454545453,3180,3.6363636363636362,80.0,14,0.22727272727272727,76.08574450874245,3.6363636363636362,13.636363636363635
PRV57652,4,39,0,53,2,1,0,15,0,15,326.6666666666667,4900,2.6666666666666665,40.0,6,2.1333333333333333,55.39749030344513,5.133333333333334,0.0
PRV57653,16,151,0,53,1,1,0,82,0,82,194.14634146341464,15920,1.0975609756097562,90.0,46,1.5609756097560976,75.65299410694313,3.2560975609756095,17.073170731707318
PRV57654,9,145,0,53,1,1,0,72,0,72,231.52777777777777,16670,2.7777777777777777,200.0,24,1.2222222222222223,74.30276066621036,3.1805555555555554,16.666666666666664
PRV57655,1,2,0,53,2,1,0,1,0,1,400.0,400,0.0,0.0,1,0.0,70.30527036276523,4.0,100.0
PRV57657,10,109,0,53,1,1,0,54,0,54,295.0,15930,1.4814814814814814,80.0,20,1.1666666666666667,70.80665196339392,4.296296296296297,20.37037037037037
PRV57658,7,96,0,53,1,1,0,51,0,51,317.05882352941177,16170,0.0,0.0,37,1.7647058823529411,73.35217618875065,3.7254901960784315,5.88235294117647
PRV57659,1,3,0,13,2,1,0,1,0,1,20.0,20,0.0,0.0,1,0.0,85.06228610540725,5.0,0.0
PRV57660,3,14,0,53,1,1,0,6,0,6,403.3333333333333,2420,0.0,0.0,5,0.6666666666666666,68.38831850330824,5.333333333333333,0.0
PRV57662,5,8,0,53,2,1,0,3,0,3,820.0,2460,0.0,0.0,3,0.0,73.29774127310061,7.0,66.66666666666666
PRV57663,1,11,0,53,2,1,0,3,0,3,136.66666666666666,410,0.0,0.0,3,1.3333333333333333,73.60803102897559,6.333333333333333,33.33333333333333
PRV57667,1,24,2,53,1,1,1,3,3,0,6666.666666666667,20000,1068.0,3204.0,2,11.0,76.60141455624002,7.666666666666667,100.0
PRV57668,2,57,0,5,2,1,0,23,0,23,285.6521739130435,6570,3.0434782608695654,70.0,19,0.8695652173913043,66.73118471565039,5.3478260869565215,17.391304347826086
PRV57669,1,15,0,5,1,1,0,3,0,3,83.33333333333333,250,0.0,0.0,3,0.0,65.34428473648187,5.333333333333333,0.0
PRV57670,1,5,0,5,1,1,0,1,0,1,20.0,20,0.0,0.0,1,0.0,67.38398357289527,5.0,0.0
PRV57671,1,13,0,5,2,1,0,6,0,6,121.66666666666667,730,0.0,0.0,6,0.0,72.83869495779146,5.333333333333333,33.33333333333333
PRV57672,1,645,0,5,2,1,1,425,0,425,278.09411764705885,118190,4.352941176470588,1850.0,342,1.2423529411764707,74.55509763659057,4.178823529411765,21.176470588235293
PRV57673,1,326,0,5,2,1,0,217,0,217,238.20276497695852,51690,2.0737327188940093,450.0,125,0.8986175115207373,72.20615890258865,4.341013824884793,18.433179723502306
PRV57674,3,617,0,5,2,1,0,413,0,413,322.5665859564165,133220,2.082324455205811,860.0,158,1.4043583535108959,73.83959044934231,4.762711864406779,16.94915254237288
PRV57675,1,8,0,5,1,1,0,3,0,3,550.0,1650,33.333333333333336,100.0,3,0.0,65.16632443531827,4.666666666666667,0.0
PRV57676,6,39,0,5,1,1,0,15,0,15,212.0,3180,0.0,0.0,15,3.066666666666667,75.64024640657084,4.666666666666667,20.0
PRV57677,1,373,1,5,2,1,0,226,0,226,326.9911504424779,73900,2.743362831858407,620.0,206,1.1150442477876106,73.74103081293575,4.438053097345133,15.929203539823009
PRV57678,2,31,0,5,2,1,0,9,0,9,441.1111111111111,3970,0.0,0.0,9,0.1111111111111111,74.68856947296372,4.555555555555555,11.11111111111111
PRV57679,1,9,0,5,1,1,0,1,0,1,400.0,400,0.0,0.0,1,0.0,76.04928131416838,5.0,0.0
PRV57680,2,56,0,5,1,1,0,19,0,19,492.63157894736844,9360,2.6315789473684212,50.0,18,2.263157894736842,71.42793328289923,4.052631578947368,5.263157894736842
PRV57682,2,9,0,5,2,1,0,3,0,3,1033.3333333333333,3100,0.0,0.0,3,6.666666666666667,64.17978553502168,3.3333333333333335,0.0
PRV57683,2,33,0,5,1,1,0,15,0,15,476.6666666666667,7150,0.0,0.0,14,1.4666666666666666,73.44722792607803,4.866666666666666,13.333333333333334
PRV57684,1,126,1,5,2,1,0,65,0,65,324.7692307692308,21110,2.769230769230769,180.0,58,0.47692307692307695,70.75162428263044,4.076923076923077,20.0
PRV57686,1,44,0,5,2,1,0,23,0,23,396.0869565217391,9110,6.521739130434782,150.0,22,0.8695652173913043,74.95318870338957,3.869565217391304,17.391304347826086
PRV57687,1,12,0,5,2,1,0,6,0,6,180.0,1080,11.666666666666666,70.0,6,0.0,65.40451745379876,4.833333333333333,16.666666666666664
PRV57688,1,29,0,5,2,1,0,12,0,12,352.5,4230,11.666666666666666,140.0,12,2.6666666666666665,74.33721195528177,4.333333333333333,25.0
PRV57689,5,118,0,5,1,1,0,53,0,53,290.188679245283,15380,3.7735849056603774,200.0,41,1.5660377358490567,73.98494182067077,4.264150943396227,32.075471698113205
PRV57690,2,6,0,5,2,1,0,4,0,4,1120.0,4480,0.0,0.0,3,0.0,68.53114305270363,5.25,50.0
PRV57691,3,113,0,5,2,1,0,51,0,51,235.09803921568627,11990,0.39215686274509803,20.0,20,0.49019607843137253,78.00802566064071,4.254901960784314,5.88235294117647
PRV57692,3,6,0,5,1,1,0,2,0,2,225.0,450,0.0,0.0,2,0.0,75.44421629021218,7.0,50.0
PRV57693,1,258,0,5,2,1,0,133,0,133,310.1503759398496,41250,2.556390977443609,340.0,117,1.6466165413533835,74.80637939818746,4.2330827067669174,18.045112781954884
PRV57694,3,38,0,5,2,1,0,18,0,18,175.0,3150,2.7777777777777777,50.0,18,1.3333333333333333,75.85763175906914,3.4444444444444446,16.666666666666664
PRV57696,4,3,0,54,2,1,0,3,0,3,33.333333333333336,100,0.0,0.0,3,0.0,78.12639744467259,4.333333333333333,33.33333333333333
PRV57697,28,254,25,45,2,1,1,66,48,18,7691.666666666667,507650,773.3230769230769,50266.0,60,4.03030303030303,72.50380602741998,4.893939393939394,75.75757575757575
PRV57699,2,27,4,45,1,1,0,3,3,0,8666.666666666666,26000,1068.0,3204.0,3,8.0,66.73693817020306,4.333333333333333,100.0
PRV57700,1,1,0,45,2,1,0,1,0,1,60.0,60,0.0,0.0,1,0.0,83.02258726899385,8.0,0.0
PRV57701,6,7,0,45,2,1,0,4,0,4,155.0,620,0.0,0.0,4,0.0,72.65776865160849,3.75,0.0
PRV57702,12,76,9,45,2,1,0,15,7,8,5388.666666666667,80830,498.4,7476.0,13,6.133333333333334,68.77335158567192,4.666666666666667,53.333333333333336
PRV57704,7,30,2,45,2,1,0,7,3,4,3824.285714285714,26770,457.7142857142857,3204.0,7,3.5714285714285716,78.43082037743228,5.142857142857143,57.14285714285714
PRV57705,2,11,0,45,1,1,0,2,0,2,200.0,400,0.0,0.0,2,0.0,55.2662559890486,4.5,0.0
PRV57706,5,20,0,45,1,1,0,5,0,5,608.0,3040,0.0,0.0,5,4.0,66.78713210130049,6.8,0.0
PRV57707,3,2,0,45,1,1,0,2,0,2,35.0,70,0.0,0.0,2,0.0,74.2340862422998,7.0,0.0
PRV57709,30,451,17,45,2,1,1,217,30,187,2034.700460829493,441530,145.84259259259258,31502.0,170,2.6451612903225805,72.37089677230102,4.534562211981567,29.953917050691242
PRV57710,12,583,0,45,2,1,0,409,0,409,271.76039119804403,111150,1.5158924205378974,620.0,336,1.6772616136919316,72.7876977452895,4.484107579462103,22.00488997555012
PRV57711,10,107,10,45,2,1,0,23,19,4,6782.608695652174,156000,882.2608695652174,20292.0,23,6.086956521739131,72.86908906942833,5.869565217391305,86.95652173913044
PRV57712,6,28,1,45,1,1,0,9,2,7,1307.7777777777778,11770,246.22222222222223,2216.0,9,0.8888888888888888,69.44801886074987,4.888888888888889,33.33333333333333
PRV57714,6,11,0,5,1,1,0,4,0,4,120.0,480,12.5,50.0,4,5.0,80.69062286105407,4.0,25.0
PRV57715,70,1133,35,45,2,1,0,860,42,818,800.2325581395348,688200,53.39697322467986,45868.0,387,1.486046511627907,73.6317431513936,4.398837209302326,25.813953488372093
PRV57716,7,33,0,45,1,1,0,11,0,11,321.8181818181818,3540,12.727272727272727,140.0,11,5.7272727272727275,71.35038267687138,5.363636363636363,9.090909090909092
PRV57717,18,261,9,45,2,1,0,114,15,99,1735.3508771929824,197830,134.26548672566372,15172.0,86,2.263157894736842,71.96539260540126,4.280701754385965,30.701754385964914
PRV57718,18,309,0,45,2,1,0,161,0,161,362.0496894409938,58290,4.037267080745342,650.0,61,1.8012422360248448,72.65931188116707,4.428571428571429,22.981366459627328
PRV57719,25,69,3,45,1,1,0,23,4,19,3427.391304347826,78830,192.2608695652174,4422.0,23,2.8260869565217392,71.15757521649853,5.0,43.47826086956522
PRV57720,12,35,0,45,1,1,0,14,0,14,333.57142857142856,4670,14.285714285714286,200.0,14,1.0,67.10491835337831,5.571428571428571,21.428571428571427
PRV57721,2,5,0,45,2,1,0,3,0,3,76.66666666666667,230,0.0,0.0,3,0.0,75.5728952772074,3.0,0.0
PRV57722,27,80,0,45,1,1,0,34,0,34,220.2941176470588,7490,0.0,0.0,32,0.6176470588235294,72.18303337762211,4.5,26.47058823529412
PRV57723,13,46,0,45,1,1,0,20,0,20,129.5,2590,0.0,0.0,19,0.0,71.08911704312115,4.35,45.0
PRV57724,1,3,0,37,1,1,0,2,0,2,40.0,80,0.0,0.0,2,0.0,74.2819986310746,6.0,0.0
PRV57725,6,11,0,45,2,1,0,7,0,7,248.57142857142858,1740,0.0,0.0,6,0.0,77.58091326879828,3.857142857142857,28.57142857142857
PRV57727,14,36,0,45,2,1,0,16,0,16,166.875,2670,0.0,0.0,16,0.0,74.91444216290212,4.75,18.75
PRV57728,5,12,0,45,1,1,0,4,1,3,1827.5,7310,267.0,1068.0,4,6.0,76.7419575633128,2.75,25.0
PRV57729,23,96,5,45,1,1,0,23,11,12,4969.565217391304,114300,510.7826086956522,11748.0,22,2.739130434782609,72.10618099574442,5.826086956521739,65.21739130434783
PRV57730,10,106,0,45,2,1,0,40,0,40,218.0,8720,2.0,80.0,23,0.675,71.52265571526353,4.275,12.5
PRV57731,1,1,0,45,2,1,0,2,0,2,75.0,150,0.0,0.0,2,0.0,81.96577686516085,4.0,0.0
PRV57732,22,140,8,45,2,1,0,50,11,39,1762.8,88140,237.16,11858.0,46,1.6,73.42417522245037,4.56,38.0
PRV57733,3,91,0,45,1,1,0,45,0,45,277.3333333333333,12480,2.2222222222222223,100.0,25,1.2,75.27769412122595,4.688888888888889,24.444444444444443
PRV57734,1,49,0,45,2,1,0,19,0,19,579.4736842105264,11010,7.368421052631579,140.0,19,3.1578947368421053,72.5043409344717,4.315789473684211,21.052631578947366
PRV57735,1,16,0,45,1,1,0,6,0,6,130.0,780,11.666666666666666,70.0,6,2.3333333333333335,76.80355920602328,4.333333333333333,16.666666666666664
PRV57736,1,32,0,45,2,1,0,12,0,12,249.16666666666666,2990,5.0,60.0,12,1.6666666666666667,75.82614647501711,4.25,25.0
PRV57737,1,7,0,45,2,1,0,2,0,2,65.0,130,0.0,0.0,2,0.0,83.38809034907598,6.0,50.0
PRV57738,1,2,0,45,1,1,0,1,0,1,10.0,10,0.0,0.0,1,0.0,70.48323066392882,2.0,0.0
PRV57739,1,23,0,45,2,1,0,11,0,11,638.1818181818181,7020,5.454545454545454,60.0,10,3.272727272727273,71.5818555161471,4.181818181818182,36.36363636363637
PRV57740,3,35,0,45,1,1,0,12,0,12,458.3333333333333,5500,0.0,0.0,12,7.25,71.97604380561259,4.0,8.333333333333332
PRV57741,2,35,0,45,2,1,0,15,0,15,152.66666666666666,2290,4.666666666666667,70.0,14,1.0666666666666667,73.35030800821355,3.6666666666666665,13.333333333333334
PRV57742,5,19,0,45,2,1,0,8,0,8,42.5,340,0.0,0.0,8,0.375,75.10027378507871,4.75,37.5
PRV57743,2,16,0,45,2,1,0,8,0,8,543.75,4350,7.5,60.0,8,1.625,78.83538672142367,4.875,25.0
PRV57744,2,63,0,45,2,1,0,19,0,19,447.89473684210526,8510,2.6315789473684212,50.0,17,2.3157894736842106,70.98800389063007,4.894736842105263,10.526315789473683
PRV57746,1,95,1,45,2,1,0,42,0,42,145.23809523809524,6100,3.3333333333333335,140.0,41,1.5714285714285714,73.80183175255044,4.4523809523809526,23.809523809523807
PRV57747,1,5,0,45,1,1,0,2,0,2,55.0,110,0.0,0.0,2,0.0,78.7214236824093,1.5,0.0
PRV57748,3,111,1,45,2,1,0,45,0,45,355.55555555555554,16000,5.333333333333333,240.0,44,1.7555555555555555,73.74851319491977,4.4222222222222225,20.0
PRV57751,3,9,0,45,1,1,0,4,0,4,57.5,230,25.0,100.0,4,1.0,78.64681724845995,5.5,0.0
PRV57752,1,4,0,45,1,1,0,1,0,1,80.0,80,0.0,0.0,1,0.0,50.12731006160164,7.0,0.0
PRV57753,1,1,0,45,1,1,0,1,0,1,80.0,80,0.0,0.0,1,0.0,88.82135523613962,2.0,0.0
PRV57754,1,11,0,45,2,1,0,6,0,6,345.0,2070,0.0,0.0,6,0.0,75.12525667351129,4.833333333333333,16.666666666666664
PRV57755,1,9,0,45,1,1,0,1,0,1,300.0,300,0.0,0.0,1,0.0,69.51403148528405,4.0,0.0
PRV57756,4,60,0,45,2,1,0,27,0,27,140.37037037037038,3790,5.925925925925926,160.0,27,0.7777777777777778,74.47613253225848,5.037037037037037,22.22222222222222
PRV57757,4,65,7,45,1,1,0,11,11,0,9909.09090909091,109000,1068.0,10680.0,11,6.2727272727272725,71.77350507124635,6.454545454545454,100.0
PRV57758,1,6,0,45,1,1,0,2,0,2,55.0,110,0.0,0.0,2,20.0,64.40520191649554,5.5,50.0
PRV57759,1,49,0,45,1,1,0,28,0,28,380.0,10640,4.642857142857143,130.0,24,2.142857142857143,73.42612691894007,5.25,10.714285714285714
PRV57760,3,47,0,45,1,1,0,22,0,22,216.8181818181818,4770,0.0,0.0,9,0.3181818181818182,60.97467488021903,3.5,31.818181818181817
PRV57761,7,182,0,10,2,1,0,82,0,82,225.2439024390244,18470,4.512195121951219,370.0,67,1.3902439024390243,71.49633562044039,4.841463414634147,21.951219512195124
PRV57762,1,1,0,21,1,1,0,1,0,1,1900.0,1900,0.0,0.0,1,0.0,67.73990417522245,5.0,100.0
PRV57763,1,218,0,21,2,1,0,118,0,118,369.5762711864407,43610,3.305084745762712,390.0,70,1.7203389830508475,73.59264028585018,4.593220338983051,16.101694915254235
